/*******************************************************************************
 * Size: 36 px
 * Bpp: 4
 * Opts: --bpp 4 --size 36 --font E:\UZ WATCH\Cinzel\static\Cinzel-Bold.ttf --range 0x20-0x7F --format lvgl --lv-include lvgl.h -o main\font_cinzel_bold_36.c
 ******************************************************************************/

#ifdef LV_LVGL_H_INCLUDE_SIMPLE
#include "lvgl.h"
#else
#include "lvgl.h"
#endif

#ifndef FONT_CINZEL_BOLD_36
#define FONT_CINZEL_BOLD_36 1
#endif

#if FONT_CINZEL_BOLD_36

/*-----------------
 *    BITMAPS
 *----------------*/

/*Store the image of the glyphs*/
static LV_ATTRIBUTE_LARGE_CONST const uint8_t glyph_bitmap[] = {
    /* U+0020 " " */

    /* U+0021 "!" */
    0xef, 0xfd, 0x26, 0x1, 0x84, 0x40, 0x1b, 0xdc,
    0x3, 0x8, 0x80, 0x31, 0x98, 0x3, 0x8, 0x80,
    0x33, 0xf8, 0x6, 0x11, 0x0, 0x63, 0x30, 0x6,
    0x11, 0x0, 0x73, 0x80, 0x42, 0x6, 0x1, 0x28,
    0x0, 0xc0, 0x18, 0x0, 0x50, 0x1, 0x80, 0x3c,
    0x0, 0x80, 0x4, 0x2, 0x0, 0x8a, 0xb8, 0x3,
    0x29, 0x80, 0x62, 0x10, 0x0, 0xee, 0xba, 0x2,
    0x8, 0x0, 0xe6, 0xa0, 0x19, 0x50, 0x3, 0x24,
    0x28, 0xd, 0x10,

    /* U+0022 "\"" */
    0x2, 0x46, 0x80, 0x1, 0xab, 0xb0, 0x4d, 0xcb,
    0x80, 0xe5, 0x46, 0x0, 0x80, 0x4, 0x4, 0x2,
    0xd0, 0xc, 0x80, 0x1c, 0x80, 0xc0, 0xe, 0x2,
    0x0, 0x9, 0x81, 0x1, 0xa0, 0x38, 0x2, 0x0,
    0xc4, 0x5c, 0x0, 0xc0, 0x46, 0x4, 0x3c, 0x20,
    0x2, 0xbd, 0x80, 0x1f, 0x8, 0x2, 0xc8, 0x0,
    0x80,

    /* U+0023 "#" */
    0x0, 0xf9, 0xfd, 0x40, 0x32, 0x7c, 0x0, 0x7f,
    0xb4, 0x1c, 0x3, 0x18, 0x68, 0x7, 0xf9, 0xc0,
    0x80, 0x37, 0x3, 0x80, 0x7f, 0x88, 0x80, 0x1c,
    0xa0, 0x40, 0x1f, 0xc4, 0xe, 0x1, 0xc6, 0x40,
    0x1f, 0xe7, 0xd, 0x0, 0xc4, 0xe, 0x1, 0xfe,
    0xd0, 0x30, 0xc, 0xe1, 0xa0, 0x1e, 0x8b, 0xb9,
    0x82, 0x2e, 0xf4, 0x5, 0x5d, 0xc4, 0x0, 0x34,
    0x48, 0x40, 0xd1, 0x31, 0x1, 0x22, 0x42, 0x0,
    0xbf, 0xf8, 0xf, 0xff, 0x88, 0x3f, 0xf1, 0x80,
    0x71, 0x82, 0x80, 0x71, 0x18, 0x7, 0xf9, 0x43,
    0xc0, 0x31, 0x82, 0x80, 0x7f, 0xbc, 0x14, 0x3,
    0x28, 0x78, 0x7, 0xf9, 0x40, 0xc0, 0x37, 0x2,
    0x80, 0x7f, 0x8c, 0x80, 0x38, 0xc0, 0xc0, 0x38,
    0xee, 0xf0, 0x1d, 0xdf, 0x20, 0x5d, 0xce, 0x0,
    0x74, 0x4c, 0x2, 0x89, 0xc0, 0x4, 0x4b, 0x40,
    0x9, 0xff, 0x40, 0x57, 0xfe, 0xb0, 0x7f, 0xfa,
    0x80, 0x3d, 0xa0, 0xe0, 0x18, 0xc3, 0x40, 0x3f,
    0xce, 0x4, 0x1, 0xb8, 0x1c, 0x3, 0xfc, 0x46,
    0x1, 0xca, 0x4, 0x1, 0xfc, 0x40, 0xa0, 0x1c,
    0x64, 0x1, 0xfe, 0x70, 0xe0, 0xc, 0x40, 0xe0,
    0x1f, 0xed, 0x3, 0x0, 0xce, 0x1a, 0x1, 0xfe,
    0x30, 0x50, 0xd, 0xa0, 0x60, 0x1f, 0x0,

    /* U+0024 "$" */
    0x0, 0xfe, 0x18, 0x20, 0xf, 0xfe, 0x19, 0x38,
    0x80, 0x7f, 0xf0, 0xdc, 0x4, 0x3, 0xff, 0x80,
    0x8c, 0xfc, 0x14, 0xa4, 0x1, 0xfa, 0x3e, 0xe6,
    0x14, 0x1e, 0xb7, 0xf4, 0x3, 0xe, 0xb8, 0x2,
    0x39, 0xc7, 0xa4, 0x41, 0x80, 0x36, 0x90, 0xe,
    0xb8, 0x88, 0xc5, 0xbc, 0x84, 0x2, 0x53, 0x0,
    0x49, 0x0, 0x8, 0x40, 0x3, 0x26, 0x1, 0x78,
    0x4, 0x60, 0x13, 0xb8, 0x2, 0x4e, 0x0, 0x9c,
    0x2, 0x30, 0x8, 0x44, 0x1, 0x9c, 0x2, 0x30,
    0xa, 0x10, 0x0, 0x64, 0x1, 0xf8, 0xc0, 0x35,
    0xb8, 0xf, 0x80, 0x7e, 0x40, 0xe, 0x8d, 0x1,
    0x0, 0xfd, 0x60, 0x1e, 0x20, 0xc0, 0xf, 0xc5,
    0x0, 0x1f, 0x2e, 0xa0, 0x7, 0xcf, 0x0, 0x1f,
    0x15, 0xc8, 0x80, 0x79, 0xf4, 0xc0, 0x3e, 0x6f,
    0x40, 0xf, 0x16, 0x48, 0x7, 0xc3, 0x6a, 0x1,
    0xf3, 0x69, 0x0, 0x7d, 0x42, 0x1, 0xf1, 0x20,
    0x7, 0xe9, 0x0, 0xfc, 0x47, 0xc8, 0x1, 0xc8,
    0xc, 0x1, 0xe7, 0x70, 0xdc, 0x0, 0x61, 0x8,
    0x0, 0xf0, 0x88, 0x0, 0xe8, 0x1, 0x8c, 0x4c,
    0x3, 0x8c, 0x80, 0x2e, 0x0, 0x99, 0x81, 0x40,
    0x1c, 0x3e, 0x1, 0xf6, 0x90, 0x31, 0x80, 0x42,
    0x2, 0x1, 0x60, 0x0, 0x58, 0x40, 0x1a, 0x60,
    0x3, 0x3, 0x0, 0x23, 0x0, 0x28, 0x1c, 0x80,
    0x72, 0x91, 0x80, 0x4e, 0x6c, 0x1, 0x48, 0x3,
    0xb2, 0x60, 0xb7, 0x60, 0xbc, 0x61, 0x7e, 0x50,
    0xc, 0xd9, 0xd7, 0x2a, 0xf, 0x59, 0xd0, 0x20,
    0x1f, 0xa, 0x36, 0x84, 0x29, 0x80, 0x7f, 0xf0,
    0x7c, 0x3, 0xff, 0x8b, 0xae, 0x1, 0xfc,

    /* U+0025 "%" */
    0x0, 0xe1, 0x57, 0x86, 0x20, 0xf, 0xc4, 0x1,
    0xfe, 0x9e, 0xac, 0x59, 0xda, 0x20, 0xc, 0xfd,
    0xa6, 0x1, 0xf0, 0xeb, 0x4, 0x5e, 0x88, 0x2e,
    0xe5, 0x5f, 0xe0, 0xa1, 0x80, 0x7d, 0x64, 0x4,
    0xe0, 0x4, 0x0, 0x37, 0xe7, 0x74, 0x10, 0x1,
    0xf1, 0xa8, 0x2, 0x80, 0x23, 0x0, 0x29, 0xb2,
    0x8c, 0x29, 0x80, 0x7d, 0x60, 0x12, 0x0, 0x78,
    0x40, 0x26, 0x28, 0x0, 0xfc, 0x80, 0x11, 0x80,
    0x44, 0x1, 0xe8, 0x62, 0x0, 0xfc, 0x40, 0x1,
    0x0, 0xcc, 0x0, 0x70, 0x3, 0x8c, 0x0, 0x7f,
    0xf0, 0x8, 0x2, 0x12, 0x0, 0x60, 0xc, 0x38,
    0x80, 0x7f, 0x18, 0x7, 0x9c, 0x2, 0x70, 0x90,
    0x90, 0xf, 0xf2, 0x80, 0x8, 0x2, 0xb0, 0x4,
    0x88, 0x9d, 0xc2, 0x1, 0xfe, 0x91, 0x1, 0x50,
    0x92, 0x7, 0x60, 0x81, 0x80, 0xf, 0xf8, 0x71,
    0x2, 0xbd, 0x93, 0x20, 0x9, 0xa4, 0x3, 0xff,
    0x82, 0x57, 0xfb, 0xaf, 0xb3, 0x0, 0x40, 0xb8,
    0x7, 0xff, 0x10, 0x88, 0x1, 0x8d, 0x60, 0x2,
    0x6c, 0xef, 0xe9, 0x10, 0xf, 0xfe, 0xc, 0x13,
    0x1, 0x6c, 0x9d, 0xd8, 0x5b, 0xc8, 0x3, 0xfe,
    0x34, 0x80, 0x1c, 0x20, 0xa5, 0x46, 0x1, 0x80,
    0xf, 0xfb, 0xc9, 0x42, 0xc4, 0x9, 0x40, 0x1e,
    0x0, 0x50, 0xf, 0xf2, 0x1c, 0x80, 0xa8, 0x1,
    0x40, 0x3e, 0x20, 0xf, 0xe9, 0x34, 0x4, 0x0,
    0xb0, 0x2, 0x10, 0xf, 0xfe, 0x2, 0x97, 0x80,
    0x34, 0x2, 0x60, 0xb, 0x80, 0x23, 0x0, 0xfd,
    0x8, 0x60, 0x1, 0x0, 0x88, 0x2, 0x50, 0x0,
    0x88, 0x3, 0xe6, 0x28, 0x0, 0x84, 0x3, 0xc2,
    0x60, 0x6, 0x0, 0xfd, 0xa, 0x60, 0x16, 0x80,
    0x79, 0x80, 0x29, 0x0, 0xf9, 0xc6, 0x0, 0x32,
    0x90, 0x1, 0x0, 0xa0, 0x1, 0x62, 0x1, 0xe1,
    0x86, 0x20, 0xe, 0xf2, 0xa, 0xa6, 0x81, 0xe2,
    0x0, 0x7e, 0x88, 0x0, 0x78, 0xb6, 0xe7, 0x67,
    0x70, 0xc0, 0x20,

    /* U+0026 "&" */
    0x0, 0xff, 0x1a, 0xbb, 0xca, 0x40, 0x1f, 0xfc,
    0x91, 0x9e, 0xca, 0x88, 0xab, 0x79, 0xc0, 0x3f,
    0xf8, 0xcb, 0xcc, 0x20, 0x33, 0xdf, 0xae, 0x31,
    0xc4, 0x1, 0xff, 0xc3, 0x4a, 0x0, 0xd8, 0xc2,
    0x5, 0x10, 0x1, 0x40, 0xf, 0xfe, 0x1c, 0x80,
    0x66, 0x20, 0xe, 0x72, 0x4, 0x0, 0xff, 0xe1,
    0x11, 0x0, 0x36, 0x0, 0x7d, 0x42, 0x40, 0x1f,
    0xfc, 0x26, 0x0, 0xe1, 0x0, 0xf9, 0x10, 0x1,
    0xff, 0xc9, 0x30, 0xf, 0x8b, 0xc0, 0x3f, 0xf8,
    0x6c, 0x1, 0xd4, 0x1, 0xf0, 0xa8, 0x7, 0xff,
    0xc, 0x88, 0x1, 0x89, 0x80, 0x3f, 0xf9, 0x96,
    0x1, 0xd2, 0x80, 0x1f, 0xfc, 0xb6, 0x10, 0xe,
    0xb3, 0x0, 0xe4, 0x8a, 0xae, 0x51, 0x0, 0xfa,
    0x38, 0x40, 0x3d, 0x86, 0x1, 0x92, 0x1d, 0x56,
    0x5, 0x10, 0xe, 0x1d, 0x71, 0x3, 0x0, 0xf6,
    0x20, 0x7, 0x48, 0x5, 0xa0, 0x1f, 0x61, 0x0,
    0x5b, 0x20, 0x1e, 0xb6, 0x0, 0xc8, 0x20, 0x1f,
    0xce, 0x40, 0x11, 0x8b, 0x48, 0x7, 0xa6, 0x0,
    0x31, 0x0, 0x7f, 0x50, 0x6, 0x60, 0x3, 0x50,
    0x7, 0x9e, 0x80, 0x27, 0x0, 0x10, 0x7, 0x88,
    0x3, 0xf2, 0xe0, 0x80, 0x72, 0xe0, 0x83, 0x80,
    0x1c, 0x3, 0xfe, 0x60, 0xc, 0x78, 0x40, 0x1c,
    0x7e, 0x66, 0x1, 0x20, 0xf, 0x8, 0x6, 0x30,
    0xe, 0x2c, 0x40, 0xe, 0x1c, 0x0, 0x38, 0x7,
    0xce, 0x1, 0xce, 0x1, 0xc3, 0x6c, 0x1, 0xfa,
    0xc0, 0x3e, 0xb0, 0xe, 0x81, 0x0, 0xf4, 0xc8,
    0x3, 0xeb, 0x0, 0xf8, 0xa8, 0x3, 0xb0, 0x40,
    0x3c, 0xd8, 0x20, 0x1c, 0xd8, 0x20, 0x1e, 0x5b,
    0x10, 0x8, 0xbd, 0x80, 0x3c, 0x72, 0x1, 0xe3,
    0xf3, 0x0, 0xf2, 0x74, 0x10, 0x0, 0x67, 0xe9,
    0xd9, 0x91, 0xb0, 0x2e, 0x40, 0x18, 0x72, 0x44,
    0x3, 0xcf, 0xb9, 0xa, 0x62, 0xb1, 0x30, 0x88,
    0xbe, 0x8d, 0xb6, 0x31, 0x0, 0x36, 0x20,

    /* U+0027 "'" */
    0x2, 0x57, 0x80, 0xca, 0x85, 0x3, 0x0, 0x38,
    0x18, 0x3, 0x0, 0x40, 0xe, 0x40, 0x7, 0x14,
    0x3, 0x80, 0xd5, 0xd0, 0x5, 0xd0, 0x80, 0x0,

    /* U+0028 "(" */
    0x0, 0xff, 0x10, 0x7, 0xe3, 0xae, 0x40, 0xf,
    0xd, 0x62, 0xeb, 0x0, 0x71, 0xfa, 0x85, 0x18,
    0x7, 0x1e, 0x8, 0x22, 0x80, 0x70, 0xe8, 0x5,
    0x0, 0x1e, 0xb1, 0x0, 0x11, 0x80, 0x71, 0x28,
    0x4, 0xa0, 0x1e, 0xb0, 0xd, 0x60, 0x1e, 0x70,
    0xc, 0x60, 0x1c, 0x62, 0x1, 0x8, 0x7, 0x90,
    0x3, 0x10, 0x7, 0xb8, 0x3, 0x30, 0x7, 0x88,
    0x3, 0xfe, 0x70, 0xc, 0x60, 0x1f, 0xf1, 0x80,
    0x79, 0xc0, 0x3f, 0xe2, 0x0, 0xc2, 0x1, 0xef,
    0x0, 0xcc, 0x1, 0xe5, 0x0, 0xc4, 0x1, 0xe3,
    0x10, 0xc, 0x20, 0x1e, 0x70, 0xc, 0xa0, 0x1e,
    0xb0, 0xd, 0x80, 0x1e, 0x25, 0x0, 0x94, 0x3,
    0xe8, 0x0, 0x88, 0x80, 0x1e, 0x29, 0x0, 0xa8,
    0x3, 0xe6, 0x60, 0x1, 0xc4, 0x3, 0xe9, 0x60,
    0x4, 0x0, 0x7e, 0x99, 0x3, 0x20, 0x7, 0xe6,
    0xe6, 0xb4, 0x0, 0xfc, 0x33, 0xc4, 0x0,

    /* U+0029 ")" */
    0x20, 0xf, 0xf8, 0x76, 0xd4, 0x3, 0xf1, 0xe3,
    0x56, 0x98, 0x7, 0xc3, 0xe0, 0x58, 0xc0, 0x1f,
    0x14, 0x0, 0x25, 0x80, 0x3e, 0x71, 0x0, 0x49,
    0x80, 0x7c, 0xe0, 0x17, 0x0, 0x7d, 0x40, 0x11,
    0x30, 0x7, 0x8c, 0x3, 0x58, 0x7, 0xc6, 0x1,
    0x11, 0x80, 0x79, 0x40, 0x35, 0x80, 0x7b, 0x80,
    0x31, 0x80, 0x78, 0x40, 0x33, 0x0, 0x78, 0xc0,
    0x31, 0x0, 0x7f, 0xf4, 0x8c, 0x3, 0xfe, 0x10,
    0xc, 0x40, 0x1e, 0xe0, 0xc, 0xc0, 0x1e, 0x20,
    0xd, 0x80, 0x1e, 0x60, 0xc, 0xa0, 0x1e, 0x20,
    0x8, 0x88, 0x1, 0xc8, 0x1, 0xac, 0x3, 0xd8,
    0x1, 0xb, 0x0, 0x79, 0x80, 0x2b, 0x0, 0xf2,
    0x8, 0x1, 0x54, 0x1, 0xe8, 0x0, 0x1d, 0x0,
    0x79, 0x4c, 0xf, 0x0, 0x3c, 0x36, 0xd, 0x80,
    0x1e, 0x1c, 0x2c, 0x90, 0xf, 0x93, 0xf0, 0xc0,
    0x3f, 0x0,

    /* U+002A "*" */
    0x0, 0xc7, 0x32, 0x30, 0xf, 0xd6, 0xcc, 0xb0,
    0xf, 0xda, 0x0, 0xe0, 0xc, 0x3a, 0xe0, 0xc0,
    0x5, 0x7, 0xd2, 0x82, 0x8e, 0x62, 0x16, 0xe8,
    0x28, 0x30, 0x0, 0xd3, 0x15, 0x8, 0x0, 0x6e,
    0xd0, 0xcd, 0xb, 0x32, 0x2e, 0x85, 0x1f, 0xd8,
    0x0, 0xde, 0xe8, 0x20, 0x6, 0x90, 0x77, 0x4,
    0xb0, 0x4, 0x92, 0x0, 0x99, 0x0, 0x25, 0x0,
    0x8, 0x40, 0xa6, 0x65, 0x2, 0x40, 0xb, 0x6a,
    0x0, 0x11, 0x5a, 0x0,

    /* U+002B "+" */
    0x0, 0xf1, 0xc2, 0x80, 0x7f, 0xf0, 0x15, 0xf8,
    0x3, 0xff, 0xfe, 0x1, 0xe9, 0xff, 0xe9, 0x4,
    0xff, 0xee, 0x0, 0xff, 0xe1, 0xcf, 0xff, 0x48,
    0x27, 0xff, 0x70, 0x7, 0xff, 0xfc,

    /* U+002C "," */
    0x9, 0xfe, 0x60, 0x2, 0x30, 0xc, 0xa8, 0x10,
    0x6, 0xe0, 0x40, 0xc, 0xa0, 0x4e, 0x1, 0x18,
    0x2, 0x0, 0x27, 0x0, 0x84, 0x1, 0x0, 0x4,
    0x10, 0x92, 0x3, 0x95, 0xc6, 0x0, 0x1e, 0xd1,
    0x80, 0x40,

    /* U+002D "-" */
    0x36, 0x6f, 0xf0, 0xfc, 0xcf, 0xf9, 0x98, 0x1,
    0xfe, 0x20,

    /* U+002E "." */
    0x0, 0x11, 0x0, 0x2b, 0xdd, 0x58, 0x32, 0x0,
    0x11, 0xfc, 0x3, 0x76, 0x0, 0x6c, 0x58, 0x11,
    0x3a, 0x80,

    /* U+002F "/" */
    0x0, 0xff, 0xe0, 0xca, 0x0, 0x7f, 0xf0, 0x59,
    0x90, 0x1, 0xff, 0xc1, 0xb0, 0x80, 0xf, 0xfe,
    0x3, 0x11, 0xa0, 0x7, 0xff, 0x2, 0x2, 0x0,
    0x3f, 0xf8, 0xc, 0x26, 0x80, 0x1f, 0xfc, 0x8,
    0xf, 0x0, 0xff, 0xe0, 0x38, 0xa1, 0x80, 0x7f,
    0xf0, 0x24, 0x20, 0x3, 0xff, 0x80, 0xe2, 0x86,
    0x1, 0xff, 0xc0, 0x90, 0x80, 0xf, 0xfe, 0x3,
    0x8a, 0x18, 0x7, 0xff, 0x2, 0x42, 0x0, 0x3f,
    0xf8, 0xe, 0x2a, 0x60, 0x1f, 0xf0, 0xc0, 0x40,
    0x7, 0xff, 0x2, 0x41, 0x48, 0x3, 0xfe, 0x17,
    0x8, 0x0, 0xff, 0xe0, 0x48, 0x29, 0x0, 0x7f,
    0xc2, 0xe1, 0x0, 0x1f, 0xfc, 0x9, 0x6, 0x20,
    0xf, 0xf8, 0x5c, 0x2c, 0x3, 0xff, 0x81, 0x0,
    0xc4, 0x1, 0xff, 0xb, 0x4, 0x0, 0x7f, 0xf0,
    0x20, 0x18, 0x40, 0x3f, 0xe1, 0x60, 0x80, 0xf,
    0xfe, 0x3, 0x3, 0x88, 0x7, 0xff, 0x1, 0xf2,
    0x40, 0x3f, 0xf8, 0x20,

    /* U+0030 "0" */
    0x0, 0xfc, 0x8c, 0xee, 0x52, 0x0, 0xff, 0xe0,
    0xc, 0xfd, 0xcc, 0x42, 0xb7, 0x4a, 0x1, 0xfc,
    0x9e, 0xc0, 0x37, 0xfc, 0xc0, 0x55, 0x40, 0xf,
    0x8e, 0xc4, 0x1, 0x88, 0x3, 0x2a, 0x0, 0x5b,
    0x0, 0xe1, 0xd0, 0x9, 0x88, 0x3, 0x58, 0x4,
    0x90, 0x1, 0xa0, 0x40, 0x2b, 0x0, 0xe1, 0x50,
    0x9, 0xc8, 0x0, 0x2c, 0x1, 0x9, 0x0, 0x7b,
    0x0, 0x35, 0x80, 0x18, 0x3, 0x28, 0x7, 0xca,
    0x1, 0x98, 0x1, 0x60, 0x18, 0xc0, 0x3e, 0x30,
    0xe, 0x40, 0x30, 0xd, 0xc0, 0x1f, 0x84, 0x3,
    0x19, 0x0, 0x71, 0x80, 0x7e, 0x30, 0xd, 0xac,
    0x1, 0xc2, 0x1, 0xf8, 0x40, 0x33, 0x8, 0x7,
    0x38, 0x7, 0xff, 0x4, 0x40, 0x3f, 0xf8, 0x6e,
    0x1, 0xff, 0xc8, 0x70, 0xe, 0x10, 0xe, 0x70,
    0xf, 0xfe, 0x8, 0xb0, 0x7, 0x8, 0x7, 0xe1,
    0x0, 0xcc, 0x40, 0x1c, 0x60, 0x1f, 0x8c, 0x3,
    0x68, 0x18, 0x6, 0xe0, 0xf, 0xc2, 0x1, 0x8c,
    0x2c, 0x3, 0x18, 0x7, 0xc6, 0x1, 0xc8, 0xc,
    0x1, 0x94, 0x3, 0xe5, 0x0, 0xcc, 0x0, 0x16,
    0x0, 0x84, 0x80, 0x3d, 0x80, 0x1a, 0xc0, 0x28,
    0x10, 0xa, 0xc0, 0x38, 0x54, 0x2, 0x72, 0x0,
    0x87, 0x40, 0x26, 0x20, 0xd, 0x60, 0x12, 0x40,
    0x7, 0x1e, 0x8, 0x3, 0x10, 0x6, 0x54, 0x0,
    0xb6, 0x1, 0xf1, 0xfb, 0x0, 0xdf, 0xf3, 0x1,
    0xd5, 0x0, 0x3f, 0x86, 0x7e, 0xe6, 0x21, 0x5b,
    0x8a, 0x1, 0xc0,

    /* U+0031 "1" */
    0x0, 0xfc, 0xa0, 0x1f, 0x8e, 0x3a, 0xc0, 0x22,
    0x79, 0xcf, 0xc7, 0x10, 0xc, 0x4f, 0x44, 0x1,
    0xfe, 0x36, 0x0, 0xff, 0xbc, 0x3, 0xff, 0xfe,
    0x1, 0xff, 0xff, 0x0, 0xff, 0xff, 0x80, 0x34,
    0x3, 0x8, 0x80, 0x2, 0xb4, 0xa0, 0x1d, 0x8c,
    0x60,

    /* U+0032 "2" */
    0x0, 0xe1, 0x46, 0x77, 0x32, 0x8, 0x7, 0xf0,
    0xbe, 0xf5, 0xcc, 0x42, 0x6f, 0xad, 0x0, 0x3c,
    0xfd, 0x4, 0xfb, 0xfe, 0xb3, 0x0, 0x25, 0xd8,
    0x40, 0x22, 0x80, 0x5, 0xc1, 0x0, 0x13, 0x10,
    0x2, 0x4d, 0x0, 0x88, 0x80, 0xc8, 0x1, 0xea,
    0x0, 0xc7, 0x0, 0x12, 0x85, 0x80, 0x7c, 0x28,
    0x1, 0x9c, 0x2, 0xb0, 0x20, 0xf, 0xc6, 0x1,
    0xc6, 0x0, 0x34, 0x0, 0xfe, 0xf0, 0xe, 0x70,
    0xb, 0xc0, 0x3f, 0xbc, 0x3, 0x9c, 0x2, 0x40,
    0xf, 0xe3, 0x0, 0xe2, 0x0, 0xff, 0xe0, 0xa,
    0x0, 0x63, 0x10, 0xf, 0xfe, 0x3, 0x0, 0x74,
    0x80, 0x7f, 0xf0, 0x64, 0x3, 0x1a, 0x80, 0x7f,
    0xf0, 0x1c, 0x40, 0x37, 0x0, 0x7f, 0xf0, 0xa,
    0x0, 0x35, 0x10, 0x7, 0xff, 0x3, 0x80, 0x34,
    0xa8, 0x7, 0xff, 0x2, 0xc, 0x2, 0x96, 0x0,
    0xff, 0xe0, 0x23, 0x80, 0x52, 0xc0, 0x1f, 0xfc,
    0x2, 0xa0, 0x0, 0xdb, 0x0, 0x7a, 0x0, 0x38,
    0x7c, 0x40, 0xb1, 0x0, 0x3c, 0xc0, 0x1e, 0xa2,
    0x5, 0xd2, 0x0, 0xf3, 0x4e, 0x0, 0x6a, 0x40,
    0x10, 0xaa, 0xfb, 0x64, 0x10, 0x2, 0x85, 0x0,
    0xa, 0xaf, 0xe2, 0x4, 0x0, 0x9d, 0xc0, 0x1f,
    0xfc, 0x2c, 0x0, 0x2c, 0x0, 0x7f, 0xf0, 0xd0,
    0xe, 0x80, 0x3f, 0xf8, 0x86, 0x0,

    /* U+0033 "3" */
    0x0, 0xe4, 0x67, 0x79, 0x44, 0x3, 0xf1, 0xdf,
    0xdc, 0xc4, 0x55, 0xd8, 0xa0, 0x1d, 0x58, 0x8f,
    0xbf, 0xb2, 0x20, 0x3, 0xaa, 0x0, 0x4a, 0xa0,
    0x88, 0x10, 0x13, 0x78, 0x80, 0x4b, 0x0, 0x4,
    0x1, 0x70, 0xe, 0x18, 0x0, 0xce, 0x20, 0x24,
    0xe0, 0x1f, 0x20, 0x7, 0x38, 0x1, 0x78, 0x3,
    0xe3, 0x0, 0xe1, 0x0, 0x61, 0x0, 0x7c, 0x60,
    0x1c, 0x20, 0x4, 0x70, 0xf, 0x90, 0x3, 0x94,
    0x2, 0x20, 0xf, 0xc, 0x0, 0x63, 0x30, 0x7,
    0xf0, 0xe8, 0x80, 0x43, 0xc0, 0x1f, 0xcd, 0xe6,
    0x1, 0x1e, 0x10, 0x7, 0x8a, 0xba, 0x44, 0x2,
    0x6d, 0x20, 0xf, 0x8a, 0xbb, 0x5c, 0x2, 0x6e,
    0x80, 0xf, 0xf1, 0x46, 0x88, 0x4, 0xf6, 0x1,
    0xff, 0x16, 0x80, 0x64, 0x80, 0xf, 0xf8, 0xd0,
    0x3, 0x38, 0x7, 0xff, 0x3, 0x0, 0x39, 0x0,
    0x3f, 0xe1, 0x0, 0xe1, 0x0, 0xff, 0xe8, 0xe0,
    0x7, 0x30, 0x7, 0xfc, 0x80, 0x1c, 0x60, 0x1f,
    0xe8, 0x10, 0xc, 0xe0, 0x1f, 0xe5, 0x70, 0xc,
    0x30, 0x1, 0xfc, 0xd4, 0x1, 0x87, 0x0, 0x3f,
    0x1d, 0xc8, 0x6, 0x3c, 0x20, 0x8, 0x49, 0x63,
    0x71, 0x0, 0x22, 0x9c, 0x20, 0x8, 0x5a, 0x6d,
    0xc8, 0x4, 0xdf, 0x35, 0x80, 0x38, 0x5e, 0xfb,
    0xfe, 0xec, 0x83, 0x0, 0xf8,

    /* U+0034 "4" */
    0x0, 0xff, 0xe2, 0x40, 0x7, 0xff, 0x22, 0x5c,
    0x40, 0x3f, 0xf8, 0xd0, 0xc0, 0x1f, 0xfc, 0x77,
    0x70, 0x7, 0xff, 0x1d, 0xa0, 0x3, 0xff, 0x8e,
    0xb2, 0x1, 0xff, 0xc7, 0x4a, 0x0, 0xff, 0xe3,
    0xa5, 0x80, 0x7f, 0xf1, 0xce, 0xc5, 0xc0, 0x3f,
    0xf8, 0xa5, 0xa1, 0xba, 0x0, 0xff, 0xe2, 0x16,
    0xd, 0x98, 0x7, 0xff, 0x10, 0x7c, 0x6d, 0x0,
    0x3f, 0xf8, 0x83, 0x85, 0x48, 0x1, 0xff, 0xc5,
    0xd2, 0x95, 0x0, 0xff, 0xe2, 0xd9, 0xc3, 0x0,
    0x7f, 0xf0, 0x6, 0x80, 0x2a, 0x40, 0x8f, 0xfe,
    0xa0, 0xe, 0xef, 0xe7, 0x0, 0x4a, 0x80, 0x7f,
    0xf1, 0x50, 0x21, 0x80, 0x3f, 0xf8, 0xd8, 0x11,
    0xdd, 0xfe, 0x90, 0xe, 0xde, 0xe2, 0x80, 0x4,
    0x7f, 0xc6, 0x1, 0xc6, 0x22, 0x0, 0xff, 0xff,
    0x80, 0x7f, 0xf3, 0xb0, 0x3, 0x94, 0x3, 0xff,
    0x82, 0x70, 0xc0, 0x1d, 0x4c, 0x40, 0x0,

    /* U+0035 "5" */
    0x0, 0xff, 0xe2, 0x9, 0x0, 0x7f, 0xf1, 0x2c,
    0x3, 0xfc, 0x46, 0x8a, 0xf1, 0x88, 0x40, 0x18,
    0xf3, 0xbf, 0xdb, 0x97, 0x50, 0xe6, 0x80, 0x1c,
    0x86, 0x20, 0x1f, 0xda, 0x1, 0xd8, 0x1, 0xff,
    0x20, 0x7, 0x20, 0x7, 0xc2, 0x48, 0xa6, 0x1,
    0x8c, 0x6, 0xaf, 0x3b, 0xfd, 0xdb, 0x74, 0x1,
    0xca, 0x8, 0xa8, 0x62, 0x1, 0xff, 0x60, 0x60,
    0x7, 0xff, 0xd, 0x1, 0xc0, 0x3f, 0xf8, 0x44,
    0x21, 0x19, 0xdf, 0xee, 0xb7, 0x10, 0xf, 0x20,
    0x1, 0x8c, 0x40, 0x2, 0x91, 0xd0, 0x1, 0xde,
    0x1, 0xff, 0x3d, 0x80, 0x64, 0x0, 0x11, 0x90,
    0x7, 0xc9, 0x20, 0x12, 0x5f, 0xee, 0x6f, 0x48,
    0x80, 0x73, 0x10, 0x2, 0x50, 0x3, 0xb, 0x60,
    0x80, 0x75, 0x0, 0x7f, 0x8a, 0x0, 0x38, 0xc0,
    0x3f, 0xe7, 0x0, 0xe7, 0x0, 0xff, 0x84, 0x3,
    0xff, 0x8a, 0x40, 0x1c, 0xc0, 0x1f, 0xf3, 0x80,
    0x76, 0x80, 0x7f, 0xd2, 0x1, 0xcc, 0x1, 0xfe,
    0x63, 0x0, 0xcc, 0x20, 0x1f, 0xcb, 0x20, 0x18,
    0xa4, 0x3, 0xfa, 0x28, 0x3, 0x1e, 0x0, 0x7e,
    0x5d, 0x70, 0xc, 0xd8, 0x20, 0x18, 0x96, 0x7a,
    0x88, 0x2, 0x5d, 0x90, 0xe, 0x7e, 0xb6, 0x11,
    0x1b, 0x57, 0x51, 0x0, 0x70,

    /* U+0036 "6" */
    0x0, 0xff, 0xe0, 0xa, 0x33, 0xb0, 0x7, 0xff,
    0x5, 0x27, 0xb9, 0x7a, 0x6c, 0x1, 0xff, 0x26,
    0x5b, 0xa, 0x6d, 0xa0, 0x7, 0xfd, 0x36, 0x60,
    0x8, 0xb2, 0x0, 0xff, 0xe0, 0x63, 0x0, 0x54,
    0xe0, 0x1f, 0xfc, 0x1b, 0x30, 0xa, 0x14, 0x3,
    0xff, 0x82, 0xe8, 0x1, 0x1b, 0x80, 0x7f, 0xf0,
    0x4a, 0x0, 0x34, 0x0, 0x7f, 0xf0, 0xac, 0x3,
    0x12, 0x0, 0x7f, 0xf0, 0x45, 0x80, 0x32, 0x80,
    0x7f, 0xf0, 0x9c, 0x3, 0xb0, 0x3, 0xff, 0x85,
    0x80, 0x1c, 0xa0, 0x12, 0x44, 0xc2, 0x0, 0x79,
    0xc0, 0x38, 0x41, 0x7a, 0xdd, 0x9e, 0xf4, 0xc0,
    0x31, 0x0, 0x61, 0x6, 0x87, 0x61, 0x0, 0x8b,
    0x10, 0x0, 0x40, 0x1c, 0x60, 0x5b, 0x32, 0xe3,
    0x0, 0xd4, 0x1, 0xf8, 0x41, 0x0, 0x37, 0x0,
    0x61, 0x70, 0x10, 0xf, 0xfe, 0x1, 0x18, 0x6,
    0xb0, 0x10, 0xf, 0xfe, 0xb, 0x0, 0x63, 0x3,
    0x0, 0xe1, 0x0, 0xf8, 0x80, 0x3c, 0x20, 0x1c,
    0x60, 0x1f, 0xfc, 0x33, 0x0, 0xc2, 0x1, 0xf0,
    0x80, 0x61, 0x0, 0x58, 0x7, 0x8, 0x7, 0x8c,
    0x3, 0x20, 0x1, 0x80, 0x39, 0x0, 0x3c, 0x80,
    0x1b, 0xc0, 0x2, 0xe0, 0x1b, 0xc0, 0x38, 0xc4,
    0x2, 0x25, 0x0, 0xa0, 0xc0, 0x25, 0x30, 0xd,
    0xe0, 0x1b, 0xc0, 0x3b, 0x10, 0x2, 0xd6, 0x35,
    0xc3, 0x0, 0xe, 0x10, 0x7, 0xae, 0x8c, 0x6,
    0x72, 0x8c, 0x5, 0xf8, 0xc0, 0x3f, 0x2e, 0x75,
    0x44, 0x53, 0x9d, 0x0, 0x1c,

    /* U+0037 "7" */
    0x7, 0xff, 0xff, 0xe2, 0x50, 0x70, 0x7, 0xff,
    0x12, 0x41, 0x40, 0x3f, 0xf8, 0x64, 0x60, 0x40,
    0x1f, 0xfc, 0x3b, 0x0, 0x9, 0xb3, 0x7f, 0xc6,
    0x0, 0x60, 0x35, 0xc9, 0x9f, 0xf9, 0xc1, 0x80,
    0x2b, 0x0, 0xff, 0x89, 0x2, 0x80, 0x6, 0x20,
    0x1f, 0xf5, 0x81, 0x98, 0x3, 0xff, 0x86, 0xc1,
    0x20, 0x1f, 0xfc, 0x36, 0x1, 0x50, 0xf, 0xfe,
    0x1d, 0x83, 0x0, 0x7f, 0xf0, 0xd4, 0x82, 0x80,
    0x3f, 0xf8, 0x72, 0x6, 0x40, 0x1f, 0xfc, 0x24,
    0x30, 0xa0, 0xf, 0xfe, 0x1c, 0x0, 0x18, 0x3,
    0xff, 0x84, 0x66, 0x5, 0x0, 0xff, 0xe1, 0xc0,
    0x3, 0xc0, 0x3f, 0xf8, 0x46, 0x80, 0x5, 0x0,
    0xff, 0xe1, 0x40, 0x1, 0x40, 0x3f, 0xf8, 0x46,
    0x80, 0xf, 0x0, 0xff, 0xe1, 0x40, 0x4, 0xa0,
    0x1f, 0xfc, 0x13, 0x40, 0x2, 0x80, 0x7f, 0xf0,
    0xbc, 0x2, 0xf0, 0xf, 0xfe, 0xa, 0x18, 0x4,
    0x80, 0x1f, 0xfc, 0x18, 0x0, 0x8c, 0x40, 0x3f,
    0x0,

    /* U+0038 "8" */
    0x0, 0xf9, 0x19, 0xdc, 0xa4, 0x1, 0xff, 0xc,
    0xfd, 0xcc, 0x42, 0xb7, 0x4c, 0x1, 0xf8, 0xbd,
    0x80, 0xaf, 0xf5, 0x80, 0xa7, 0x4, 0x3, 0x87,
    0x4, 0x1, 0xe8, 0x5, 0x2a, 0x0, 0x3d, 0x0,
    0xe9, 0x10, 0x2, 0x90, 0x6, 0x90, 0x8, 0xd4,
    0x3, 0x30, 0x4, 0x40, 0x1c, 0x60, 0x1b, 0x0,
    0x21, 0x10, 0x4, 0x40, 0x1f, 0xe2, 0x0, 0x8c,
    0x3, 0x20, 0x7, 0xf8, 0x80, 0x23, 0x0, 0xc3,
    0x60, 0x19, 0x0, 0x36, 0x0, 0x42, 0x40, 0x19,
    0x30, 0x80, 0x1a, 0x1, 0x22, 0x80, 0x6b, 0x0,
    0xe3, 0xd7, 0x36, 0x0, 0x2d, 0x80, 0x73, 0x10,
    0x7, 0xa3, 0x1, 0x72, 0x80, 0x3e, 0xf1, 0x0,
    0xfc, 0x8a, 0x1, 0xf8, 0xbc, 0xc0, 0x3e, 0x19,
    0xc2, 0x0, 0xf0, 0xc9, 0x80, 0x7f, 0x1e, 0xa0,
    0x6, 0x4f, 0x70, 0xae, 0x60, 0xf, 0xd6, 0x40,
    0x5, 0xb1, 0x4, 0x51, 0x9d, 0x50, 0xf, 0xa4,
    0x1, 0x60, 0x16, 0x80, 0x45, 0x58, 0x40, 0x1c,
    0x82, 0xc2, 0x1, 0x28, 0x7, 0x1e, 0x18, 0x7,
    0x2f, 0x80, 0x61, 0x0, 0xf0, 0xf0, 0x7, 0xfc,
    0x20, 0x1f, 0x11, 0x0, 0x33, 0x70, 0x6, 0x60,
    0xf, 0xc2, 0x1, 0x9, 0x28, 0x6, 0xe0, 0xf,
    0x84, 0xc0, 0x29, 0x2, 0x70, 0x9, 0x14, 0x3,
    0xd6, 0x1, 0x1b, 0x80, 0x21, 0xc0, 0x2a, 0x82,
    0x1, 0x4c, 0x50, 0x2, 0xe0, 0x6, 0x8c, 0x50,
    0x3, 0xef, 0xf5, 0x98, 0x2d, 0xd0, 0x7, 0x8e,
    0xbf, 0x26, 0x22, 0x9c, 0xfa, 0x40, 0xc,

    /* U+0039 "9" */
    0x0, 0xf9, 0x19, 0xdc, 0xc8, 0x1, 0xff, 0x15,
    0x7d, 0xcc, 0x42, 0x6f, 0xe8, 0x80, 0x3e, 0x6d,
    0x50, 0x3, 0x5d, 0x98, 0x0, 0xba, 0xc0, 0x1c,
    0xd2, 0x1, 0x44, 0xa2, 0x26, 0x0, 0x29, 0x70,
    0x8, 0xa4, 0x2, 0x17, 0x0, 0xce, 0x20, 0x14,
    0x18, 0x2, 0x0, 0x33, 0x80, 0x79, 0xc0, 0x34,
    0x0, 0x14, 0x3, 0x60, 0x7, 0xbc, 0x3, 0x20,
    0x98, 0x7, 0x8, 0x7, 0x88, 0x3, 0x9d, 0x80,
    0x39, 0xc0, 0x3c, 0xe0, 0x1d, 0xe0, 0x1f, 0xfc,
    0x11, 0x0, 0xe2, 0x10, 0xe, 0x60, 0xf, 0x18,
    0x7, 0x32, 0x80, 0x76, 0x80, 0x7f, 0xf0, 0x44,
    0xc0, 0x32, 0x80, 0x7f, 0xf0, 0xa4, 0x3, 0x13,
    0x0, 0x63, 0x30, 0x7, 0x8, 0x2a, 0x80, 0x34,
    0xdb, 0xc6, 0x0, 0x80, 0x73, 0x80, 0x29, 0xc0,
    0x32, 0x42, 0xf9, 0xb8, 0x7, 0x18, 0x5, 0x1d,
    0xa, 0xa6, 0xbd, 0x30, 0x20, 0xe, 0xd0, 0xc,
    0x2f, 0x54, 0x94, 0x0, 0xbc, 0x3, 0x90, 0x3,
    0xff, 0x82, 0xa0, 0x18, 0xc4, 0x3, 0xff, 0x80,
    0x26, 0x1, 0xa4, 0x3, 0xff, 0x82, 0xc0, 0x18,
    0x94, 0x3, 0xff, 0x83, 0x20, 0x1a, 0x40, 0x3f,
    0xf8, 0x32, 0x20, 0x13, 0x20, 0x7, 0xff, 0x1,
    0x98, 0x1, 0x2c, 0x80, 0x7f, 0xf0, 0x1e, 0x40,
    0x26, 0xa0, 0xf, 0xf8, 0xae, 0x0, 0x5, 0x72,
    0x1, 0xfe, 0x29, 0xd4, 0x4, 0xad, 0x40, 0xf,
    0xe1, 0x88, 0x4, 0x5f, 0xda, 0x80, 0x7e,

    /* U+003A ":" */
    0x7, 0xee, 0x40, 0x2c, 0x8, 0x9d, 0x70, 0x3,
    0x67, 0x80, 0x6e, 0x64, 0x0, 0x23, 0x85, 0xee,
    0xac, 0x2, 0x22, 0x0, 0x7f, 0xf7, 0x8, 0x80,
    0x15, 0xee, 0xac, 0x19, 0x0, 0x8, 0xfe, 0x1,
    0xbb, 0x0, 0x36, 0x2c, 0x8, 0x9d, 0x40,

    /* U+003B ";" */
    0x0, 0x11, 0x0, 0x35, 0xee, 0xac, 0x0, 0xc8,
    0x0, 0x47, 0xf, 0x0, 0xdc, 0x18, 0x1, 0xb0,
    0x16, 0x4, 0x4e, 0xa0, 0x7, 0xee, 0x40, 0x7,
    0xff, 0xbc, 0x9d, 0x80, 0x21, 0xd8, 0x9d, 0x10,
    0x70, 0x8, 0xa4, 0x8, 0x3, 0x28, 0x21, 0x0,
    0x46, 0x0, 0xe0, 0x8, 0x80, 0x6, 0x20, 0xa,
    0x0, 0x84, 0xd, 0x80, 0x6c, 0x13, 0x40, 0x7,
    0xdb, 0x62, 0x0,

    /* U+003C "<" */
    0x0, 0xff, 0xe0, 0x9c, 0x80, 0x7f, 0xc9, 0x78,
    0xe0, 0x1f, 0xcb, 0x96, 0x80, 0xc0, 0x1f, 0x36,
    0xd1, 0x83, 0xf4, 0x0, 0x73, 0x74, 0x90, 0xc7,
    0xc0, 0x80, 0x43, 0x1d, 0x22, 0x29, 0xe7, 0x0,
    0xc3, 0x3c, 0xe2, 0x55, 0xcc, 0x1, 0xe8, 0x60,
    0x2a, 0xd5, 0x0, 0xfc, 0x20, 0x2, 0xd1, 0x0,
    0xfe, 0x8a, 0x20, 0x7e, 0x92, 0x0, 0xfc, 0xbb,
    0x66, 0xd, 0xb4, 0x40, 0x1f, 0x93, 0x30, 0xa0,
    0xbb, 0x66, 0x1, 0xf8, 0xeb, 0x54, 0x13, 0x2d,
    0x0, 0x3f, 0x15, 0x73, 0x2, 0x5d, 0x80, 0x3f,
    0x86, 0x79, 0xc5, 0x40, 0x3f, 0xe1, 0x8e, 0x80,

    /* U+003D "=" */
    0x0, 0xff, 0xe1, 0xcf, 0xff, 0xff, 0x7, 0x80,
    0x3f, 0xf8, 0x73, 0xff, 0xff, 0xc1, 0xe0, 0xf,
    0xff, 0xc, 0xff, 0xff, 0xf0, 0x78, 0x3, 0xff,
    0x86,

    /* U+003E ">" */
    0x65, 0x0, 0xff, 0xe0, 0xfd, 0x6b, 0x0, 0x7f,
    0xda, 0x44, 0x9e, 0x70, 0xf, 0xe4, 0xda, 0x21,
    0x8f, 0x81, 0x0, 0xfc, 0xbb, 0x66, 0xf, 0xd2,
    0x40, 0x1f, 0x93, 0x2d, 0x1, 0xb6, 0x8c, 0x3,
    0xf2, 0x5e, 0x28, 0x2e, 0x59, 0x80, 0x7e, 0x3a,
    0xd5, 0x4, 0xd0, 0xf, 0xf2, 0x38, 0x7, 0xfc,
    0xdd, 0x24, 0x2f, 0xe0, 0x1c, 0x2f, 0xd2, 0x22,
    0x9e, 0x81, 0x0, 0x86, 0x3a, 0x4, 0xa7, 0x98,
    0x3, 0xc, 0xf3, 0x81, 0xd6, 0xb0, 0x7, 0x37,
    0x30, 0x25, 0xe2, 0x80, 0x7d, 0xe0, 0xb9, 0x68,
    0x1, 0xfd, 0xba, 0xa3, 0x0, 0xff, 0x80,

    /* U+003F "?" */
    0x0, 0xc4, 0xae, 0xf2, 0x90, 0x7, 0xcd, 0xba,
    0xa8, 0x8a, 0xb7, 0x14, 0x3, 0x5c, 0x8e, 0x7f,
    0x48, 0x80, 0xe, 0xa4, 0x1, 0x8, 0x78, 0x60,
    0x2d, 0x40, 0x19, 0x98, 0x1c, 0x12, 0x1, 0xc8,
    0x60, 0x1a, 0x1, 0xc1, 0x40, 0x3c, 0xa0, 0x18,
    0x48, 0x50, 0x3, 0xe1, 0x0, 0xe6, 0x9, 0x0,
    0xf8, 0x40, 0x39, 0xc0, 0x80, 0x3e, 0x40, 0xc,
    0x26, 0x1, 0xf9, 0x8, 0x3, 0x48, 0x7, 0xe1,
    0xa0, 0xc, 0x8e, 0x1, 0xfb, 0x44, 0x2, 0x4b,
    0x0, 0xfd, 0x46, 0x1, 0x25, 0x80, 0x7e, 0x35,
    0x0, 0x96, 0xc0, 0x3f, 0xac, 0x2, 0x4a, 0x0,
    0xff, 0x78, 0x0, 0xec, 0x3, 0xfe, 0x50, 0x7,
    0x80, 0x7f, 0xf0, 0xa, 0x40, 0x3f, 0xf8, 0x6d,
    0x8e, 0x1, 0xff, 0xc2, 0x34, 0x0, 0xff, 0xe1,
    0x10, 0x7, 0xff, 0x5, 0x3f, 0x7d, 0x0, 0x3f,
    0xea, 0x0, 0xa8, 0x3, 0xfc, 0x22, 0x0, 0x84,
    0x3, 0xfc, 0x24, 0x1, 0x10, 0x7, 0xfd, 0xe6,
    0x7, 0xe0, 0x1e,

    /* U+0040 "@" */
    0x0, 0xff, 0xf1, 0xb, 0x56, 0xff, 0xf6, 0xd3,
    0x98, 0x7, 0xff, 0x1d, 0xb3, 0xa5, 0x4d, 0x1a,
    0x20, 0xec, 0x91, 0x9a, 0xc0, 0x1f, 0xfc, 0x35,
    0xe9, 0x30, 0x5b, 0xeb, 0x97, 0x74, 0x5f, 0x59,
    0x94, 0xe9, 0x80, 0x7f, 0xc3, 0x74, 0x20, 0x79,
    0x48, 0x1, 0xf9, 0x31, 0xc0, 0xb1, 0x40, 0x3f,
    0x8f, 0xd0, 0x0, 0xf8, 0x60, 0x1f, 0xfc, 0x8,
    0x70, 0x5, 0x28, 0x7, 0xc9, 0x82, 0x0, 0x98,
    0x0, 0xfc, 0xc0, 0x1e, 0x83, 0x0, 0x51, 0x0,
    0x71, 0x58, 0x5, 0xc, 0x1, 0xf9, 0x24, 0x3,
    0xef, 0x0, 0xa4, 0x3, 0xbc, 0x2, 0x57, 0x0,
    0xfc, 0x34, 0x2, 0x1, 0xe3, 0x30, 0x1, 0xc,
    0x2, 0x92, 0x0, 0xd, 0x80, 0x7f, 0x68, 0x82,
    0x80, 0x7d, 0x60, 0x15, 0x0, 0x9, 0x80, 0x2b,
    0x10, 0xf, 0xd0, 0x60, 0x3, 0x0, 0xf9, 0x0,
    0x27, 0x0, 0x58, 0x4, 0x4a, 0x1, 0xf9, 0x1c,
    0x2, 0xe0, 0xf, 0x88, 0x2, 0x11, 0x3, 0x0,
    0x56, 0x1, 0xf8, 0x69, 0x8, 0x0, 0xa0, 0x1f,
    0x8, 0x6, 0x24, 0x0, 0xcc, 0x1, 0xfa, 0x82,
    0x98, 0x0, 0x60, 0x1f, 0xfc, 0x7, 0xc0, 0x9,
    0x40, 0x3f, 0x32, 0x58, 0x90, 0x4, 0x20, 0x1e,
    0x10, 0xc, 0xe4, 0x1, 0x60, 0x7, 0xc5, 0x2a,
    0xa0, 0xe0, 0x9, 0x40, 0x3c, 0x40, 0x18, 0x44,
    0x1, 0x20, 0x7, 0xde, 0x36, 0x0, 0x10, 0x8,
    0xc0, 0x3c, 0xc0, 0x18, 0x84, 0x2, 0x20, 0xf,
    0x49, 0xf, 0x7f, 0xa4, 0x2, 0xe0, 0xf, 0x68,
    0x4, 0x41, 0xa0, 0x1f, 0xc8, 0xcf, 0xbb, 0xac,
    0x2, 0x50, 0xf, 0x28, 0x4, 0x80, 0xa0, 0x1f,
    0x8a, 0xd2, 0x8, 0xb2, 0x0, 0x46, 0x1, 0xc4,
    0x40, 0xb, 0x40, 0x94, 0x0, 0x80, 0x11, 0x61,
    0x50, 0x7, 0xf8, 0x40, 0x35, 0x80, 0x44, 0x80,
    0xb, 0x20, 0x94, 0x27, 0xd3, 0xc1, 0x0, 0xff,
    0x20, 0x4, 0x2c, 0x1, 0x58, 0x4, 0x38, 0xa5,
    0x7b, 0xb, 0x82, 0x1, 0xc5, 0x20, 0x1a, 0xc,
    0x1, 0x60, 0x11, 0xb0, 0x6, 0x1a, 0xeb, 0xb7,
    0x50, 0x80, 0x78, 0xa7, 0xff, 0x69, 0x83, 0x28,
    0x5, 0xc0, 0x1f, 0xa, 0x20, 0x40, 0x3f, 0xf8,
    0x89, 0x20, 0x15, 0x10, 0x7, 0xff, 0x39, 0x6c,
    0x2, 0xa5, 0x0, 0xff, 0xe6, 0x8c, 0xd0, 0x0,
    0x71, 0x40, 0x3f, 0xe3, 0x0, 0xff, 0xe0, 0xb,
    0xfb, 0x0, 0x1b, 0x8c, 0x3, 0xff, 0x80, 0x6a,
    0xcc, 0x31, 0x0, 0x89, 0x1e, 0xfa, 0x4, 0x4f,
    0xd2, 0x1, 0xff, 0xc3, 0x56, 0x76, 0x8c, 0xef,
    0xdb, 0x97, 0x58, 0xce, 0x81, 0x0, 0xfe,

    /* U+0041 "A" */
    0x0, 0xff, 0xe1, 0x20, 0x7, 0xff, 0x42, 0x10,
    0x3, 0xff, 0x9c, 0x66, 0xf0, 0xf, 0xfe, 0x75,
    0x2, 0x18, 0x7, 0xff, 0x30, 0x58, 0x1, 0x20,
    0x1f, 0xfc, 0xc6, 0x0, 0x94, 0x40, 0x3f, 0xf9,
    0x72, 0x1, 0xa0, 0x3, 0xff, 0x94, 0xc2, 0x1,
    0x98, 0x40, 0x3f, 0xf9, 0x36, 0x1, 0xe6, 0x0,
    0xff, 0xe4, 0x21, 0xb, 0x0, 0x69, 0x0, 0xff,
    0xe4, 0x78, 0x4d, 0x80, 0x61, 0x60, 0xf, 0xfe,
    0x31, 0x20, 0x31, 0x18, 0x6, 0xb0, 0xf, 0xfe,
    0x34, 0x2, 0x88, 0x50, 0x6, 0x25, 0x0, 0xff,
    0xe2, 0xa, 0x84, 0x80, 0x18, 0x3, 0xa4, 0x3,
    0xff, 0x89, 0x20, 0x66, 0x0, 0x98, 0x3, 0x19,
    0x80, 0x3f, 0xf8, 0x6c, 0x14, 0x1, 0xac, 0x3,
    0xa0, 0x3, 0xff, 0x84, 0xc2, 0x26, 0x0, 0xc4,
    0x60, 0x19, 0x8, 0x3, 0xff, 0x83, 0x60, 0x71,
    0x1e, 0x0, 0xf5, 0x80, 0x7f, 0xf0, 0x10, 0x80,
    0x9d, 0xfc, 0x60, 0x1c, 0xc2, 0x1, 0xff, 0x40,
    0x27, 0xff, 0xe6, 0x0, 0xe9, 0x0, 0xff, 0x19,
    0x83, 0xc0, 0x3f, 0x58, 0x7, 0x38, 0x7, 0xfa,
    0x40, 0x90, 0x3, 0xf1, 0x18, 0x7, 0x38, 0x7,
    0xe1, 0x50, 0xb0, 0xf, 0xf4, 0x80, 0x74, 0x80,
    0x7e, 0x80, 0x3, 0x0, 0x7f, 0x94, 0x3, 0x85,
    0x80, 0x3c, 0x4c, 0x4, 0x1, 0xff, 0xc0, 0x30,
    0xe, 0x81, 0x0, 0x89, 0xb0, 0x0, 0x4e, 0x20,
    0x1f, 0x85, 0x8c, 0x3, 0x87, 0x14, 0x80,

    /* U+0042 "B" */
    0x27, 0xef, 0xff, 0xee, 0xda, 0x61, 0x0, 0xf1,
    0x3f, 0x80, 0x71, 0x3b, 0x10, 0x92, 0xcf, 0x40,
    0x7, 0xc2, 0x60, 0x19, 0xa2, 0x76, 0xc4, 0x2,
    0x7c, 0x0, 0xf9, 0xc0, 0x3f, 0x25, 0x80, 0x63,
    0x80, 0xf, 0xfe, 0x22, 0x88, 0x6, 0x60, 0xf,
    0xfe, 0x29, 0x0, 0x61, 0x0, 0xff, 0xe2, 0xb8,
    0x7, 0xff, 0x29, 0xc0, 0x30, 0x80, 0x7f, 0xf1,
    0x4c, 0x3, 0x30, 0x7, 0xff, 0x11, 0xc0, 0x31,
    0x48, 0x7, 0xff, 0xd, 0xa0, 0x2, 0x5c, 0x10,
    0xf, 0xfe, 0xb, 0x5c, 0x80, 0x49, 0xe2, 0x1,
    0xff, 0xc2, 0x6b, 0xe6, 0x0, 0x25, 0x72, 0x80,
    0x7f, 0xf0, 0xc6, 0x60, 0x2, 0x1a, 0x60, 0xf,
    0xfe, 0x23, 0x98, 0x6, 0x92, 0x0, 0xff, 0xe2,
    0x50, 0x7, 0x58, 0x7, 0xff, 0x11, 0x40, 0x39,
    0xc0, 0x3f, 0xf8, 0x82, 0x1, 0xc2, 0x1, 0xff,
    0xc4, 0x10, 0xf, 0xfe, 0x52, 0x80, 0x70, 0x80,
    0x7f, 0xf1, 0x34, 0x3, 0x9c, 0x3, 0xff, 0x86,
    0x88, 0x0, 0xc3, 0x0, 0x19, 0xc0, 0x3f, 0x9a,
    0xc0, 0x30, 0xe8, 0x80, 0x42, 0x60, 0x19, 0x66,
    0x57, 0xd2, 0x1, 0x97, 0xcc, 0x0, 0x4f, 0xe0,
    0x1c, 0x2c, 0xc4, 0x11, 0x12, 0xcf, 0x50, 0x80,
    0x40,

    /* U+0043 "C" */
    0x0, 0xff, 0x89, 0x59, 0xde, 0x64, 0x20, 0xf,
    0xfe, 0x12, 0xdf, 0xed, 0x4c, 0x45, 0x37, 0xbd,
    0x4a, 0x1, 0xfc, 0xdd, 0x48, 0x2, 0xf9, 0xdf,
    0xed, 0x93, 0x15, 0xae, 0x30, 0xe, 0x1c, 0x91,
    0x0, 0x37, 0x41, 0x88, 0x0, 0x9b, 0x2c, 0x40,
    0x58, 0x3, 0x17, 0x98, 0x5, 0x12, 0x1, 0xfc,
    0x98, 0x20, 0x1e, 0xf1, 0x0, 0x95, 0xc0, 0x3f,
    0xe2, 0xa0, 0xe, 0x92, 0x0, 0xd6, 0x1, 0xff,
    0xc1, 0x43, 0x0, 0x89, 0x80, 0x33, 0x88, 0x7,
    0xff, 0xa, 0x40, 0x2a, 0x0, 0xea, 0x0, 0xff,
    0xe1, 0xab, 0x0, 0x14, 0x3, 0x9, 0x0, 0x7f,
    0xf1, 0xc, 0x4, 0x80, 0x32, 0x80, 0x7f, 0xf1,
    0xd4, 0x3, 0x88, 0x3, 0xff, 0x8e, 0x20, 0x1c,
    0x20, 0x1f, 0xfc, 0xdf, 0x0, 0xff, 0xe6, 0xf8,
    0x7, 0xff, 0x1c, 0x40, 0x38, 0x40, 0x3f, 0xf8,
    0xa4, 0xa, 0x1, 0xc4, 0x1, 0xff, 0xc5, 0x50,
    0x12, 0x0, 0xca, 0x1, 0xff, 0xc5, 0xc1, 0x5,
    0x0, 0xc2, 0x60, 0x1f, 0xfc, 0x44, 0x30, 0xa0,
    0xe, 0xb0, 0xf, 0xfe, 0x1a, 0x80, 0x81, 0x30,
    0x6, 0x71, 0x0, 0xff, 0xe1, 0x70, 0x6, 0x92,
    0x0, 0xd6, 0x1, 0xff, 0xc1, 0x44, 0x3, 0x80,
    0x58, 0x40, 0x12, 0xb0, 0x7, 0xfc, 0x54, 0x6,
    0x80, 0x10, 0xe2, 0x0, 0x53, 0x0, 0x1f, 0xc9,
    0x82, 0x7a, 0x1, 0xc3, 0x72, 0x20, 0x7, 0xe7,
    0x31, 0x1, 0x37, 0xcb, 0x16, 0xc1, 0x0, 0xf9,
    0xba, 0x90, 0x6, 0x33, 0xbf, 0xb2, 0x9, 0xb6,
    0x40, 0x3f, 0xe5, 0xbf, 0xda, 0x98, 0x8a, 0xb3,
    0xa4, 0x80, 0x30,

    /* U+0044 "D" */
    0x27, 0xef, 0xff, 0xfe, 0x7, 0x64, 0xb0, 0x80,
    0x7e, 0x27, 0xf0, 0xe, 0x27, 0x7e, 0x63, 0x33,
    0x4f, 0x51, 0x0, 0x7e, 0x13, 0x0, 0xcd, 0x11,
    0xd3, 0xb8, 0x60, 0x5, 0xd8, 0x0, 0xfc, 0xe0,
    0x1f, 0xfc, 0x3, 0xc6, 0x0, 0x9f, 0x0, 0x3f,
    0xf9, 0x52, 0x80, 0x11, 0xd8, 0x7, 0xff, 0x2a,
    0x80, 0x32, 0x38, 0x7, 0xff, 0x24, 0x58, 0x3,
    0x40, 0x80, 0x7f, 0xf2, 0x68, 0x3, 0x98, 0x3,
    0xff, 0x92, 0x62, 0x1, 0xa8, 0x3, 0xff, 0x94,
    0xa0, 0x18, 0x84, 0x3, 0xff, 0x92, 0x40, 0x1c,
    0x40, 0x1f, 0xfc, 0x91, 0x0, 0xe6, 0x0, 0xff,
    0xff, 0x80, 0x4, 0x3, 0x98, 0x3, 0xff, 0x92,
    0x40, 0x1c, 0x40, 0x1f, 0xfc, 0x95, 0x0, 0xc4,
    0x20, 0x1f, 0xfc, 0x83, 0x10, 0xd, 0x40, 0x1f,
    0xfc, 0x9a, 0x0, 0xe6, 0x0, 0xff, 0xe4, 0xb,
    0x0, 0x68, 0x10, 0xf, 0xfe, 0x45, 0x0, 0x64,
    0x70, 0xf, 0xfe, 0x44, 0xa0, 0x4, 0x76, 0x1,
    0xe7, 0x0, 0xff, 0xe0, 0x1e, 0x30, 0x4, 0xf8,
    0x1, 0xe1, 0x30, 0xc, 0xd1, 0x1d, 0x3b, 0x86,
    0x0, 0x5d, 0x80, 0xe, 0x27, 0xf0, 0xe, 0x27,
    0x7e, 0x63, 0x33, 0x4f, 0x51, 0x0, 0x78,

    /* U+0045 "E" */
    0x0, 0xff, 0xe1, 0x89, 0xaa, 0x80, 0x4, 0xfd,
    0xff, 0xff, 0xc0, 0xec, 0xaf, 0x0, 0x13, 0xe0,
    0x7, 0x13, 0xbf, 0x94, 0x40, 0x3c, 0x46, 0x1,
    0x9a, 0x23, 0xd5, 0xe6, 0x1, 0xe7, 0x0, 0xff,
    0xe0, 0xe, 0x98, 0x7, 0xff, 0x1c, 0x7c, 0x3,
    0xff, 0x90, 0xa0, 0x1f, 0xfc, 0x83, 0x0, 0xff,
    0xed, 0x90, 0x7, 0xff, 0x21, 0x40, 0x3f, 0xf9,
    0x16, 0x1, 0xff, 0xc6, 0x3c, 0x10, 0xf, 0xfe,
    0x2, 0x7f, 0xf6, 0x18, 0x7, 0xff, 0x4, 0x9d,
    0xf9, 0x4, 0x40, 0x1f, 0xfc, 0x6, 0x88, 0xeb,
    0x91, 0x0, 0xff, 0xe3, 0xba, 0x0, 0x7f, 0xf2,
    0x3c, 0x3, 0xff, 0x90, 0xc0, 0x1f, 0xfc, 0xc7,
    0x0, 0xff, 0xe3, 0xa0, 0x80, 0x7f, 0xf1, 0xe5,
    0x40, 0x3f, 0xf8, 0xd4, 0x46, 0x1, 0x38, 0x7,
    0xff, 0x0, 0xf1, 0x50, 0x2, 0x13, 0x0, 0xcd,
    0x11, 0xa6, 0xb7, 0xc, 0xc, 0x9, 0xfc, 0x3,
    0x89, 0xdf, 0x32, 0x90, 0x5, 0x80,

    /* U+0046 "F" */
    0x0, 0xff, 0xe1, 0x89, 0xaa, 0x89, 0xfb, 0xff,
    0xff, 0x81, 0xd9, 0x5e, 0x4f, 0x80, 0x1c, 0x4e,
    0xfe, 0x51, 0x0, 0xc4, 0x60, 0x19, 0xa2, 0x3d,
    0x5c, 0xa0, 0x19, 0xc0, 0x3f, 0xf8, 0x36, 0x60,
    0x1f, 0xfc, 0x51, 0xf0, 0xf, 0xfe, 0x32, 0x0,
    0x7f, 0xf1, 0x88, 0x3, 0xff, 0xae, 0x40, 0x1f,
    0xfc, 0x65, 0x0, 0xff, 0xe3, 0x58, 0x7, 0xff,
    0x10, 0xf0, 0x40, 0x3f, 0xc9, 0xff, 0xd8, 0x60,
    0x1f, 0xf1, 0x3b, 0xf2, 0x8, 0x80, 0x3f, 0xcd,
    0x11, 0xd7, 0x22, 0x1, 0xff, 0xc5, 0x74, 0x0,
    0xff, 0xe3, 0x78, 0x7, 0xff, 0x19, 0x80, 0x3f,
    0xff, 0xe0, 0x1e, 0x70, 0xf, 0xfe, 0x28, 0x98,
    0x6, 0x41, 0x0, 0xfe, 0x27, 0xf0, 0xf, 0x63,
    0x10, 0x7, 0xc0,

    /* U+0047 "G" */
    0x0, 0xff, 0xa, 0x33, 0xc3, 0xb2, 0x98, 0x7,
    0xff, 0x14, 0xa3, 0x7a, 0xe6, 0x1e, 0x26, 0xb3,
    0xf6, 0x54, 0x3, 0xfe, 0x19, 0xd7, 0x20, 0x28,
    0xcf, 0xfb, 0x20, 0xc9, 0xab, 0x8c, 0x3, 0xf1,
    0xfb, 0x0, 0x51, 0xae, 0x60, 0x11, 0xbe, 0x50,
    0x0, 0x54, 0x3, 0xe3, 0xc1, 0x0, 0xa9, 0xc0,
    0x3f, 0x97, 0x4, 0x3, 0xf0, 0xe8, 0x6, 0x75,
    0x0, 0xff, 0x8e, 0xc0, 0x3f, 0x58, 0x80, 0x43,
    0x0, 0x1f, 0xfc, 0x15, 0x40, 0xf, 0x12, 0x80,
    0x66, 0x0, 0xff, 0xe1, 0xf8, 0x80, 0x75, 0x80,
    0x75, 0x0, 0x7f, 0xf0, 0xd0, 0xc0, 0x39, 0xc0,
    0x30, 0x90, 0x7, 0xff, 0x11, 0x0, 0x30, 0x88,
    0x3, 0x28, 0x7, 0xff, 0x29, 0x40, 0x38, 0x80,
    0x3f, 0xf9, 0x42, 0x1, 0xc2, 0x1, 0xff, 0xd0,
    0xf0, 0xf, 0xfe, 0x87, 0x80, 0x7f, 0xc6, 0xd5,
    0x5f, 0x31, 0x8, 0x7, 0x8, 0x7, 0xfc, 0x6d,
    0x8a, 0xbd, 0xec, 0x4a, 0x1, 0xc6, 0x1, 0xff,
    0xc1, 0x50, 0xe, 0x60, 0x0, 0x90, 0x6, 0x70,
    0xf, 0xfe, 0x5a, 0x80, 0x62, 0x10, 0xf, 0xfe,
    0x55, 0x0, 0x73, 0x80, 0x7f, 0xf2, 0x89, 0x80,
    0x35, 0x0, 0x7f, 0xf2, 0xe0, 0x40, 0x23, 0x50,
    0xf, 0xf9, 0xc0, 0x3f, 0xc3, 0xa0, 0x1a, 0xc8,
    0x3, 0xfd, 0xe0, 0x19, 0x4c, 0x3, 0x8f, 0x44,
    0x0, 0x38, 0x60, 0x1f, 0xa9, 0x0, 0x28, 0xa0,
    0xf, 0x8b, 0xd8, 0x0, 0x39, 0x48, 0x20, 0x3,
    0x7e, 0x50, 0x2, 0xeb, 0x80, 0x7f, 0xc, 0xeb,
    0x90, 0x2d, 0xf7, 0xfb, 0x20, 0x49, 0xf6, 0x88,
    0x3, 0xff, 0x80, 0x51, 0xbd, 0x73, 0x11, 0x4d,
    0xf6, 0xc1, 0x0, 0x7c,

    /* U+0048 "H" */
    0x27, 0xef, 0xff, 0x6b, 0x90, 0x7, 0x13, 0x6f,
    0xff, 0xb9, 0xc8, 0x8f, 0xe0, 0x1e, 0xc7, 0x20,
    0xe, 0x26, 0xc1, 0x0, 0xec, 0x72, 0x0, 0xa,
    0x0, 0x64, 0x10, 0xf, 0xe1, 0x50, 0xc, 0x64,
    0x1, 0xff, 0xca, 0x10, 0xf, 0xff, 0xf8, 0x7,
    0xff, 0xfc, 0x3, 0xff, 0xf2, 0xd1, 0x1f, 0xf3,
    0x80, 0x7f, 0xf1, 0x9, 0xdf, 0xfe, 0x20, 0xf,
    0xfe, 0x22, 0x7f, 0xff, 0xca, 0x1, 0xff, 0xff,
    0x0, 0xff, 0xff, 0x80, 0x7f, 0xff, 0xc0, 0x3f,
    0xf8, 0xce, 0x1, 0xff, 0xc4, 0x10, 0xf, 0xf0,
    0x98, 0x6, 0x41, 0x0, 0xfe, 0x15, 0x0, 0xc6,
    0x40, 0x2, 0x7f, 0x0, 0xf6, 0x39, 0x0, 0x71,
    0x36, 0x8, 0x7, 0x63, 0x90,

    /* U+0049 "I" */
    0x27, 0xef, 0xff, 0x6b, 0x91, 0x1f, 0xc0, 0x3d,
    0x8e, 0x40, 0x1, 0x30, 0xc, 0x82, 0x1, 0xce,
    0x1, 0xff, 0xff, 0x0, 0xff, 0xff, 0x80, 0x7f,
    0xff, 0xc0, 0xe, 0x1, 0xfe, 0x13, 0x0, 0xc8,
    0x20, 0x2, 0x7f, 0x0, 0xf6, 0x39, 0x0,

    /* U+004A "J" */
    0x2, 0x6d, 0xff, 0xf7, 0x39, 0x81, 0x36, 0x8,
    0x7, 0x63, 0x98, 0x4, 0x2a, 0x1, 0x88, 0x80,
    0x1e, 0x20, 0xc, 0x20, 0x1f, 0xff, 0xf0, 0xf,
    0xff, 0xf8, 0x7, 0xff, 0xfc, 0x3, 0xff, 0xbc,
    0x60, 0x1f, 0xfc, 0x1, 0x0, 0xcc, 0x1, 0xf3,
    0x0, 0x6c, 0x0, 0xf0, 0x90, 0x6, 0x70, 0xf,
    0x30, 0x6, 0x81, 0x0, 0xe1, 0x90, 0x9, 0x1c,
    0x3, 0xd4, 0x20, 0x6, 0xb0, 0xe, 0x3c, 0x40,
    0x4c, 0x90, 0xf, 0x3c, 0xe7, 0xd9, 0x80, 0x7c,

    /* U+004B "K" */
    0x26, 0xdf, 0xff, 0x6b, 0x10, 0x7, 0x25, 0xff,
    0xdd, 0x2a, 0x40, 0x4d, 0x82, 0x1, 0xd8, 0xc4,
    0x1, 0xc9, 0x80, 0x4, 0xf9, 0x52, 0x0, 0x85,
    0x40, 0x32, 0x8, 0x7, 0xc5, 0x0, 0x76, 0x20,
    0x1f, 0xfc, 0x9f, 0x1, 0xd0, 0xf, 0xfe, 0x55,
    0x10, 0x60, 0x80, 0x7f, 0xf2, 0x59, 0x42, 0xc8,
    0x3, 0xff, 0x92, 0x72, 0x12, 0x80, 0x1f, 0xfc,
    0xae, 0x6, 0x60, 0x7, 0xff, 0x2a, 0x89, 0x24,
    0x3, 0xff, 0x94, 0xea, 0x54, 0x1, 0xff, 0xca,
    0x38, 0x4, 0x10, 0xf, 0xfe, 0x48, 0xf0, 0x1,
    0x90, 0x3, 0xff, 0x93, 0x44, 0x1, 0x50, 0x80,
    0x7f, 0xf2, 0x14, 0x3, 0xd, 0x0, 0x7f, 0xf2,
    0x28, 0x3, 0x91, 0xc0, 0x3f, 0xf8, 0xe8, 0xe0,
    0x1d, 0x6, 0x1, 0xff, 0xc7, 0x83, 0x0, 0xee,
    0x0, 0xff, 0xe4, 0x70, 0x7, 0x15, 0x0, 0x7f,
    0xf1, 0xca, 0x80, 0x39, 0x58, 0x3, 0xff, 0x8e,
    0xaa, 0x0, 0xe9, 0x20, 0xf, 0xfe, 0x3d, 0x10,
    0x7, 0x78, 0x7, 0xff, 0x23, 0xc0, 0x38, 0xa4,
    0x3, 0xe7, 0x0, 0xff, 0x8a, 0x80, 0x39, 0x94,
    0x3, 0x84, 0xc0, 0x32, 0x8, 0x7, 0x96, 0x84,
    0x3, 0x52, 0x0, 0x9, 0xb0, 0x3, 0xd8, 0xc4,
    0x1, 0xcb, 0xd2, 0x82, 0x0, 0xba, 0x50,

    /* U+004C "L" */
    0x27, 0xef, 0xff, 0x6b, 0x90, 0x7, 0xf1, 0x3f,
    0x80, 0x7b, 0x1c, 0x80, 0x3f, 0xe1, 0x30, 0xc,
    0x82, 0x1, 0xff, 0xc2, 0x70, 0xf, 0xff, 0xf8,
    0x7, 0xff, 0xfc, 0x3, 0xff, 0xfe, 0x1, 0xff,
    0xff, 0x0, 0xff, 0x10, 0x7, 0xff, 0x21, 0x40,
    0x3f, 0xf8, 0xea, 0x20, 0x1f, 0xfc, 0x7b, 0x40,
    0xf, 0xfe, 0x35, 0x89, 0x0, 0x4e, 0x1, 0xff,
    0xc0, 0x3c, 0x44, 0x0, 0x42, 0x60, 0x19, 0xa2,
    0x34, 0xd6, 0xe1, 0x86, 0x1, 0x3f, 0x80, 0x71,
    0x3b, 0xe6, 0x52, 0x0, 0x8c, 0x0,

    /* U+004D "M" */
    0x0, 0xf0, 0xa8, 0x7, 0xff, 0x20, 0x8c, 0x3,
    0xff, 0x80, 0xb6, 0x20, 0x1f, 0xfc, 0x79, 0xb0,
    0xf, 0xfe, 0x1, 0xc, 0x0, 0x7f, 0xf1, 0x91,
    0x4, 0x1, 0xff, 0xc0, 0xe0, 0x63, 0x0, 0xff,
    0xe2, 0xc8, 0x38, 0x7, 0xff, 0x0, 0x80, 0x1c,
    0x1, 0xff, 0xc4, 0x72, 0x2, 0x0, 0xff, 0xe0,
    0x30, 0x0, 0x9c, 0x3, 0xff, 0x84, 0x30, 0x1,
    0x8, 0x7, 0xfc, 0x40, 0x14, 0x8, 0x7, 0xff,
    0x6, 0xc0, 0x31, 0x0, 0x7f, 0xc2, 0x1, 0xac,
    0x3, 0xff, 0x80, 0x6a, 0x1, 0x98, 0x3, 0xfc,
    0x40, 0x1c, 0xa8, 0x1, 0xff, 0x78, 0x7, 0x10,
    0x7, 0xf9, 0xc0, 0x3d, 0x20, 0x1f, 0xe6, 0x30,
    0xe, 0xe0, 0xf, 0xf1, 0x0, 0x78, 0xa0, 0x3,
    0xfa, 0x0, 0x3c, 0xa0, 0x1f, 0xee, 0x4, 0x0,
    0xe7, 0x20, 0xf, 0xa0, 0x41, 0x40, 0x31, 0x0,
    0x7f, 0x88, 0xe, 0x0, 0x3a, 0x40, 0x3c, 0x4e,
    0x11, 0xa0, 0x18, 0x40, 0x3f, 0xcc, 0x1c, 0xe4,
    0x1, 0x91, 0x40, 0x3a, 0x40, 0x5c, 0x80, 0x38,
    0x80, 0x3f, 0x88, 0x8, 0x24, 0x3, 0xac, 0x3,
    0x22, 0x2, 0xc1, 0x80, 0x39, 0x80, 0x3f, 0x8,
    0x1, 0xc1, 0x14, 0x3, 0xc, 0x80, 0x52, 0x6,
    0xa0, 0x40, 0x1c, 0x40, 0x1f, 0x88, 0x0, 0x40,
    0xb, 0x0, 0xe6, 0x30, 0x72, 0xe, 0x0, 0x8,
    0x7, 0x70, 0x7, 0xe6, 0x0, 0x8, 0x0, 0x60,
    0x3, 0xbc, 0x60, 0x18, 0x80, 0x21, 0x0, 0xc6,
    0x1, 0xfb, 0x40, 0x80, 0x33, 0x90, 0x6, 0x3c,
    0x1, 0x80, 0xc, 0x40, 0x19, 0x80, 0x3f, 0x10,
    0x8, 0x7, 0x48, 0x7, 0x10, 0x40, 0x80, 0x66,
    0x0, 0xc4, 0x1, 0xf9, 0x81, 0x80, 0x39, 0x14,
    0x3, 0x89, 0x80, 0x38, 0xc0, 0x38, 0x40, 0x3e,
    0x20, 0x20, 0xf, 0x58, 0x7, 0x48, 0x7, 0xb8,
    0x3, 0x88, 0x3, 0xe1, 0xe, 0x0, 0xf0, 0xc0,
    0x4, 0x88, 0x0, 0xf1, 0x0, 0x73, 0x0, 0x78,
    0xc0, 0x6, 0x1, 0xf3, 0x90, 0x2, 0x40, 0x3e,
    0x10, 0xe, 0xd0, 0xf, 0x50, 0x7, 0xfd, 0x20,
    0x84, 0x1, 0xff, 0xc1, 0x60, 0x8, 0x5a, 0x98,
    0x1, 0x6c, 0x20, 0x1e, 0x44, 0x68, 0x7, 0xcd,
    0x20, 0x1c, 0x3a, 0xe6, 0x2d, 0x5f, 0xf7, 0x30,
    0x80, 0x7d, 0x28, 0x1, 0xf3, 0x6f, 0xff, 0xb5,
    0xcc,

    /* U+004E "N" */
    0x0, 0x19, 0x0, 0x7f, 0xf4, 0x1f, 0xc, 0x3,
    0xff, 0x82, 0x8f, 0xdf, 0xfe, 0x95, 0x0, 0x98,
    0x70, 0xc0, 0x3f, 0xf8, 0x8, 0xfa, 0x1, 0xcf,
    0x2a, 0x1, 0x18, 0x3, 0x10, 0x3, 0xff, 0x82,
    0x60, 0x1d, 0x60, 0x1c, 0x20, 0x15, 0xa0, 0x7,
    0xff, 0x46, 0xd4, 0x3, 0xff, 0xa3, 0x4c, 0x1,
    0xff, 0xd1, 0x97, 0x0, 0xff, 0xe8, 0xc3, 0x80,
    0x7f, 0xf3, 0x90, 0x1, 0x10, 0x0, 0xff, 0xe6,
    0xd3, 0x0, 0x1e, 0x40, 0x3f, 0xf9, 0xb2, 0xe0,
    0x6, 0xa0, 0xf, 0xfe, 0x6c, 0x40, 0x0, 0xb4,
    0x1, 0xff, 0xcd, 0x79, 0x0, 0x2d, 0x80, 0x7f,
    0xf3, 0x5a, 0x40, 0x9, 0x80, 0x1f, 0xfc, 0xd6,
    0xa0, 0x1, 0xe0, 0x80, 0x7f, 0xf3, 0x16, 0xc0,
    0x7, 0x82, 0x1, 0xff, 0xcc, 0x4b, 0x0, 0x16,
    0x0, 0x7f, 0xf3, 0x53, 0x4, 0x8, 0x3, 0xff,
    0x9c, 0x7a, 0x20, 0x1f, 0xfd, 0x3, 0xc1, 0x0,
    0xff, 0xe8, 0x16, 0x10, 0x7, 0xff, 0x40, 0xb0,
    0x80, 0x3f, 0x84, 0x3, 0x8c, 0x3, 0xff, 0x80,
    0x38, 0x60, 0x1f, 0x90, 0x3, 0x90, 0x3, 0xff,
    0x82, 0x38, 0x60, 0xc0, 0x12, 0xc5, 0x0, 0x74,
    0xc2, 0x80, 0x7f, 0xf0, 0x70, 0xcc, 0x1, 0x2c,
    0x7f, 0xfd, 0xa, 0x1, 0xff, 0xc2, 0xc2, 0x0,
    0x80,

    /* U+004F "O" */
    0x0, 0xff, 0x8d, 0x5d, 0xe6, 0x52, 0x0, 0xff,
    0xe3, 0xb5, 0xfe, 0x54, 0x45, 0x35, 0xbf, 0x4a,
    0x1, 0xff, 0xc2, 0x6e, 0x94, 0x3, 0x9d, 0xff,
    0x6c, 0x10, 0x2d, 0x6a, 0x0, 0x7f, 0x86, 0xe4,
    0x40, 0x11, 0x8c, 0x40, 0x2, 0x7d, 0x60, 0x1,
    0x5c, 0x80, 0x7e, 0x1c, 0x40, 0xa, 0x5c, 0x3,
    0xf4, 0xb0, 0x4, 0xd6, 0x1, 0xf6, 0x90, 0x4,
    0xac, 0x1, 0xfe, 0x93, 0x0, 0x92, 0x40, 0x39,
    0xcc, 0x3, 0x58, 0x7, 0xff, 0x2, 0x0, 0x33,
    0x20, 0x6, 0x90, 0xc, 0xa2, 0x1, 0xff, 0xc0,
    0x42, 0x0, 0xd2, 0x1, 0x30, 0x80, 0x6f, 0x0,
    0xff, 0xe1, 0x50, 0x6, 0x24, 0x0, 0x68, 0x7,
    0x20, 0x7, 0xff, 0x8, 0xc0, 0x3b, 0x40, 0x8,
    0x1, 0x84, 0x40, 0x1f, 0xfc, 0x25, 0x0, 0xe4,
    0x1, 0x0, 0xe2, 0x0, 0xff, 0xe1, 0x88, 0x7,
    0x10, 0x10, 0x7, 0x38, 0x7, 0xff, 0x10, 0x40,
    0x3f, 0xf8, 0x2, 0x1, 0xff, 0xc4, 0x30, 0xe,
    0x10, 0xf, 0x8, 0x7, 0xff, 0x10, 0xc0, 0x38,
    0x48, 0x3, 0x9c, 0x3, 0xff, 0x88, 0x20, 0x1e,
    0x10, 0xe, 0x20, 0xf, 0xfe, 0x18, 0x80, 0x71,
    0x80, 0x10, 0x3, 0x8, 0x80, 0x3f, 0xf8, 0x4a,
    0x1, 0xca, 0x0, 0xd0, 0xe, 0x40, 0xf, 0xfe,
    0x11, 0x80, 0x76, 0x80, 0x18, 0x3, 0xbc, 0x3,
    0xff, 0x85, 0x40, 0x18, 0x90, 0x2, 0x80, 0xc,
    0xa2, 0x1, 0xff, 0xc0, 0x42, 0x0, 0xd2, 0x1,
    0x9c, 0xc0, 0x35, 0x80, 0x7f, 0xf0, 0x20, 0x3,
    0x32, 0x0, 0x76, 0x90, 0x4, 0xac, 0x1, 0xfe,
    0x93, 0x0, 0x92, 0x40, 0x3c, 0x38, 0x80, 0x14,
    0xb8, 0x7, 0xe9, 0x60, 0x9, 0xac, 0x3, 0xf0,
    0xdc, 0x88, 0x2, 0x31, 0x88, 0x0, 0x4f, 0xac,
    0x0, 0x2b, 0x90, 0xf, 0xf9, 0xba, 0x50, 0xe,
    0x77, 0xfd, 0xb0, 0x40, 0xb5, 0xa8, 0x1, 0xff,
    0xc2, 0x6b, 0xfc, 0xa8, 0x8d, 0x5b, 0xf4, 0xa0,
    0x1f, 0x80,

    /* U+0050 "P" */
    0x26, 0xdf, 0xff, 0xfb, 0xb2, 0x8, 0x3, 0x13,
    0x68, 0x80, 0x61, 0x77, 0x94, 0x4, 0xdf, 0x68,
    0x40, 0x39, 0x40, 0x31, 0x44, 0x55, 0xc6, 0x1,
    0x2e, 0x0, 0x71, 0x0, 0x7f, 0xe, 0x88, 0x4,
    0x52, 0x1, 0xff, 0xc3, 0x16, 0x0, 0xcc, 0x20,
    0x1f, 0xfc, 0x3c, 0x0, 0xe7, 0x0, 0xff, 0xe1,
    0xb8, 0x7, 0x70, 0x7, 0xff, 0x24, 0x40, 0x3f,
    0xf8, 0x6c, 0x1, 0xdc, 0x1, 0xff, 0xc3, 0xe0,
    0xe, 0x40, 0xf, 0xfe, 0x11, 0xa0, 0x6, 0x33,
    0x0, 0x7f, 0xf0, 0x4f, 0x40, 0x3b, 0xc0, 0x3f,
    0xe4, 0x6a, 0xc1, 0x0, 0xd6, 0x60, 0x1f, 0xf1,
    0x5a, 0x80, 0x64, 0xd4, 0x0, 0xff, 0xe0, 0x36,
    0xe5, 0x4d, 0x75, 0x90, 0x7, 0xff, 0xc, 0xd5,
    0x94, 0x40, 0x3f, 0xff, 0xe0, 0x1f, 0xff, 0x52,
    0x0, 0xc2, 0x1, 0xff, 0xc3, 0x15, 0x0, 0xc4,
    0x40, 0xf, 0xfe, 0x1, 0x36, 0x8, 0x7, 0x63,
    0x98, 0x7, 0xf8,

    /* U+0051 "Q" */
    0x0, 0xff, 0x8d, 0x5d, 0xe6, 0x52, 0x0, 0xff,
    0xec, 0xb5, 0xfe, 0x54, 0x45, 0x35, 0xbf, 0x48,
    0x1, 0xff, 0xd4, 0x6e, 0x94, 0x3, 0xae, 0xff,
    0x6c, 0x8, 0x2d, 0xea, 0x0, 0x7f, 0xf4, 0x7,
    0x24, 0x40, 0x13, 0x8a, 0x20, 0x2, 0x7e, 0x60,
    0x1, 0x5c, 0x80, 0x7f, 0xf3, 0x87, 0xc, 0x2,
    0xa6, 0x0, 0xfd, 0x2c, 0x1, 0x35, 0x80, 0x7f,
    0xf3, 0x74, 0x80, 0x26, 0x50, 0xf, 0xf4, 0x90,
    0x4, 0x92, 0x1, 0xff, 0xcb, 0x73, 0x0, 0xd0,
    0x1, 0xff, 0xc0, 0x90, 0xc, 0xc8, 0x1, 0xff,
    0xc9, 0x18, 0x0, 0xcc, 0x20, 0x1f, 0xfc, 0x4,
    0x20, 0xd, 0x0, 0x1f, 0xfc, 0x96, 0x0, 0xed,
    0x0, 0xff, 0xe1, 0x28, 0x6, 0x33, 0x0, 0x7f,
    0xf2, 0x2c, 0x3, 0x90, 0x3, 0xff, 0x85, 0x80,
    0x1d, 0x60, 0x1f, 0xfc, 0x83, 0x0, 0xc4, 0x1,
    0xff, 0xc3, 0x50, 0xe, 0x40, 0xf, 0xfe, 0x39,
    0x0, 0x73, 0x0, 0x7f, 0xf0, 0xc4, 0x3, 0x88,
    0x3, 0xff, 0x8e, 0x20, 0x1c, 0x20, 0x1f, 0xfc,
    0x41, 0x0, 0xc2, 0x1, 0xff, 0xc7, 0x70, 0xf,
    0xff, 0x1b, 0x80, 0x7f, 0xf8, 0xc4, 0x3, 0x84,
    0x3, 0xff, 0x88, 0x20, 0x18, 0x40, 0x3f, 0xf8,
    0xe4, 0x1, 0xcc, 0x1, 0xff, 0xc3, 0x10, 0xe,
    0x20, 0xf, 0xfe, 0x41, 0x80, 0x62, 0x0, 0xff,
    0xe1, 0xa8, 0x7, 0x20, 0x7, 0xff, 0x22, 0xc0,
    0x38, 0xc0, 0x3f, 0xf8, 0x46, 0x1, 0xd6, 0x1,
    0xff, 0xc8, 0x60, 0xe, 0xa0, 0xf, 0xfe, 0x15,
    0x80, 0x63, 0x30, 0x7, 0xff, 0x20, 0x60, 0x3,
    0x38, 0x7, 0xff, 0x4, 0xcc, 0x1, 0xbc, 0x3,
    0xff, 0x94, 0xe6, 0x1, 0xc, 0x0, 0x7f, 0xf0,
    0x3c, 0x3, 0x39, 0x80, 0x7f, 0xf2, 0xf4, 0x80,
    0x27, 0x40, 0xf, 0xf3, 0x98, 0x4, 0xb0, 0x1,
    0xff, 0xcc, 0x1c, 0x30, 0xa, 0xd0, 0x3, 0xf3,
    0xc0, 0x4, 0xd4, 0x1, 0xff, 0xce, 0x1c, 0x91,
    0x0, 0x5d, 0x18, 0x6, 0x4c, 0x80, 0x1, 0x5c,
    0x80, 0x7f, 0xf4, 0x5b, 0xa4, 0xc1, 0x73, 0xff,
    0x59, 0x81, 0xde, 0xa0, 0x7, 0xff, 0x51, 0xb3,
    0xf2, 0xa1, 0xd8, 0x80, 0x23, 0x99, 0x28, 0x7,
    0xff, 0x5c, 0xd5, 0xe2, 0x77, 0x4e, 0x0, 0x26,
    0xaf, 0xb5, 0x0, 0xff, 0xed, 0x14, 0x73, 0x0,
    0x64, 0xaf, 0xa4, 0x0, 0xff, 0xe2, 0xa0, 0x7,
    0xff, 0x1c, 0x67, 0x4c, 0x3, 0x96, 0xfa, 0xc,
    0x3, 0xff, 0x80, 0x57, 0xe0, 0x1f, 0xfc, 0x92,
    0xc9, 0x0, 0xf0, 0xbe, 0x75, 0x3a, 0x10, 0x80,
    0x4, 0xda, 0xf5, 0x34, 0x3, 0xff, 0x96, 0xdc,
    0xa0, 0x1f, 0xa, 0xc5, 0xef, 0x7f, 0xbb, 0x25,
    0x0, 0x58, 0x3, 0xff, 0x98, 0x35, 0x64, 0x1,
    0xff, 0xc6, 0xd0, 0xf, 0xfe, 0x7a, 0x6d, 0x10,
    0x7, 0xff, 0x8, 0x6c, 0xc0, 0x3f, 0xfa, 0x2b,
    0xb6, 0x80, 0x1f, 0xf3, 0x7a, 0x0, 0x7f, 0xf5,
    0x12, 0xfa, 0x9d, 0xc, 0x88, 0x6d, 0x5d, 0x22,
    0x1, 0xff, 0xd7, 0x15, 0x8b, 0xcd, 0xd6, 0x4a,
    0x88, 0x7, 0x0,

    /* U+0052 "R" */
    0x26, 0xdf, 0xff, 0xfb, 0xb2, 0xc, 0x3, 0xfc,
    0x4d, 0x82, 0x1, 0x85, 0x9a, 0x40, 0x13, 0x7c,
    0xb1, 0x0, 0xff, 0xa, 0x80, 0x62, 0x99, 0xaf,
    0x8c, 0x2, 0x4f, 0x20, 0xf, 0xf1, 0x0, 0x7f,
    0xe, 0x88, 0x4, 0x3c, 0x1, 0xff, 0xc9, 0x17,
    0x0, 0xc6, 0x60, 0xf, 0xfe, 0x4e, 0x0, 0x72,
    0x80, 0x7f, 0xf2, 0x58, 0x3, 0xb8, 0x3, 0xff,
    0x92, 0xe0, 0x1d, 0xe0, 0x1f, 0xfc, 0x92, 0x0,
    0xe3, 0x0, 0xff, 0xe4, 0xe8, 0x7, 0x20, 0x7,
    0xff, 0x20, 0xd0, 0x3, 0x40, 0x7, 0xff, 0x21,
    0x34, 0x3, 0x23, 0x80, 0x7f, 0xf1, 0x62, 0x72,
    0xc4, 0x2, 0x6b, 0x0, 0xff, 0xe3, 0x41, 0x98,
    0x2, 0x8e, 0x90, 0xf, 0xfe, 0x45, 0x8, 0x5,
    0xe, 0x1, 0xff, 0xca, 0x90, 0xd, 0x2c, 0x1,
    0xff, 0xc9, 0x60, 0xe, 0x93, 0x0, 0xff, 0xe4,
    0xb, 0x80, 0x77, 0x0, 0x7f, 0xf2, 0x64, 0x3,
    0x89, 0xc0, 0x3f, 0xf9, 0x2, 0xc0, 0x1d, 0x6,
    0x1, 0xff, 0xc8, 0x80, 0xf, 0x70, 0x7, 0xff,
    0x20, 0x64, 0x3, 0x8a, 0x40, 0x3f, 0x10, 0x6,
    0x10, 0xf, 0x33, 0x0, 0x39, 0x98, 0x1, 0xe1,
    0x50, 0xc, 0x44, 0x0, 0xf4, 0xc0, 0x7, 0x4b,
    0x0, 0x44, 0xd8, 0x20, 0x1d, 0x8e, 0x60, 0x1c,
    0xfd, 0x2a, 0x40, 0x9, 0xc7, 0x20,

    /* U+0053 "S" */
    0x0, 0xf1, 0xb3, 0xc4, 0x1d, 0x8c, 0x3, 0xf9,
    0xbb, 0x26, 0x1d, 0xd1, 0x39, 0xfe, 0x10, 0xe,
    0xa9, 0x10, 0x6d, 0xff, 0xac, 0xc0, 0x2, 0x1,
    0x9d, 0x40, 0x15, 0x24, 0x1, 0x26, 0x28, 0x80,
    0x61, 0x80, 0x2, 0x28, 0x7, 0xd4, 0x40, 0x19,
    0xc0, 0x23, 0x0, 0xfe, 0xb0, 0xd, 0xe0, 0x12,
    0x0, 0x7f, 0x38, 0x6, 0x30, 0x8, 0xdc, 0x3,
    0xff, 0x82, 0x40, 0x1a, 0x28, 0x40, 0x3f, 0xec,
    0x0, 0xe5, 0xf5, 0x0, 0xff, 0x21, 0x0, 0x70,
    0xd5, 0x88, 0x7, 0xf7, 0x0, 0x7c, 0x9c, 0xc0,
    0x1f, 0x8f, 0x4, 0x3, 0xe9, 0xc2, 0x0, 0xf8,
    0xf9, 0x80, 0x3e, 0x3d, 0x70, 0xf, 0xd3, 0x62,
    0x1, 0xf4, 0x48, 0x7, 0xe4, 0xe6, 0x0, 0xf9,
    0x94, 0x3, 0xfa, 0x70, 0x80, 0x3d, 0x20, 0x1f,
    0xe3, 0xd7, 0x0, 0xe3, 0x10, 0x32, 0x0, 0xfd,
    0x18, 0x1, 0xc6, 0x12, 0xc0, 0x1f, 0xc7, 0x20,
    0x18, 0xc1, 0xc, 0x3, 0xfc, 0xe0, 0x18, 0x46,
    0xa0, 0xf, 0xfe, 0x12, 0x81, 0x1, 0x38, 0x7,
    0xf2, 0x0, 0x52, 0x2, 0x0, 0x87, 0x0, 0xf8,
    0x6c, 0x0, 0xe6, 0x4, 0xa0, 0x8, 0xc6, 0x20,
    0x1, 0x3f, 0x88, 0x44, 0x0, 0x2a, 0xb4, 0x3,
    0x9d, 0xff, 0x6c, 0xa, 0xeb, 0x80, 0x72, 0x5f,
    0xe4, 0xc4, 0x53, 0x9f, 0x44, 0x1, 0x80,

    /* U+0054 "T" */
    0x57, 0x41, 0x0, 0xff, 0xe2, 0x9, 0xba, 0xec,
    0x5f, 0x7f, 0xff, 0xf1, 0x3b, 0x23, 0x40, 0x2,
    0xd3, 0x55, 0x8c, 0x3, 0x15, 0x57, 0x41, 0x0,
    0x47, 0xf2, 0xca, 0xb9, 0x80, 0x33, 0x2a, 0xf3,
    0xea, 0x0, 0x38, 0x40, 0x3f, 0xf8, 0xf4, 0x1c,
    0x40, 0x1f, 0xfc, 0x81, 0xe4, 0x0, 0xff, 0xe5,
    0x21, 0x0, 0x7f, 0xf2, 0x88, 0x3, 0xff, 0xfe,
    0x1, 0xff, 0xff, 0x0, 0xff, 0xff, 0x80, 0x7f,
    0xff, 0xc0, 0x3f, 0xff, 0x22, 0x1, 0x9c, 0x3,
    0xff, 0x8a, 0x28, 0x1, 0x8c, 0x80, 0x3f, 0xf8,
    0x44, 0xf8, 0x1, 0xec, 0x72, 0x0, 0xf0,

    /* U+0055 "U" */
    0x37, 0xef, 0xff, 0x3a, 0x0, 0x7f, 0x35, 0x7f,
    0xda, 0xc4, 0x6f, 0x60, 0x1d, 0x2e, 0x80, 0x1f,
    0xcd, 0x44, 0x0, 0xc6, 0x20, 0x3, 0x80, 0x71,
    0x0, 0x7f, 0xf0, 0x5c, 0x0, 0x20, 0x1f, 0xff,
    0xf0, 0xf, 0xff, 0xf8, 0x7, 0xff, 0xfc, 0x3,
    0xff, 0xfe, 0x1, 0xff, 0xff, 0x0, 0xff, 0xe4,
    0x90, 0x7, 0x10, 0x7, 0xff, 0x4, 0x40, 0x80,
    0x3c, 0x40, 0x1b, 0xc0, 0x3f, 0xf8, 0x2a, 0xe,
    0x1, 0xe4, 0x0, 0xc8, 0x1, 0xff, 0xc0, 0x21,
    0xc, 0x0, 0xf5, 0x80, 0x62, 0x40, 0xf, 0xfa,
    0xc0, 0x58, 0x3, 0xc4, 0xe0, 0x1a, 0x44, 0x3,
    0xf9, 0x18, 0x20, 0x3, 0xf4, 0x28, 0x4, 0x5a,
    0x20, 0x1f, 0x25, 0x83, 0x30, 0x3, 0xfa, 0xa0,
    0x2, 0x3e, 0x83, 0x10, 0x25, 0xbb, 0x3, 0xc8,
    0x7, 0xfc, 0xfd, 0x4, 0x0, 0x7c, 0xef, 0xda,
    0x45, 0xd8, 0x0, 0xff, 0xe0, 0x8b, 0xef, 0x5c,
    0xc3, 0xc4, 0xe7, 0xd1, 0x0, 0x7c,

    /* U+0056 "V" */
    0x2, 0x6e, 0xff, 0xf9, 0x44, 0x3, 0xf0, 0xaf,
    0xfe, 0x83, 0x0, 0x13, 0x60, 0x7, 0x95, 0x42,
    0x1, 0xf8, 0x55, 0x40, 0xa, 0x83, 0x0, 0xc4,
    0xe0, 0x1c, 0xe0, 0x1f, 0xfc, 0x7, 0x3, 0x50,
    0xf, 0xa4, 0x3, 0x88, 0xc0, 0x3f, 0xc6, 0x41,
    0x0, 0x1f, 0x85, 0x80, 0x3a, 0x40, 0x3f, 0xd2,
    0x6, 0x80, 0x1f, 0xd6, 0x1, 0xca, 0x20, 0x1f,
    0x85, 0x42, 0x40, 0x3f, 0xc4, 0xa0, 0x1c, 0xc0,
    0x1f, 0xa4, 0x5, 0x40, 0x3f, 0xe9, 0x0, 0xea,
    0x0, 0xfc, 0xc1, 0x0, 0x1f, 0xfc, 0x3, 0x40,
    0xc, 0x48, 0x1, 0xe6, 0x11, 0x30, 0x7, 0xff,
    0x7, 0xc0, 0x3b, 0xc0, 0x3d, 0x60, 0xc0, 0x1f,
    0xfc, 0x24, 0x30, 0xc, 0x82, 0x1, 0x90, 0x82,
    0x40, 0x3f, 0xf8, 0x72, 0x1, 0xd2, 0x1, 0xbc,
    0x18, 0x40, 0x3f, 0xf8, 0x6a, 0x40, 0x19, 0x80,
    0x22, 0x40, 0xb0, 0xf, 0xfe, 0x2d, 0x80, 0x61,
    0x50, 0x5, 0x82, 0x90, 0x7, 0xff, 0x15, 0x84,
    0x3, 0x48, 0xb, 0x4, 0x80, 0x7f, 0xf1, 0xe4,
    0x3, 0x19, 0x30, 0x19, 0x80, 0x3f, 0xf8, 0xee,
    0x1, 0xd7, 0x41, 0x0, 0x1f, 0xfc, 0x97, 0x0,
    0xcc, 0x44, 0x40, 0xf, 0xfe, 0x4c, 0x80, 0x7a,
    0xc0, 0x3f, 0xf9, 0x42, 0xc0, 0x18, 0x58, 0x3,
    0xff, 0x97, 0x60, 0x1a, 0x40, 0x3f, 0xf9, 0x84,
    0xa0, 0x13, 0x0, 0x7f, 0xf3, 0x64, 0x0, 0xc2,
    0x1, 0xff, 0xcd, 0x34, 0xb, 0x0, 0xff, 0xe7,
    0xf9, 0x90, 0x7, 0xff, 0x3d, 0x20, 0x3, 0xff,
    0x84,

    /* U+0057 "W" */
    0x0, 0xff, 0xe4, 0xb, 0x0, 0x7f, 0xf1, 0x4e,
    0x3f, 0xfe, 0x81, 0x0, 0xfc, 0xd0, 0x1, 0xf8,
    0x5b, 0xfe, 0xd6, 0x20, 0x38, 0xb0, 0xf, 0x40,
    0x80, 0x7e, 0x91, 0x60, 0xf, 0x85, 0x8c, 0x7,
    0x18, 0x80, 0x24, 0x30, 0xe, 0x10, 0xf, 0xc8,
    0x21, 0x60, 0x1f, 0xc4, 0xc, 0x20, 0x1e, 0x90,
    0xe, 0x60, 0xf, 0xde, 0x0, 0x24, 0x0, 0xf8,
    0xc4, 0x28, 0x3, 0xe5, 0x0, 0xeb, 0x0, 0xf8,
    0x90, 0x2, 0x80, 0xf, 0x90, 0x8, 0x80, 0x1f,
    0x98, 0x3, 0x19, 0x0, 0x7a, 0xc0, 0x31, 0x98,
    0x3, 0xd6, 0xa, 0x1, 0xfd, 0xa0, 0x1d, 0x40,
    0x1e, 0x60, 0xe, 0x90, 0xe, 0x13, 0xb, 0x0,
    0xfe, 0x42, 0x0, 0xcc, 0x1, 0xcc, 0x1, 0xe5,
    0x20, 0xc, 0x80, 0x26, 0x1, 0xfe, 0x50, 0xc,
    0x26, 0x1, 0xac, 0x10, 0x3, 0xac, 0x3, 0x78,
    0x38, 0x7, 0xfd, 0x40, 0x1d, 0x40, 0x12, 0x10,
    0x4a, 0x0, 0x66, 0x10, 0x9, 0x3, 0x40, 0x3f,
    0xe2, 0x30, 0xc, 0xe0, 0x17, 0x82, 0x17, 0x80,
    0x73, 0x0, 0xc, 0x44, 0x80, 0x1f, 0xfc, 0xa,
    0x0, 0xc2, 0xa0, 0x48, 0x1e, 0x8, 0x60, 0x1a,
    0x40, 0x16, 0x8, 0x1, 0xff, 0xc1, 0x60, 0xe,
    0xf0, 0xa0, 0x24, 0x0, 0x48, 0x6, 0x16, 0x4,
    0xf, 0x0, 0xff, 0xe1, 0x28, 0x6, 0x51, 0x60,
    0xb0, 0x9, 0x44, 0x3, 0x58, 0x98, 0x28, 0x7,
    0xff, 0xb, 0x80, 0x3b, 0x44, 0x4c, 0x1, 0xa4,
    0x3, 0x15, 0x82, 0x80, 0x7f, 0xf0, 0xd0, 0x40,
    0x31, 0x83, 0x0, 0x73, 0x88, 0x6, 0x50, 0xf0,
    0xf, 0xfe, 0x23, 0x0, 0x7a, 0x40, 0x3c, 0xc0,
    0x1e, 0x40, 0xf, 0xfe, 0x25, 0x0, 0x72, 0x88,
    0x7, 0xa4, 0x3, 0x90, 0x40, 0x3f, 0xf8, 0x84,
    0x60, 0x1a, 0x40, 0x3e, 0x16, 0x0, 0xda, 0x1,
    0xff, 0xc6, 0xa0, 0x8, 0xcc, 0x1, 0xfa, 0xc0,
    0x33, 0x80, 0x7f, 0xf1, 0x98, 0x2, 0xa0, 0xf,
    0xe2, 0x40, 0x1, 0x88, 0x7, 0xff, 0x1d, 0x40,
    0x58, 0x3, 0xfd, 0x0, 0xb, 0x0, 0xff, 0xe4,
    0x70, 0x20, 0x7, 0xfc, 0x66, 0x4, 0x0, 0xff,
    0xe4, 0x20, 0xe0, 0x7, 0xff, 0x2, 0x40, 0xc0,
    0x3f, 0xf9, 0x2c, 0xa0, 0x1f, 0xfc, 0x5, 0x30,
    0xf, 0xfe, 0x54, 0x98, 0x7, 0xff, 0x7, 0x80,
    0x3f, 0xc0,

    /* U+0058 "X" */
    0x26, 0xbf, 0xff, 0xd4, 0x80, 0x1c, 0x95, 0xff,
    0xba, 0x14, 0x0, 0x4d, 0x74, 0x1, 0xe1, 0xa4,
    0x0, 0xe4, 0xa1, 0x0, 0x17, 0xc2, 0x80, 0x72,
    0xc8, 0x7, 0x8, 0x80, 0x3e, 0x11, 0x0, 0xe0,
    0x80, 0x7e, 0x65, 0x0, 0xeb, 0x0, 0xfa, 0x80,
    0x1a, 0x20, 0x1f, 0xeb, 0x0, 0xe5, 0x40, 0xe,
    0x54, 0x6, 0x30, 0xf, 0xf8, 0x64, 0x3, 0xa8,
    0x3, 0xd, 0x81, 0x48, 0x7, 0xff, 0x5, 0x90,
    0x3, 0xc, 0x80, 0x56, 0x21, 0xc0, 0x1f, 0xfc,
    0x39, 0x0, 0xe6, 0x40, 0x45, 0x7, 0x30, 0xf,
    0xfe, 0x19, 0x48, 0x7, 0x48, 0xd0, 0x14, 0x0,
    0x7f, 0xf1, 0x58, 0xc0, 0x31, 0x78, 0x87, 0x0,
    0x7f, 0xf1, 0xf8, 0x3, 0x84, 0x20, 0xc0, 0x3f,
    0xf8, 0xe5, 0x0, 0x1e, 0x70, 0xf, 0xfe, 0x4b,
    0x88, 0x7, 0x40, 0x7, 0xff, 0x25, 0x4, 0x3,
    0x9c, 0x80, 0x3f, 0xf8, 0xe3, 0x40, 0x1f, 0x70,
    0x7, 0xff, 0x1e, 0x84, 0x34, 0x80, 0x31, 0xb8,
    0x7, 0xff, 0x15, 0x90, 0x24, 0xb8, 0x3, 0xa0,
    0x80, 0x3f, 0xf8, 0x65, 0x20, 0x8c, 0x6, 0xc0,
    0x1d, 0xc0, 0x1f, 0xfc, 0x3f, 0x1, 0xa0, 0xa,
    0x44, 0x3, 0x1b, 0x0, 0x7f, 0xf0, 0x64, 0x82,
    0xc4, 0x3, 0x50, 0x7, 0x48, 0x80, 0x7f, 0xc8,
    0xc0, 0xaa, 0x0, 0xe4, 0x50, 0xe, 0xa0, 0xf,
    0xf0, 0xd0, 0xd, 0x0, 0x7d, 0x62, 0x1, 0x91,
    0x80, 0x3f, 0xa8, 0x42, 0xc0, 0x3f, 0xc, 0x0,
    0x74, 0x10, 0x7, 0xd4, 0x80, 0x7, 0x0, 0xfe,
    0x50, 0xe, 0x1f, 0x20, 0x9, 0x1f, 0x54, 0x2,
    0xe5, 0x0, 0xf9, 0x78, 0x3, 0xc5, 0xb0, 0xa2,

    /* U+0059 "Y" */
    0x5, 0x8e, 0xff, 0xfa, 0x90, 0x3, 0xe6, 0xdf,
    0xfd, 0x4c, 0x40, 0xb1, 0xe6, 0x1, 0xea, 0x40,
    0xf, 0x9a, 0x0, 0x2b, 0xa6, 0x20, 0x8, 0x74,
    0x40, 0x38, 0x40, 0x3f, 0x88, 0x1, 0x48, 0x1,
    0xf0, 0xd8, 0x7, 0x40, 0x7, 0xe1, 0x90, 0x65,
    0x0, 0xfe, 0x54, 0x0, 0xcc, 0x40, 0x1f, 0x40,
    0x8a, 0x0, 0x3f, 0xe9, 0x0, 0xe9, 0x0, 0xf1,
    0x30, 0x58, 0x80, 0x7f, 0xc4, 0xe0, 0x19, 0x10,
    0x1, 0xd2, 0x8, 0xa0, 0x1f, 0xfc, 0x18, 0x20,
    0xd, 0x20, 0x19, 0x50, 0x24, 0x3, 0xff, 0x87,
    0x20, 0x18, 0x98, 0x2, 0x80, 0x82, 0x0, 0xff,
    0xe1, 0xa2, 0x80, 0x68, 0x0, 0x39, 0x1b, 0x80,
    0x7f, 0xf1, 0x6c, 0x3, 0xc, 0xc, 0x7, 0x80,
    0x7f, 0xf1, 0x86, 0x0, 0x33, 0xd0, 0x39, 0x80,
    0x7f, 0xf1, 0xdc, 0x80, 0x32, 0xc, 0x0, 0x7f,
    0xf2, 0x64, 0x3, 0xac, 0x3, 0xff, 0x94, 0xc0,
    0x1c, 0xc0, 0x1f, 0xff, 0xf0, 0xf, 0xff, 0xf8,
    0x7, 0xff, 0xfc, 0x40, 0x39, 0xc0, 0x3f, 0xf9,
    0x56, 0x1, 0xda, 0x1, 0xff, 0xc8, 0x59, 0x70,
    0xe, 0x6a, 0x50, 0xf, 0xe0,

    /* U+005A "Z" */
    0x7, 0x42, 0x0, 0xff, 0xe1, 0x9, 0xa0, 0x2,
    0x6f, 0x7f, 0xff, 0xf8, 0x5d, 0x84, 0x1, 0x89,
    0x9d, 0xff, 0x28, 0x7, 0x13, 0x0, 0x4f, 0xb3,
    0x11, 0xf9, 0x80, 0x3a, 0x40, 0x25, 0x80, 0xf,
    0xe5, 0x30, 0xc, 0x88, 0x0, 0xb4, 0x3, 0xfd,
    0x0, 0x1d, 0x20, 0x19, 0x40, 0x3f, 0x9c, 0x80,
    0x33, 0x10, 0x6, 0x30, 0xf, 0xc3, 0x0, 0x1d,
    0x0, 0x1f, 0xfc, 0x28, 0x0, 0xe8, 0x10, 0xf,
    0xfe, 0x9, 0xb0, 0x6, 0x27, 0x0, 0xff, 0xe1,
    0x40, 0x7, 0x40, 0x7, 0xff, 0x9, 0x50, 0x3,
    0x1a, 0x80, 0x7f, 0xf0, 0xa0, 0x3, 0xbc, 0x3,
    0xff, 0x84, 0xe4, 0x1, 0x94, 0xc0, 0x3f, 0xf8,
    0x23, 0x0, 0x1d, 0x60, 0x1f, 0xfc, 0x28, 0x0,
    0xe7, 0x10, 0xf, 0xfe, 0x9, 0x30, 0x6, 0x18,
    0x0, 0xff, 0xe1, 0x48, 0x7, 0x40, 0x7, 0xff,
    0x9, 0x10, 0x1, 0x89, 0x80, 0x3f, 0x84, 0x3,
    0x48, 0x7, 0x48, 0x7, 0xf9, 0x80, 0x26, 0x20,
    0xc, 0x88, 0x0, 0xfe, 0x20, 0x8, 0x60, 0x3,
    0xa4, 0x3, 0xfd, 0x26, 0x0, 0x81, 0x0, 0xcc,
    0x40, 0x1f, 0xd0, 0x8a, 0x4, 0xc0, 0x18, 0x60,
    0x3, 0xf0, 0xd3, 0x88, 0x82, 0x40, 0x38, 0xa6,
    0x23, 0xeb, 0xe5, 0x2, 0x3, 0x40, 0xe, 0x37,
    0x7f, 0xc8, 0x1, 0x28, 0x0,

    /* U+005B "[" */
    0xbf, 0xff, 0xac, 0xc0, 0x38, 0x63, 0xac, 0xc0,
    0x39, 0x5c, 0x40, 0x3f, 0xff, 0xe0, 0x1f, 0xff,
    0xf0, 0xf, 0xff, 0xf8, 0x7, 0xff, 0x29, 0x5c,
    0x40, 0x3e, 0x18, 0xeb, 0x40,

    /* U+005C "\\" */
    0x18, 0x30, 0xf, 0xfe, 0xb, 0xba, 0x0, 0x3f,
    0xf8, 0x2c, 0x28, 0x60, 0x1f, 0xfc, 0x18, 0x8,
    0x0, 0xff, 0xe0, 0xb1, 0x22, 0x0, 0x3f, 0xf8,
    0x36, 0x10, 0x1, 0xff, 0xc1, 0x62, 0x34, 0x0,
    0xff, 0xe0, 0xc0, 0x40, 0x7, 0xff, 0x5, 0x48,
    0xd0, 0x3, 0xff, 0x83, 0x1, 0x0, 0x1f, 0xfc,
    0x15, 0x23, 0x50, 0xf, 0xfe, 0xc, 0x4, 0x0,
    0x7f, 0xf0, 0x54, 0xc9, 0x40, 0x3f, 0xf8, 0x30,
    0x10, 0x1, 0xff, 0xc1, 0x43, 0x25, 0x0, 0xff,
    0xe0, 0xc0, 0x40, 0x7, 0xff, 0x5, 0xc, 0x98,
    0x3, 0xff, 0x83, 0x1, 0x60, 0x1f, 0xfc, 0x14,
    0x32, 0x60, 0xf, 0xfe, 0xc, 0x4, 0x0, 0x7f,
    0xf0, 0x51, 0x2, 0xc0, 0x1f, 0xfc, 0x18, 0x8,
    0x0, 0xff, 0xe0, 0x9a, 0xb, 0x80, 0x7f, 0xf0,
    0x60, 0x24, 0x3, 0xff, 0x82, 0x68, 0x2e, 0x1,
    0xff, 0xc1, 0x80, 0xb0, 0xf, 0xfe, 0x9, 0xde,
    0x0,

    /* U+005D "]" */
    0x3b, 0xff, 0xfa, 0xce, 0xfa, 0x44, 0x3, 0xe1,
    0x65, 0x0, 0xff, 0xff, 0x80, 0x7f, 0xff, 0xc0,
    0x3f, 0xff, 0xe0, 0x1f, 0xfc, 0xa1, 0x75, 0x0,
    0xe4, 0xbe, 0x81, 0x0, 0xe0,

    /* U+005E "^" */
    0x0, 0xfa, 0xff, 0xd4, 0x1, 0xff, 0xc1, 0xb4,
    0x10, 0x5b, 0x0, 0xff, 0xe, 0x20, 0xe6, 0x5,
    0x30, 0x40, 0x3e, 0x1c, 0x32, 0xf2, 0x3c, 0x23,
    0xc1, 0x0, 0xe2, 0xf2, 0x3c, 0x10, 0x1, 0x61,
    0x13, 0x4, 0x2, 0x3c, 0x14, 0xc1, 0x0, 0xc3,
    0xa6, 0x5e, 0x40, 0x98, 0x2b, 0x60, 0x1f, 0xb1,
    0x47, 0xc,

    /* U+005F "_" */
    0x88, 0xff, 0xe3, 0x3b, 0xff, 0xf1, 0x80,

    /* U+0060 "`" */
    0x2, 0xb2, 0x0, 0xc3, 0x89, 0x84, 0x1, 0x40,
    0x80, 0xe1, 0x0, 0x28, 0x80, 0x3, 0x82, 0x7,
    0xb4, 0x40, 0x3a, 0x1, 0x2e, 0xda, 0x9b, 0x80,
    0x64, 0xaf, 0x50,

    /* U+0061 "a" */
    0x0, 0xff, 0xe0, 0x18, 0x7, 0xff, 0x30, 0x74,
    0x3, 0xff, 0x98, 0xc2, 0xe0, 0x1f, 0xfc, 0xba,
    0x9, 0x0, 0xff, 0xe5, 0x29, 0x0, 0xb0, 0x7,
    0xff, 0x26, 0x40, 0x2b, 0x0, 0xff, 0xe4, 0x19,
    0x80, 0x22, 0x50, 0xf, 0xfe, 0x3c, 0x0, 0x74,
    0x0, 0x7f, 0xf1, 0x89, 0x0, 0x38, 0x90, 0x3,
    0xff, 0x8b, 0x0, 0xcc, 0x0, 0xd0, 0x1, 0xff,
    0xc4, 0x15, 0xb, 0xb0, 0x6, 0x33, 0x0, 0x7f,
    0xf0, 0xe0, 0x10, 0x88, 0x60, 0x1a, 0x0, 0x3f,
    0xf8, 0x42, 0xc1, 0xe0, 0x9, 0x0, 0xc8, 0x60,
    0x1f, 0xfc, 0x16, 0x2, 0x40, 0x2, 0x88, 0x6,
    0x90, 0xf, 0xfe, 0xc, 0x85, 0x80, 0x66, 0x0,
    0xca, 0x40, 0x1f, 0xf3, 0x8, 0x20, 0x8e, 0xb0,
    0xe, 0xb0, 0xf, 0xfa, 0x0, 0x1b, 0xdd, 0xb0,
    0x3, 0x98, 0x40, 0x3f, 0x94, 0x42, 0xae, 0xfd,
    0x20, 0x1d, 0x20, 0x1f, 0xd0, 0x8, 0xa8, 0x9e,
    0x62, 0x0, 0xce, 0x20, 0x1f, 0x21, 0x7, 0x80,
    0x7e, 0xb0, 0xe, 0x60, 0xf, 0xa0, 0x9, 0x0,
    0x3f, 0x30, 0x7, 0x48, 0x80, 0x72, 0x98, 0x20,
    0x7, 0xf9, 0x0, 0x30, 0xc0, 0x4, 0x6f, 0x40,
    0x7, 0x40, 0xf, 0x85, 0x50, 0x3, 0x9a, 0x50,
    0x0,

    /* U+0062 "b" */
    0x38, 0xff, 0xfe, 0xed, 0xa5, 0x0, 0xe3, 0x87,
    0x0, 0xc5, 0x30, 0x82, 0x4b, 0x5a, 0x60, 0x1d,
    0xc0, 0x18, 0x59, 0xee, 0x80, 0x22, 0xc3, 0x0,
    0xc6, 0x1, 0xf9, 0x54, 0x1, 0xa0, 0x3, 0xff,
    0x85, 0x80, 0x19, 0x0, 0x3f, 0xf8, 0x44, 0x1,
    0xc2, 0x1, 0xff, 0xc7, 0x10, 0xf, 0xfe, 0x9,
    0x80, 0x63, 0x0, 0xff, 0xe1, 0x50, 0x6, 0x80,
    0xf, 0xfe, 0xc, 0x90, 0x0, 0x69, 0x0, 0x3f,
    0xe6, 0xc6, 0x0, 0xb, 0x38, 0x7, 0xff, 0x1,
    0xb3, 0x4c, 0x5, 0xf6, 0x0, 0x3f, 0xf8, 0x25,
    0x84, 0x1, 0x3c, 0x80, 0x7f, 0xf0, 0xac, 0x3,
    0x32, 0x0, 0x7f, 0xf0, 0x50, 0x3, 0xb4, 0x3,
    0xff, 0x82, 0x60, 0x1c, 0x40, 0x1f, 0xfc, 0x13,
    0x0, 0xff, 0xe3, 0xb8, 0x7, 0x18, 0x7, 0xff,
    0x7, 0x80, 0x3a, 0x80, 0x6, 0x1, 0xfd, 0x28,
    0x1, 0xa4, 0x80, 0x1e, 0x1, 0x85, 0xdd, 0x3c,
    0xc0, 0x10, 0xd3, 0x2, 0x43, 0x0, 0x62, 0x88,
    0x30, 0x88, 0xda, 0xb9, 0x40, 0x0,

    /* U+0063 "c" */
    0x0, 0xf8, 0x9e, 0xb7, 0xbf, 0xee, 0xc9, 0x51,
    0x0, 0xfc, 0x99, 0xb0, 0xa6, 0xf1, 0x30, 0xe2,
    0xd5, 0xd6, 0x20, 0x18, 0x6e, 0xc6, 0x0, 0x9e,
    0x97, 0x67, 0x9d, 0xb2, 0x4, 0x50, 0x8, 0x71,
    0x0, 0x2c, 0x60, 0xf, 0x93, 0x8, 0x3, 0xb4,
    0x80, 0x2a, 0x30, 0xf, 0xe1, 0xf0, 0xc, 0xe6,
    0x1, 0x1a, 0x80, 0x7f, 0xc4, 0xc0, 0x14, 0x80,
    0x6a, 0x0, 0xff, 0xe0, 0xd0, 0x82, 0x88, 0x6,
    0x70, 0xf, 0xfe, 0x9, 0xa0, 0x68, 0x6, 0x11,
    0x0, 0x7f, 0xf0, 0x84, 0xc, 0x3, 0x10, 0x7,
    0xff, 0x15, 0xc0, 0x33, 0x80, 0x7f, 0xf7, 0x1c,
    0x3, 0x38, 0x7, 0xff, 0xc, 0x80, 0xc0, 0x31,
    0x0, 0x7f, 0xf0, 0xe8, 0x30, 0x3, 0x8, 0x80,
    0x3f, 0xf8, 0x48, 0x8, 0x20, 0x19, 0xc0, 0x3f,
    0xf8, 0x24, 0x60, 0x9, 0x0, 0xd6, 0x1, 0xff,
    0xc1, 0xa0, 0x10, 0x73, 0x0, 0x89, 0x80, 0x3f,
    0xe1, 0x70, 0x30, 0x6, 0x90, 0x5, 0x26, 0x1,
    0xfe, 0xd0, 0x22, 0x0, 0x7, 0x10, 0x2, 0xc7,
    0x0, 0xf9, 0x34, 0xcb, 0x0, 0x30, 0xdd, 0x8c,
    0x1, 0x1d, 0x50, 0xf1, 0x5d, 0x64, 0xfa, 0x20,
    0x1e, 0x4c, 0xd8, 0x53, 0x47, 0x87, 0x72, 0x4f,
    0x40, 0x4,

    /* U+0064 "d" */
    0x48, 0xff, 0xff, 0xe0, 0x75, 0xc2, 0x0, 0x7c,
    0x90, 0xc0, 0x18, 0x66, 0x79, 0xcd, 0x1e, 0xf9,
    0x80, 0x3e, 0xc0, 0xc, 0x6c, 0xdd, 0x1b, 0x40,
    0x1, 0x9c, 0x10, 0xf, 0xfe, 0x32, 0xe0, 0x4,
    0x7e, 0x40, 0x1f, 0xfc, 0x63, 0x90, 0x8, 0x7c,
    0x3, 0xff, 0x8e, 0xc4, 0x1, 0x13, 0x80, 0x7f,
    0xf1, 0xe8, 0x3, 0x48, 0x7, 0xff, 0x1d, 0x40,
    0x30, 0x98, 0x7, 0xff, 0x18, 0x80, 0x39, 0x0,
    0x3f, 0xf8, 0xe4, 0x1, 0xb8, 0x3, 0xff, 0x98,
    0x40, 0x1f, 0xfe, 0x52, 0x0, 0xff, 0xe3, 0x90,
    0x6, 0xe0, 0xf, 0xfe, 0x31, 0x0, 0x72, 0x0,
    0x7f, 0xf1, 0x94, 0x3, 0x9, 0x80, 0x7f, 0xf1,
    0xa8, 0x3, 0x48, 0x7, 0xff, 0x19, 0x88, 0x2,
    0x37, 0x0, 0xff, 0xe2, 0x9c, 0x80, 0x43, 0xa0,
    0x1f, 0xfc, 0x56, 0xc0, 0x8, 0xfc, 0x40, 0x36,
    0x0, 0x63, 0x77, 0xe9, 0xe9, 0x0, 0x14, 0xe0,
    0x80, 0x49, 0x2c, 0x1, 0x86, 0x23, 0x98, 0x11,
    0xef, 0x58, 0x3, 0x80,

    /* U+0065 "e" */
    0x0, 0xff, 0xe1, 0x12, 0x20, 0x0, 0x91, 0xff,
    0xff, 0xc0, 0xdb, 0xe0, 0x2, 0x43, 0x0, 0x61,
    0x99, 0xfd, 0xc0, 0x1b, 0xc0, 0x31, 0xb3, 0x78,
    0xe3, 0x80, 0x31, 0x80, 0x7f, 0xcb, 0xa0, 0x1f,
    0xfc, 0x63, 0xd0, 0xf, 0xfe, 0x31, 0x80, 0x7f,
    0xf1, 0x90, 0x3, 0xff, 0x88, 0x20, 0x1f, 0xfc,
    0x67, 0x0, 0xff, 0xe3, 0x50, 0x7, 0xff, 0x0,
    0x8b, 0x25, 0x18, 0x7, 0xfc, 0x5b, 0xba, 0xd4,
    0x3, 0xff, 0x80, 0x5f, 0xfb, 0xa0, 0x3, 0xff,
    0x8a, 0x2e, 0xa0, 0x1f, 0xfc, 0x6c, 0x0, 0xff,
    0xe3, 0x30, 0x4, 0x80, 0x1f, 0xfc, 0x53, 0x0,
    0xff, 0xe3, 0x42, 0x80, 0x7f, 0xf1, 0x1d, 0x44,
    0x0, 0x60, 0x1f, 0xfc, 0x8, 0x82, 0x80, 0x5e,
    0x1, 0x8d, 0xdf, 0x44, 0xf3, 0x86, 0x2, 0x4b,
    0x0, 0x61, 0x88, 0xce, 0xc2, 0x0, 0x30,

    /* U+0066 "f" */
    0x0, 0xff, 0xe1, 0xa, 0x2a, 0x47, 0xff, 0xff,
    0x3, 0xaf, 0x92, 0x18, 0x3, 0xc, 0xcf, 0x42,
    0x0, 0x6f, 0x0, 0xc6, 0xcd, 0xcf, 0x6e, 0x1,
    0x18, 0x7, 0xff, 0x2, 0x4, 0x3, 0xff, 0x89,
    0xa0, 0x1f, 0xfc, 0x44, 0x0, 0xff, 0xe2, 0x18,
    0x7, 0xff, 0x8, 0x80, 0x3f, 0xf8, 0x88, 0x20,
    0x1f, 0xfc, 0x3d, 0x0, 0xff, 0x11, 0x64, 0xa4,
    0x0, 0xfe, 0x2d, 0xdd, 0x6a, 0x1, 0xfe, 0x2f,
    0xfd, 0xd0, 0x1, 0xff, 0xc3, 0x17, 0x60, 0xf,
    0xfe, 0x26, 0x0, 0x7f, 0xf1, 0x14, 0x40, 0x3f,
    0xfd, 0x46, 0x1, 0xff, 0xc4, 0xf0, 0xc, 0x42,
    0x1, 0xf9, 0x25, 0x80, 0x3b, 0x18, 0x40, 0x3c,

    /* U+0067 "g" */
    0x0, 0xf9, 0x67, 0x3b, 0xfe, 0xed, 0xa8, 0x40,
    0xf, 0xf9, 0xfa, 0x98, 0xc1, 0xa2, 0x64, 0x8e,
    0xeb, 0xfa, 0x10, 0xf, 0x16, 0xc0, 0x80, 0xd7,
    0x4b, 0xb3, 0xce, 0xd8, 0x82, 0xa8, 0x3, 0x8b,
    0x8, 0x0, 0x38, 0xa0, 0x1f, 0x27, 0x90, 0x7,
    0xde, 0x20, 0x15, 0x10, 0x7, 0xf0, 0xf8, 0x7,
    0xa0, 0x80, 0x23, 0x40, 0xf, 0xf8, 0x98, 0x3,
    0x9c, 0x3, 0x50, 0x7, 0xff, 0x6, 0x80, 0x32,
    0x80, 0x73, 0x80, 0x7f, 0xf0, 0x4d, 0x0, 0x2c,
    0x0, 0xc2, 0x20, 0xf, 0xfe, 0x31, 0x0, 0x62,
    0x0, 0xff, 0xe3, 0xb8, 0x6, 0x70, 0xf, 0xfe,
    0xb0, 0xad, 0x57, 0xa1, 0x1c, 0x3, 0x38, 0x7,
    0xf0, 0xae, 0x2a, 0xf4, 0x21, 0x80, 0x61, 0x0,
    0xff, 0x88, 0x3, 0x8, 0x3, 0x40, 0x31, 0x0,
    0x7f, 0xf1, 0xd4, 0x3, 0x90, 0x3, 0xff, 0x8e,
    0xe0, 0x1b, 0x80, 0x3f, 0xf8, 0xf0, 0x40, 0x12,
    0x90, 0x7, 0xf0, 0x80, 0x7f, 0x78, 0x80, 0x5c,
    0x1, 0xfd, 0x0, 0x1a, 0x80, 0x31, 0x61, 0x0,
    0xf, 0x8, 0x3, 0x8b, 0x8, 0x0, 0x7a, 0x80,
    0x1c, 0x5b, 0x2, 0x7, 0xb6, 0xec, 0xf7, 0xa6,
    0x7, 0x58, 0x40, 0x1f, 0x9f, 0xa9, 0x8d, 0x62,
    0x61, 0x96, 0x37, 0x14, 0x3, 0x80,

    /* U+0068 "h" */
    0x49, 0xff, 0xf6, 0x30, 0x7, 0x36, 0x7f, 0xfa,
    0x51, 0x12, 0xa0, 0x1d, 0x8c, 0x1, 0xcd, 0x82,
    0x1, 0x96, 0x50, 0x1, 0xa0, 0x18, 0xc0, 0x3f,
    0x94, 0x3, 0x68, 0x6, 0x10, 0xf, 0xff, 0xf8,
    0x7, 0xff, 0xfc, 0x3, 0xff, 0xa2, 0x24, 0x5f,
    0xce, 0x1, 0xff, 0xc2, 0x2d, 0xdf, 0xe3, 0x0,
    0xff, 0xe1, 0x15, 0x57, 0xf1, 0x0, 0x7f, 0xf0,
    0x85, 0x57, 0xf9, 0x80, 0x3f, 0xff, 0xe0, 0x1f,
    0xff, 0xf0, 0xf, 0xef, 0x0, 0xc6, 0x1, 0xfc,
    0xa0, 0x1b, 0x40, 0x9, 0x2c, 0x1, 0xd8, 0xc0,
    0x1c, 0xd8, 0x20, 0x19, 0x65, 0x0,

    /* U+0069 "i" */
    0x48, 0xff, 0xf7, 0x31, 0x24, 0x40, 0x3, 0xb1,
    0x88, 0x0, 0x60, 0x1c, 0x40, 0x1f, 0xc2, 0x1,
    0xff, 0xff, 0x0, 0xff, 0xff, 0x80, 0x7f, 0xf3,
    0x44, 0x3, 0x8c, 0x3, 0x88, 0x0, 0x91, 0x0,
    0xe, 0xc7, 0x20,

    /* U+006A "j" */
    0x0, 0x2c, 0xff, 0xfb, 0x58, 0x40, 0xb, 0x2a,
    0x1, 0xd8, 0xc2, 0x1, 0xb4, 0x3, 0x10, 0x80,
    0x78, 0x40, 0x3f, 0xff, 0xe0, 0x1f, 0xff, 0xf0,
    0xf, 0xff, 0xf8, 0x80, 0x7c, 0x20, 0x19, 0xc0,
    0x3e, 0xe0, 0xc, 0x60, 0x1f, 0x20, 0x6, 0xa0,
    0xf, 0x19, 0x0, 0x4e, 0x40, 0x1e, 0x80, 0x9,
    0x60, 0x3, 0xd2, 0x80, 0x8, 0xa0, 0xf, 0x52,
    0xaa, 0x79, 0xc0, 0x3c,

    /* U+006B "k" */
    0x49, 0xff, 0xf6, 0xb0, 0x80, 0x64, 0xdf, 0xfb,
    0x1c, 0xc0, 0x9, 0x2c, 0x1, 0xd8, 0xc2, 0x1,
    0x91, 0x80, 0x13, 0x8e, 0x60, 0x1b, 0x0, 0x30,
    0x88, 0x3, 0xcc, 0x81, 0x4c, 0x1, 0xff, 0xc0,
    0x30, 0xf, 0x14, 0x83, 0xa8, 0x7, 0xff, 0x23,
    0x81, 0x20, 0x3, 0xff, 0x91, 0x6, 0x56, 0x1,
    0xff, 0xc8, 0x47, 0xf, 0x0, 0xff, 0xe4, 0xd,
    0x5, 0x90, 0x7, 0xff, 0x22, 0x86, 0x10, 0x3,
    0xff, 0x90, 0xe8, 0x1, 0xff, 0xca, 0x38, 0x0,
    0x41, 0x80, 0x7f, 0xf1, 0xf8, 0x3, 0x70, 0x7,
    0xff, 0x1d, 0x80, 0x31, 0x50, 0x7, 0xff, 0x1a,
    0x84, 0x3, 0x2a, 0x80, 0x3f, 0xf8, 0xa3, 0x60,
    0x1d, 0x44, 0x1, 0xff, 0xc5, 0x56, 0x0, 0xee,
    0x0, 0xff, 0xe3, 0x49, 0x0, 0x63, 0x80, 0xf,
    0xfe, 0x37, 0x0, 0x73, 0xa0, 0x7, 0xff, 0x14,
    0xe0, 0x3, 0xa8, 0x40, 0x3f, 0xe3, 0x0, 0xe7,
    0x40, 0xc, 0x34, 0x1, 0xed, 0x0, 0xc2, 0x20,
    0xe, 0xb6, 0x0, 0xc9, 0x0, 0x11, 0xc3, 0x80,
    0x76, 0xa8, 0x80, 0x69, 0xd6, 0x20, 0x3, 0xda,
    0x80,

    /* U+006C "l" */
    0x49, 0xff, 0xf6, 0xb0, 0x80, 0x7e, 0x49, 0x60,
    0xe, 0xc6, 0x10, 0xf, 0xf7, 0x80, 0x62, 0x10,
    0xf, 0xfe, 0x1, 0x80, 0x7f, 0xff, 0xc0, 0x3f,
    0xff, 0xe0, 0x1f, 0xff, 0xf0, 0xf, 0xfe, 0x32,
    0x0, 0x7f, 0xf1, 0x4c, 0x40, 0x3f, 0xf8, 0xb0,
    0x80, 0x1f, 0xfc, 0x47, 0x51, 0x0, 0x18, 0x7,
    0xff, 0x2, 0x20, 0xa0, 0x17, 0x80, 0x63, 0x77,
    0xd1, 0x3c, 0xe1, 0x80, 0x92, 0xc0, 0x18, 0x62,
    0x33, 0xb0, 0x80, 0xc, 0x0,

    /* U+006D "m" */
    0x0, 0xff, 0xed, 0xd1, 0x0, 0x7f, 0xf1, 0x46,
    0xc0, 0x3f, 0xf8, 0xf, 0xc0, 0x1f, 0xfc, 0x5a,
    0x50, 0xf, 0xfe, 0x1, 0x1b, 0x80, 0x7f, 0xf0,
    0xd5, 0x4, 0x40, 0x1f, 0xe2, 0x0, 0x41, 0x0,
    0x7f, 0xf0, 0xac, 0x0, 0x40, 0x1f, 0xe6, 0x0,
    0xb8, 0x3, 0xff, 0x83, 0x22, 0x0, 0x60, 0xf,
    0xf1, 0x0, 0x46, 0xe0, 0x1f, 0xf1, 0xb0, 0x4,
    0x40, 0x1f, 0xee, 0x0, 0xd0, 0x40, 0x1f, 0xee,
    0x0, 0xda, 0x1, 0xfe, 0x30, 0xe, 0xe0, 0xf,
    0xe7, 0x20, 0xc, 0xc0, 0x1f, 0xe6, 0x0, 0xe3,
    0x70, 0xf, 0x8a, 0x0, 0x38, 0x80, 0x3f, 0xc4,
    0x1, 0xe8, 0x20, 0xf, 0x48, 0x7, 0x84, 0x40,
    0x1f, 0x84, 0x0, 0xc0, 0x1d, 0xc0, 0x1c, 0xa8,
    0x10, 0x1, 0xc4, 0x1, 0xf9, 0x40, 0x64, 0x40,
    0x31, 0xb8, 0x4, 0x36, 0xc, 0xe0, 0x1c, 0xc0,
    0x1f, 0x88, 0x8, 0x28, 0x3, 0xa0, 0xc0, 0x10,
    0x22, 0x80, 0x10, 0xd, 0xa0, 0x1f, 0xb8, 0x18,
    0x11, 0x80, 0x3b, 0x80, 0xd8, 0x2c, 0x40, 0x80,
    0x31, 0x0, 0x7e, 0x20, 0x20, 0x4, 0x88, 0x6,
    0x28, 0xe0, 0x45, 0x0, 0x30, 0x6, 0x60, 0xf,
    0xce, 0x1c, 0x1, 0x50, 0x7, 0x39, 0x4, 0x80,
    0x44, 0x1, 0x8c, 0x3, 0xf1, 0x1, 0x0, 0x48,
    0xc0, 0x1e, 0x82, 0x0, 0xb8, 0x3, 0x84, 0x3,
    0xc2, 0x0, 0x60, 0xd, 0x2, 0x1, 0x89, 0xc0,
    0x31, 0x0, 0x71, 0x0, 0x78, 0x80, 0x4, 0x1,
    0x86, 0x80, 0x37, 0x0, 0x72, 0x80, 0x73, 0x0,
    0x79, 0x40, 0x40, 0x3c, 0x8a, 0x0, 0x53, 0x0,
    0xe1, 0x0, 0xed, 0x0, 0xf6, 0x81, 0x80, 0x7d,
    0x62, 0x10, 0x1, 0xff, 0xc0, 0x50, 0x8, 0x5a,
    0xd0, 0xa, 0xc, 0x3, 0x86, 0xc8, 0x80, 0x1c,
    0x70, 0x1, 0xc5, 0x8c, 0x42, 0xd7, 0xff, 0x41,
    0x80, 0x79, 0x64, 0x3, 0xc7, 0x1f, 0xfe, 0xc6,
    0x20,

    /* U+006E "n" */
    0x0, 0x88, 0x3, 0xff, 0x9f, 0xae, 0x1, 0xff,
    0xc0, 0x47, 0xff, 0xf6, 0x30, 0x80, 0x45, 0x12,
    0x1, 0xff, 0x23, 0xc8, 0x6, 0x1c, 0x61, 0x0,
    0x98, 0x1a, 0x80, 0x3f, 0xf8, 0xa, 0x1, 0x94,
    0x3, 0xf9, 0x70, 0x40, 0x3f, 0xf9, 0xc7, 0x84,
    0x1, 0xff, 0xce, 0x2c, 0x30, 0xf, 0xfe, 0x70,
    0xe2, 0x80, 0x7f, 0xf3, 0x8, 0x1, 0x4c, 0x1,
    0xff, 0xcb, 0x96, 0x0, 0x4c, 0x0, 0x7f, 0xf2,
    0xe6, 0x0, 0xf, 0x40, 0x1f, 0xfc, 0xb7, 0xa0,
    0x2, 0xe0, 0x80, 0x7f, 0xf2, 0x96, 0xc0, 0x7,
    0x84, 0x1, 0xff, 0xca, 0x4d, 0x10, 0x2c, 0x30,
    0xf, 0xfe, 0x51, 0x79, 0x80, 0xe5, 0x80, 0x7f,
    0xf2, 0x87, 0x10, 0x0, 0xe0, 0x1f, 0xfc, 0xcb,
    0x60, 0xf, 0xfe, 0x7c, 0xb8, 0x7, 0xff, 0x3e,
    0x24, 0x3, 0xff, 0x9e, 0xd6, 0x1, 0xff, 0xcf,
    0x4c, 0x10, 0x70, 0xf, 0x30, 0x6, 0x30, 0xf,
    0xfe, 0x1, 0xf9, 0x8, 0x4, 0x2d, 0x64, 0x1,
    0xa2, 0x8, 0x1, 0xff, 0xe, 0x8, 0x4,

    /* U+006F "o" */
    0x0, 0xf8, 0x9e, 0xb7, 0xff, 0x6d, 0x39, 0x0,
    0x7f, 0xf0, 0x13, 0x36, 0x14, 0x1e, 0x64, 0xe0,
    0xb1, 0xb6, 0x60, 0x1f, 0xd3, 0x66, 0x0, 0xad,
    0x86, 0x64, 0x6c, 0x80, 0x13, 0x24, 0x3, 0xec,
    0x60, 0xb, 0x14, 0x3, 0xcd, 0x80, 0x13, 0x58,
    0x7, 0x59, 0x80, 0x52, 0x60, 0x1f, 0x8e, 0x40,
    0x24, 0xa0, 0x9, 0x50, 0x2, 0x26, 0x0, 0xff,
    0x31, 0x0, 0x4a, 0xa0, 0x4, 0x0, 0x6a, 0x0,
    0xff, 0xe0, 0x50, 0x6, 0x80, 0x32, 0x0, 0xca,
    0x1, 0xff, 0xc0, 0x40, 0xc, 0x46, 0x80, 0x1c,
    0x40, 0x1f, 0xfc, 0x3, 0x0, 0xe4, 0xd0, 0xc,
    0x40, 0x1f, 0xfc, 0x22, 0x0, 0xda, 0x20, 0x18,
    0x40, 0x3f, 0xf8, 0xe2, 0x1, 0xff, 0xce, 0x10,
    0xc, 0x20, 0x1f, 0xfc, 0x71, 0xd0, 0xc, 0x40,
    0x1f, 0xfc, 0x22, 0x0, 0xda, 0x80, 0x1c, 0x40,
    0x1f, 0xfc, 0x2, 0x0, 0xe4, 0x32, 0x0, 0xca,
    0x1, 0xff, 0xc0, 0x50, 0xc, 0x46, 0x10, 0x1,
    0xa8, 0x3, 0xff, 0x81, 0x40, 0x1a, 0x0, 0xa,
    0x80, 0x11, 0x30, 0x7, 0xf9, 0x88, 0x2, 0x55,
    0x0, 0x56, 0x60, 0x14, 0x98, 0x7, 0xe3, 0x90,
    0x9, 0x28, 0x3, 0xb1, 0x80, 0x2c, 0x60, 0xf,
    0x36, 0x0, 0x4d, 0x60, 0x1f, 0x4e, 0x20, 0x2,
    0x76, 0x59, 0x93, 0xb2, 0x0, 0x4c, 0x90, 0xf,
    0xe3, 0xbd, 0x85, 0x6, 0x99, 0x30, 0x2c, 0xed,
    0x98, 0x7, 0x0,

    /* U+0070 "p" */
    0x48, 0xff, 0xff, 0x76, 0x49, 0x80, 0x64, 0x86,
    0x0, 0xc3, 0x32, 0x72, 0x13, 0x6c, 0xb1, 0x0,
    0xde, 0x1, 0x8d, 0x99, 0x1a, 0xe0, 0x12, 0x60,
    0x80, 0x46, 0x1, 0xfd, 0x6, 0x1, 0x14, 0x0,
    0x7f, 0xf0, 0xa8, 0x3, 0x30, 0x7, 0xff, 0x8,
    0x80, 0x38, 0xc0, 0x3f, 0xf8, 0xee, 0x1, 0xff,
    0xc1, 0x20, 0xe, 0x60, 0xf, 0xfe, 0xe, 0x80,
    0x71, 0x0, 0x7f, 0xf0, 0xd, 0x0, 0x33, 0x0,
    0x7f, 0xf0, 0xf, 0x40, 0x30, 0xc0, 0x7, 0xfa,
    0x73, 0x2, 0x1, 0x16, 0x8, 0x7, 0xfa, 0xd8,
    0x2, 0x28, 0xd2, 0x0, 0xff, 0x8a, 0xbf, 0xbf,
    0x5c, 0x3, 0xff, 0x88, 0x20, 0x1f, 0xff, 0xf0,
    0xf, 0xfe, 0x11, 0x80, 0x7f, 0xf1, 0xfc, 0x3,
    0x10, 0x80, 0x7f, 0xc9, 0x2c, 0x1, 0xda, 0xc2,
    0x1, 0xfc,

    /* U+0071 "q" */
    0x0, 0xf8, 0xe2, 0xf7, 0xfe, 0xec, 0x95, 0x0,
    0xff, 0xe8, 0x2e, 0xe3, 0xa0, 0xbc, 0xc2, 0x1b,
    0x57, 0xc0, 0x7, 0xff, 0x30, 0x6e, 0x88, 0x6,
    0xf2, 0x19, 0xeb, 0x90, 0x0, 0xfc, 0x60, 0x1f,
    0xfc, 0x91, 0xc4, 0x0, 0xe, 0x20, 0x7, 0xd,
    0xa8, 0x0, 0x71, 0x0, 0x3f, 0xf9, 0x14, 0x40,
    0x15, 0x90, 0x7, 0xea, 0x10, 0xa, 0xc8, 0x3,
    0xff, 0x8c, 0xc8, 0x1, 0x12, 0x80, 0x7f, 0xa4,
    0x3, 0x48, 0x7, 0xff, 0x1a, 0xc0, 0x35, 0x80,
    0x7f, 0xcc, 0x1, 0x90, 0xc0, 0x3f, 0xf8, 0x86,
    0x40, 0x19, 0x0, 0x3f, 0xe1, 0x30, 0xd, 0x40,
    0x1f, 0xfc, 0x44, 0x0, 0xe2, 0x0, 0xff, 0xe0,
    0x28, 0x6, 0x40, 0xf, 0xfe, 0x26, 0x80, 0x62,
    0x0, 0xff, 0xe0, 0xf0, 0x6, 0x20, 0xf, 0xfe,
    0x20, 0x80, 0x61, 0x0, 0xff, 0xe0, 0x88, 0x7,
    0x8, 0x7, 0xff, 0xb0, 0x40, 0x30, 0x80, 0x7f,
    0xf0, 0x44, 0x3, 0x84, 0x3, 0xff, 0x87, 0xa0,
    0x18, 0x80, 0x3f, 0xf8, 0x3c, 0x1, 0x88, 0x3,
    0xff, 0x88, 0x80, 0x1c, 0x40, 0x1f, 0xfc, 0x5,
    0x0, 0xc8, 0x1, 0xff, 0xc4, 0x32, 0x0, 0xc8,
    0x1, 0xff, 0x9, 0x80, 0x6a, 0x0, 0xff, 0xe2,
    0xd8, 0x6, 0xb0, 0xf, 0xf9, 0x80, 0x31, 0x98,
    0x3, 0xff, 0x8a, 0xc8, 0x1, 0x12, 0x80, 0x7f,
    0xa4, 0x3, 0x70, 0x7, 0xff, 0x1e, 0x88, 0x2,
    0xb2, 0x0, 0xfd, 0x62, 0x1, 0x59, 0x0, 0x7f,
    0xf1, 0xc7, 0x10, 0x0, 0x38, 0x80, 0x1c, 0x36,
    0x80, 0x1, 0xc4, 0x0, 0xff, 0xe4, 0x8d, 0xd1,
    0x0, 0xde, 0x43, 0x3d, 0x72, 0x0, 0xbf, 0x18,
    0x7, 0xff, 0x31, 0x77, 0x21, 0x5, 0xe6, 0x14,
    0x0, 0x51, 0x20, 0x1f, 0xfd, 0x3, 0x7b, 0xdf,
    0xf6, 0xc9, 0x1, 0x4f, 0x63, 0x90, 0x7, 0xff,
    0x4c, 0x9b, 0x68, 0x80, 0x7, 0x1b, 0x8c, 0x1,
    0xff, 0xc3, 0x10, 0xf, 0xfe, 0x22, 0xeb, 0x0,
    0x63, 0x9f, 0x94, 0x0, 0xff, 0x9b, 0x40, 0x3f,
    0xf8, 0xd3, 0x62, 0x1, 0xcd, 0x7d, 0x4e, 0x84,
    0x1, 0x1b, 0xec, 0xa8, 0x7, 0xff, 0x1d, 0x39,
    0x80, 0x3c, 0x2b, 0x17, 0xbf, 0xf6, 0x41, 0x5,
    0x80, 0x7f, 0xf2, 0x67, 0xc, 0x3, 0xff, 0x87,
    0x4, 0x1, 0xff, 0xca, 0x3c, 0xa2, 0x0, 0xff,
    0xe0, 0x43, 0x80, 0x7f, 0xf3, 0x57, 0x6d, 0x44,
    0x3, 0xe4, 0xc7, 0x0, 0xff, 0xe8, 0x25, 0x76,
    0xd4, 0x42, 0x6f, 0xac, 0xc0, 0x20,

    /* U+0072 "r" */
    0x27, 0xff, 0xff, 0xb6, 0x94, 0x3, 0xf8, 0x9e,
    0x80, 0x39, 0xde, 0x30, 0x25, 0xae, 0x40, 0xf,
    0xe6, 0x0, 0xe8, 0x8b, 0x24, 0x2, 0x1b, 0x40,
    0xf, 0xfe, 0x33, 0x30, 0x3, 0x48, 0x7, 0xff,
    0x1f, 0x40, 0x31, 0x18, 0x7, 0xff, 0x19, 0x40,
    0x39, 0x80, 0x3f, 0xf9, 0x86, 0x1, 0xff, 0xc6,
    0x20, 0xe, 0x20, 0xf, 0xfe, 0x32, 0x0, 0x72,
    0x0, 0x7f, 0xf1, 0xa8, 0x3, 0x38, 0x7, 0xff,
    0x1a, 0x48, 0x2, 0x38, 0x0, 0xff, 0xe1, 0xad,
    0xf3, 0x0, 0x4d, 0x80, 0x1f, 0xfc, 0x45, 0xc1,
    0x0, 0xe, 0x48, 0x7, 0xff, 0x19, 0xc8, 0x0,
    0x38, 0xa0, 0x1f, 0xfc, 0x7a, 0x0, 0xd4, 0x80,
    0x1f, 0xfc, 0x66, 0x0, 0xea, 0x10, 0xf, 0xfe,
    0x28, 0xb8, 0x6, 0x18, 0x0, 0xff, 0xe3, 0x40,
    0x80, 0x66, 0x40, 0xf, 0xfe, 0x35, 0x80, 0x75,
    0x8, 0x7, 0xff, 0x15, 0x54, 0x1, 0x86, 0xc0,
    0x3c, 0xc0, 0x1c, 0x60, 0x1d, 0x4a, 0x1, 0x96,
    0x0, 0x23, 0x7a, 0x0, 0xed, 0x72, 0x0, 0xd5,
    0x8c, 0x42, 0xf, 0x8e, 0x20,

    /* U+0073 "s" */
    0x0, 0xcd, 0x9d, 0xff, 0xf1, 0x80, 0x62, 0xd9,
    0x30, 0x69, 0x86, 0x10, 0x1, 0x0, 0x6f, 0x20,
    0x4e, 0x96, 0x79, 0xe6, 0x1, 0x0, 0x9c, 0x80,
    0x12, 0x1, 0xe9, 0x40, 0xd, 0x60, 0x11, 0x0,
    0x7d, 0xc0, 0x18, 0x80, 0x27, 0x0, 0xf9, 0x40,
    0x3f, 0x44, 0x88, 0x7, 0xf8, 0x80, 0x33, 0x7b,
    0x0, 0x7f, 0x50, 0x7, 0xc, 0xe1, 0x80, 0x7c,
    0xc8, 0x1, 0xe3, 0xc9, 0x10, 0xf, 0x5b, 0x80,
    0x7c, 0xde, 0xa0, 0x1e, 0x8c, 0x30, 0xf, 0xd,
    0x48, 0x7, 0x8f, 0x24, 0x3, 0xe6, 0x50, 0xf,
    0x9b, 0x94, 0x3, 0xdc, 0x0, 0x10, 0xe, 0x1a,
    0xb2, 0x0, 0xc8, 0x0, 0xa0, 0xf, 0x93, 0x50,
    0x3, 0xc8, 0x40, 0x1f, 0xa8, 0x2, 0x20, 0x40,
    0xa0, 0xf, 0xc2, 0x20, 0x2, 0x0, 0x83, 0x98,
    0x7, 0xc4, 0x20, 0xb, 0x1, 0x0, 0x62, 0x80,
    0x70, 0xf0, 0x2, 0x48, 0x11, 0x80, 0x15, 0xb2,
    0xee, 0x9f, 0x31, 0xa6, 0x0, 0xa7, 0x61, 0xd,
    0xa2, 0x8, 0x89, 0xe5, 0x0, 0x80,

    /* U+0074 "t" */
    0x65, 0x20, 0xf, 0xfe, 0x18, 0x9b, 0x16, 0x56,
    0xff, 0xff, 0xf0, 0xfb, 0x24, 0x40, 0x9, 0x17,
    0x78, 0x40, 0x33, 0x5d, 0xe9, 0x20, 0xa, 0x2d,
    0xd1, 0x31, 0x80, 0x6f, 0x44, 0xcd, 0xa6, 0x6,
    0xe0, 0x1f, 0xfc, 0x69, 0xf, 0x0, 0xff, 0xe3,
    0xb8, 0x30, 0x7, 0xff, 0x1c, 0x8c, 0x3, 0xff,
    0xfe, 0x1, 0xff, 0xff, 0x0, 0xff, 0xff, 0x80,
    0x7f, 0xff, 0xc0, 0x3f, 0xf8, 0x62, 0x40, 0x1b,
    0xc0, 0x3f, 0xf8, 0x22, 0xd8, 0x1, 0xcd, 0x28,
    0x1, 0xe0,

    /* U+0075 "u" */
    0x5, 0xaf, 0xfe, 0xe6, 0x20, 0xf, 0x96, 0xbf,
    0xe7, 0x30, 0x5a, 0x0, 0xe8, 0x62, 0x0, 0xf9,
    0x68, 0x0, 0xce, 0x60, 0x10, 0x80, 0x63, 0x0,
    0xff, 0x84, 0x4, 0x3, 0xff, 0xfe, 0x1, 0xff,
    0xff, 0x0, 0xff, 0xff, 0x80, 0x7f, 0xfa, 0xcc,
    0x3, 0xff, 0x8d, 0xe0, 0x1c, 0xc0, 0x18, 0x80,
    0x3f, 0xe1, 0x2, 0x0, 0xec, 0x0, 0xd8, 0x1,
    0xfe, 0x30, 0x2, 0x0, 0x73, 0x0, 0x64, 0x20,
    0xf, 0xe9, 0x4, 0x10, 0xe, 0x18, 0x0, 0xd2,
    0x1, 0xf9, 0x14, 0x20, 0x3, 0xe7, 0x60, 0x9,
    0x28, 0x40, 0x39, 0x6c, 0x24, 0xc0, 0x3f, 0x4c,
    0x84, 0x0, 0xbd, 0x4e, 0xe9, 0xda, 0x1b, 0x60,
    0xf, 0xf3, 0x75, 0x31, 0x8a, 0xc4, 0x11, 0xeb,
    0x90, 0x3, 0x80,

    /* U+0076 "v" */
    0x27, 0xff, 0xf9, 0xc4, 0x3, 0xe4, 0xef, 0xf9,
    0xc8, 0x8f, 0x20, 0x1e, 0x71, 0x0, 0xf9, 0x10,
    0x0, 0xb7, 0x20, 0x3, 0x18, 0x7, 0x18, 0x7,
    0xf3, 0x82, 0x20, 0x3, 0xa0, 0x3, 0xa8, 0x3,
    0xf2, 0x10, 0x40, 0x7, 0x90, 0x80, 0x33, 0x8,
    0x7, 0xde, 0x6, 0x60, 0xf, 0xa0, 0x3, 0x98,
    0x3, 0xc4, 0x81, 0x0, 0x1f, 0x94, 0x80, 0x34,
    0x80, 0x7a, 0xc0, 0x90, 0x3, 0xfa, 0x0, 0x30,
    0xa8, 0x6, 0x16, 0x8, 0x0, 0xff, 0x29, 0x0,
    0x69, 0x0, 0xcc, 0x4, 0xa0, 0x1f, 0xf5, 0x80,
    0x63, 0x30, 0x5, 0x21, 0x60, 0x1f, 0xfc, 0x6,
    0x10, 0xd, 0x40, 0x5, 0x11, 0x30, 0x7, 0xff,
    0x6, 0x40, 0x33, 0x8, 0x48, 0x48, 0x7, 0xff,
    0x9, 0xc4, 0x3, 0x31, 0x98, 0x1c, 0x3, 0xff,
    0x87, 0x20, 0x1a, 0x64, 0xe, 0x1, 0xff, 0xc4,
    0x70, 0xc, 0x2a, 0x12, 0x1, 0xff, 0xc5, 0x70,
    0xe, 0x61, 0x0, 0xff, 0xe2, 0xc8, 0x7, 0x40,
    0x7, 0xff, 0x18, 0x5c, 0x2, 0x51, 0x0, 0xff,
    0xe3, 0xc8, 0x5, 0x0, 0x1f, 0xfc, 0x81, 0x60,
    0x32, 0x0, 0xff, 0xe4, 0xc0, 0x48, 0x7, 0xff,
    0x28, 0x59, 0x40, 0x3f, 0xe0,

    /* U+0077 "w" */
    0x0, 0xff, 0xe3, 0x20, 0x7, 0xff, 0xc, 0x97,
    0x7f, 0xfb, 0x90, 0x3, 0xe2, 0xb2, 0x0, 0xf0,
    0xcf, 0xfc, 0xe4, 0x4, 0xbe, 0x1, 0xca, 0x80,
    0x1f, 0x40, 0x58, 0x7, 0x86, 0x80, 0x14, 0xe4,
    0x1, 0x13, 0x0, 0x64, 0x0, 0xf8, 0x54, 0x18,
    0x40, 0x3c, 0xc0, 0x2a, 0x1, 0xea, 0x0, 0xe5,
    0x0, 0xf4, 0x80, 0x50, 0x1, 0xef, 0x7, 0x0,
    0xf8, 0xc8, 0x3, 0x70, 0x7, 0x9c, 0x2, 0x61,
    0x0, 0xe4, 0xd, 0x0, 0xfd, 0x40, 0x19, 0x4,
    0x3, 0x38, 0x7, 0x40, 0x6, 0x31, 0x12, 0x0,
    0x7e, 0x60, 0xe, 0x60, 0xd, 0x20, 0x1c, 0xc2,
    0x1, 0x58, 0x38, 0x7, 0xf0, 0xa0, 0x6, 0xa0,
    0x9, 0x44, 0x3, 0xd0, 0x1, 0x20, 0x68, 0x7,
    0xfb, 0x80, 0x31, 0x18, 0x2, 0x41, 0x90, 0x3,
    0x30, 0x80, 0x98, 0x20, 0x7, 0xf9, 0x44, 0x3,
    0x50, 0x21, 0x85, 0xc0, 0x7, 0x40, 0x38, 0x28,
    0x7, 0xff, 0x1, 0x80, 0x33, 0x87, 0x82, 0x91,
    0x98, 0x3, 0x30, 0xe0, 0x78, 0x7, 0xff, 0x2,
    0x80, 0x30, 0xba, 0x4, 0x80, 0x20, 0x3, 0xa1,
    0x41, 0x40, 0x3f, 0xf8, 0x4, 0x60, 0x1a, 0x1,
    0xc, 0x0, 0x86, 0x1, 0x98, 0x14, 0x3, 0xff,
    0x85, 0x40, 0x1e, 0xf0, 0xd, 0x0, 0x1e, 0xf0,
    0xf, 0xfe, 0x13, 0x0, 0x71, 0xa0, 0x6, 0x43,
    0x0, 0xe5, 0x0, 0xff, 0xe1, 0xa8, 0x6, 0x90,
    0xf, 0x40, 0x6, 0x40, 0xf, 0xfe, 0x27, 0x0,
    0x44, 0xa0, 0x1e, 0x43, 0x0, 0xb4, 0x3, 0xff,
    0x88, 0x84, 0x0, 0xb0, 0xf, 0xd2, 0x1, 0x38,
    0x7, 0xff, 0x16, 0x80, 0xc, 0x1, 0xf9, 0x48,
    0xc, 0x40, 0x3f, 0xf8, 0xac, 0xa, 0x1, 0xfe,
    0x80, 0x40, 0xf, 0xfe, 0x30, 0xa6, 0x0, 0x7f,
    0x94, 0xb4, 0x3, 0xff, 0x8f, 0xca, 0x1, 0xff,
    0x5b, 0x0, 0x7f, 0x0,

    /* U+0078 "x" */
    0x15, 0x9f, 0xff, 0xad, 0x0, 0x31, 0x47, 0xfe,
    0xa5, 0x10, 0x15, 0x9b, 0x0, 0xf4, 0x20, 0x6,
    0x28, 0x10, 0x5, 0x51, 0x44, 0x3, 0x24, 0x0,
    0x75, 0x80, 0x78, 0xc4, 0x21, 0x40, 0x3f, 0x39,
    0x80, 0x67, 0x20, 0xe, 0xe0, 0x37, 0x0, 0xff,
    0x78, 0x7, 0x70, 0x6, 0x82, 0xe, 0x0, 0xff,
    0x8d, 0xc0, 0x31, 0xb0, 0x0, 0x9c, 0x20, 0x80,
    0x3f, 0xf8, 0x10, 0x20, 0x1a, 0x44, 0x38, 0xd,
    0xc0, 0x3f, 0xf8, 0x54, 0x1, 0xd6, 0xc6, 0x1c,
    0x1, 0xff, 0xc3, 0x45, 0x0, 0xcb, 0x21, 0x24,
    0x1, 0xff, 0xc4, 0xb0, 0xf, 0x1b, 0x0, 0x7f,
    0xf1, 0x46, 0x40, 0x39, 0x40, 0x3f, 0xf8, 0xec,
    0x20, 0x19, 0x8c, 0x3, 0xff, 0x8d, 0x2, 0x1,
    0xdc, 0x1, 0xff, 0xc5, 0x47, 0x4, 0x0, 0xc4,
    0xe0, 0x1f, 0xfc, 0x31, 0xa0, 0x7b, 0x20, 0xd,
    0x4, 0x1, 0xff, 0xc2, 0xa1, 0x38, 0x9, 0x0,
    0xe9, 0x0, 0xff, 0xe0, 0xba, 0x7, 0x0, 0x11,
    0x40, 0x32, 0x30, 0x7, 0xfc, 0x70, 0x12, 0x40,
    0x15, 0x88, 0x6, 0x81, 0x0, 0xfe, 0x1d, 0x5,
    0x60, 0xc, 0x36, 0x1, 0x86, 0xc0, 0x3f, 0xa8,
    0x45, 0x60, 0x1e, 0x54, 0x0, 0xca, 0x80, 0x1f,
    0x52, 0x3, 0x88, 0x7, 0xda, 0x1, 0xd6, 0x40,
    0x11, 0xb6, 0xa8, 0x1, 0xd8, 0x40, 0x39, 0x6c,
    0x3, 0xdb, 0x2a, 0x0,

    /* U+0079 "y" */
    0x5, 0x8f, 0xff, 0xad, 0x0, 0x3c, 0x73, 0xff,
    0xa1, 0x40, 0xb, 0x1a, 0x1, 0xe8, 0x40, 0xf,
    0x1c, 0x80, 0x7, 0x61, 0x40, 0x31, 0x58, 0x7,
    0x20, 0x7, 0xe4, 0x0, 0x51, 0x0, 0x7c, 0x8a,
    0x1, 0xa4, 0x40, 0x3e, 0x90, 0x64, 0x0, 0xfe,
    0xb0, 0xc, 0x30, 0x1, 0xe6, 0x21, 0x80, 0xf,
    0xf0, 0xc0, 0x6, 0x62, 0x0, 0xe8, 0xb, 0x10,
    0xf, 0xf9, 0xcc, 0x3, 0x40, 0x6, 0x81, 0x45,
    0x0, 0xff, 0xe0, 0xf8, 0x6, 0x53, 0x0, 0x13,
    0x84, 0x80, 0x7f, 0xf0, 0x8d, 0x80, 0x37, 0x80,
    0x20, 0x20, 0x80, 0x3f, 0xf8, 0x72, 0x20, 0x11,
    0xa9, 0xa9, 0x38, 0x7, 0xff, 0x16, 0xc0, 0x35,
    0xf8, 0x70, 0x7, 0xff, 0x19, 0x50, 0x2, 0x13,
    0x63, 0x0, 0xff, 0xe3, 0xc0, 0x7, 0x40, 0x7,
    0xff, 0x20, 0x40, 0x38, 0x40, 0x3f, 0xff, 0xe0,
    0x1f, 0xff, 0xf0, 0xf, 0xf8, 0x40, 0x3f, 0xf9,
    0x8, 0x1, 0xca, 0x1, 0xff, 0xc6, 0x37, 0x90,
    0xe, 0xa7, 0x20, 0xf, 0xc0,

    /* U+007A "z" */
    0x15, 0x20, 0xf, 0xfe, 0x19, 0x0, 0xa, 0xb7,
    0xff, 0xff, 0x87, 0x0, 0x18, 0x5a, 0x23, 0xe7,
    0x0, 0xf4, 0x0, 0x45, 0xf2, 0xef, 0xf7, 0x80,
    0x73, 0x90, 0x5, 0x62, 0x1, 0xf0, 0xc0, 0x6,
    0x18, 0x0, 0xc8, 0x1, 0xfa, 0xc0, 0x3a, 0x0,
    0x31, 0x90, 0x7, 0xc8, 0xa0, 0x18, 0x98, 0x3,
    0xff, 0x83, 0x20, 0x1d, 0x20, 0x1f, 0xfc, 0x16,
    0x20, 0xc, 0x88, 0x0, 0xff, 0xe0, 0xc, 0x0,
    0x74, 0x80, 0x7f, 0xf0, 0x60, 0x40, 0x33, 0x10,
    0x7, 0xff, 0x0, 0x98, 0x3, 0xc, 0x0, 0x7f,
    0xf0, 0x78, 0x3, 0xa0, 0x40, 0x3f, 0xf8, 0xa,
    0x60, 0x18, 0x98, 0x3, 0xff, 0x83, 0x60, 0x1d,
    0x20, 0x1f, 0xfc, 0x18, 0x10, 0xc, 0x88, 0x0,
    0xff, 0xe0, 0x13, 0x80, 0x74, 0x80, 0x7e, 0x22,
    0x0, 0x50, 0x1, 0xcc, 0x40, 0x1f, 0x94, 0x80,
    0x8, 0xa0, 0x18, 0x60, 0x3, 0xf0, 0xe0, 0x5,
    0x20, 0x1d, 0x22, 0x1, 0xfa, 0x88, 0x0, 0xe4,
    0x1, 0x89, 0xc0, 0x3e, 0x1b, 0x4c, 0x1, 0x80,
    0xe, 0x76, 0x6e, 0x78, 0xbe, 0x40, 0x40, 0x80,
    0xf, 0x2c, 0xcf, 0x43, 0xa0, 0x0, 0x44, 0x0,

    /* U+007B "{" */
    0x0, 0xe5, 0xad, 0xb4, 0x0, 0x8b, 0x29, 0x52,
    0xd0, 0x0, 0x5a, 0x60, 0x32, 0x1, 0xbc, 0x2,
    0x40, 0xc, 0xa4, 0x1, 0x10, 0x6, 0xf0, 0xd,
    0xe0, 0x19, 0x0, 0x3f, 0x84, 0x3, 0xf8, 0x40,
    0x30, 0x80, 0x63, 0x0, 0xc6, 0x1, 0x9c, 0x3,
    0x8, 0x6, 0xd0, 0xc, 0xa0, 0x18, 0xc0, 0x23,
    0x10, 0xc, 0xc0, 0x17, 0x80, 0x64, 0x80, 0x4c,
    0x30, 0xc, 0xc0, 0x1f, 0xc5, 0xc0, 0x98, 0x60,
    0x1c, 0x20, 0x14, 0x0, 0x76, 0x80, 0x48, 0x20,
    0x18, 0xc0, 0x32, 0x80, 0x66, 0x0, 0xc2, 0x1,
    0x8c, 0x3, 0x18, 0x6, 0x10, 0xc, 0x20, 0x18,
    0x40, 0x30, 0x80, 0x65, 0x0, 0xfe, 0xc0, 0xf,
    0xe6, 0x10, 0xb, 0x80, 0x30, 0xd8, 0x4, 0x60,
    0x1c, 0xb4, 0x20, 0x88, 0x0, 0xe5, 0xf8, 0x4a,
    0x81,

    /* U+007C "|" */
    0x6f, 0xa0, 0xf, 0xff, 0xf8, 0x7, 0xff, 0xd,
    0x5f, 0xc0,

    /* U+007D "}" */
    0x6d, 0xc8, 0x30, 0xe, 0x6c, 0x17, 0xc9, 0x0,
    0xe1, 0x90, 0x3, 0x60, 0x7, 0x20, 0x4, 0x70,
    0x1, 0xc4, 0x1, 0x38, 0x80, 0x61, 0x0, 0xc8,
    0x1, 0xfd, 0xa0, 0x1f, 0xc4, 0x1, 0x9c, 0x3,
    0xf8, 0x40, 0x31, 0x0, 0x63, 0x0, 0xda, 0x1,
    0xbc, 0x3, 0x38, 0x6, 0x70, 0xc, 0x40, 0x18,
    0x5c, 0x0, 0x20, 0x1e, 0x8a, 0x21, 0x73, 0x0,
    0xfe, 0x20, 0xc, 0xf4, 0x40, 0xe2, 0x1, 0xc,
    0x0, 0x42, 0x1, 0x90, 0x3, 0x10, 0x6, 0xc0,
    0xc, 0xa0, 0x18, 0xc0, 0x37, 0x0, 0x61, 0x0,
    0xc4, 0x1, 0x9c, 0x3, 0xff, 0x84, 0x60, 0x19,
    0xc0, 0x37, 0x80, 0x67, 0x0, 0xce, 0x1, 0x84,
    0x2, 0x51, 0x0, 0xc4, 0x0, 0x1b, 0x0, 0xd0,
    0x0, 0x3c, 0x10, 0x1, 0xd2, 0xaa, 0xb0, 0x80,
    0x20,

    /* U+007E "~" */
    0x0, 0xff, 0xe3, 0x9d, 0xff, 0xb1, 0x40, 0x3c,
    0xff, 0x20, 0x78, 0x80, 0x3, 0xac, 0x30, 0xc,
    0x20, 0x41, 0x0, 0x9d, 0xf4, 0x47, 0x92, 0x20,
    0x36, 0x6, 0xc, 0x10, 0x20, 0xbb, 0x0, 0xdd,
    0xbc, 0x43, 0x20, 0x20, 0x1e, 0x7e, 0x71, 0x21,
    0x6f, 0x10
};


/*---------------------
 *  GLYPH DESCRIPTION
 *--------------------*/

static const lv_font_fmt_txt_glyph_dsc_t glyph_dsc[] = {
    {.bitmap_index = 0, .adv_w = 0, .box_w = 0, .box_h = 0, .ofs_x = 0, .ofs_y = 0} /* id = 0 reserved */,
    {.bitmap_index = 0, .adv_w = 144, .box_w = 0, .box_h = 0, .ofs_x = 0, .ofs_y = 0},
    {.bitmap_index = 0, .adv_w = 155, .box_w = 6, .box_h = 25, .ofs_x = 2, .ofs_y = 0},
    {.bitmap_index = 67, .adv_w = 209, .box_w = 11, .box_h = 9, .ofs_x = 1, .ofs_y = 17},
    {.bitmap_index = 116, .adv_w = 331, .box_w = 20, .box_h = 25, .ofs_x = 0, .ofs_y = 0},
    {.bitmap_index = 291, .adv_w = 321, .box_w = 18, .box_h = 33, .ofs_x = 1, .ofs_y = -4},
    {.bitmap_index = 514, .adv_w = 426, .box_w = 26, .box_h = 27, .ofs_x = 0, .ofs_y = -1},
    {.bitmap_index = 781, .adv_w = 465, .box_w = 31, .box_h = 26, .ofs_x = 0, .ofs_y = 0},
    {.bitmap_index = 1044, .adv_w = 115, .box_w = 5, .box_h = 9, .ofs_x = 1, .ofs_y = 17},
    {.bitmap_index = 1068, .adv_w = 244, .box_w = 12, .box_h = 31, .ofs_x = 3, .ofs_y = -4},
    {.bitmap_index = 1195, .adv_w = 244, .box_w = 12, .box_h = 31, .ofs_x = 1, .ofs_y = -4},
    {.bitmap_index = 1317, .adv_w = 223, .box_w = 12, .box_h = 12, .ofs_x = 1, .ofs_y = 16},
    {.bitmap_index = 1385, .adv_w = 277, .box_w = 15, .box_h = 15, .ofs_x = 1, .ofs_y = 4},
    {.bitmap_index = 1415, .adv_w = 133, .box_w = 7, .box_h = 10, .ofs_x = 1, .ofs_y = -5},
    {.bitmap_index = 1449, .adv_w = 219, .box_w = 12, .box_h = 3, .ofs_x = 1, .ofs_y = 9},
    {.bitmap_index = 1459, .adv_w = 128, .box_w = 6, .box_h = 6, .ofs_x = 1, .ofs_y = 0},
    {.bitmap_index = 1477, .adv_w = 245, .box_w = 16, .box_h = 27, .ofs_x = 0, .ofs_y = -1},
    {.bitmap_index = 1609, .adv_w = 376, .box_w = 21, .box_h = 27, .ofs_x = 1, .ofs_y = -1},
    {.bitmap_index = 1812, .adv_w = 226, .box_w = 12, .box_h = 26, .ofs_x = 1, .ofs_y = 0},
    {.bitmap_index = 1853, .adv_w = 355, .box_w = 20, .box_h = 26, .ofs_x = 1, .ofs_y = 0},
    {.bitmap_index = 2035, .adv_w = 324, .box_w = 18, .box_h = 29, .ofs_x = 1, .ofs_y = -3},
    {.bitmap_index = 2216, .adv_w = 357, .box_w = 22, .box_h = 26, .ofs_x = 0, .ofs_y = 0},
    {.bitmap_index = 2343, .adv_w = 319, .box_w = 18, .box_h = 29, .ofs_x = 0, .ofs_y = -2},
    {.bitmap_index = 2516, .adv_w = 363, .box_w = 21, .box_h = 28, .ofs_x = 1, .ofs_y = -1},
    {.bitmap_index = 2721, .adv_w = 314, .box_w = 19, .box_h = 25, .ofs_x = 0, .ofs_y = 0},
    {.bitmap_index = 2858, .adv_w = 347, .box_w = 20, .box_h = 27, .ofs_x = 1, .ofs_y = -1},
    {.bitmap_index = 3065, .adv_w = 363, .box_w = 20, .box_h = 28, .ofs_x = 1, .ofs_y = -2},
    {.bitmap_index = 3264, .adv_w = 128, .box_w = 6, .box_h = 19, .ofs_x = 1, .ofs_y = 0},
    {.bitmap_index = 3303, .adv_w = 133, .box_w = 7, .box_h = 25, .ofs_x = 1, .ofs_y = -5},
    {.bitmap_index = 3362, .adv_w = 284, .box_w = 15, .box_h = 16, .ofs_x = 1, .ofs_y = 3},
    {.bitmap_index = 3450, .adv_w = 277, .box_w = 15, .box_h = 9, .ofs_x = 1, .ofs_y = 7},
    {.bitmap_index = 3475, .adv_w = 277, .box_w = 15, .box_h = 16, .ofs_x = 1, .ofs_y = 3},
    {.bitmap_index = 3562, .adv_w = 266, .box_w = 16, .box_h = 26, .ofs_x = 0, .ofs_y = 0},
    {.bitmap_index = 3701, .adv_w = 570, .box_w = 34, .box_h = 30, .ofs_x = 1, .ofs_y = -4},
    {.bitmap_index = 4052, .adv_w = 413, .box_w = 29, .box_h = 26, .ofs_x = -2, .ofs_y = 0},
    {.bitmap_index = 4251, .adv_w = 388, .box_w = 23, .box_h = 25, .ofs_x = 1, .ofs_y = 0},
    {.bitmap_index = 4420, .adv_w = 449, .box_w = 26, .box_h = 27, .ofs_x = 1, .ofs_y = -1},
    {.bitmap_index = 4639, .adv_w = 477, .box_w = 28, .box_h = 25, .ofs_x = 1, .ofs_y = 0},
    {.bitmap_index = 4806, .adv_w = 364, .box_w = 21, .box_h = 26, .ofs_x = 1, .ofs_y = 0},
    {.bitmap_index = 4940, .adv_w = 343, .box_w = 19, .box_h = 26, .ofs_x = 1, .ofs_y = 0},
    {.bitmap_index = 5047, .adv_w = 482, .box_w = 29, .box_h = 27, .ofs_x = 1, .ofs_y = -1},
    {.bitmap_index = 5275, .adv_w = 497, .box_w = 29, .box_h = 25, .ofs_x = 1, .ofs_y = 0},
    {.bitmap_index = 5376, .adv_w = 223, .box_w = 12, .box_h = 25, .ofs_x = 1, .ofs_y = 0},
    {.bitmap_index = 5415, .adv_w = 222, .box_w = 13, .box_h = 33, .ofs_x = 0, .ofs_y = -8},
    {.bitmap_index = 5487, .adv_w = 436, .box_w = 27, .box_h = 25, .ofs_x = 1, .ofs_y = 0},
    {.bitmap_index = 5662, .adv_w = 355, .box_w = 21, .box_h = 25, .ofs_x = 1, .ofs_y = 0},
    {.bitmap_index = 5740, .adv_w = 549, .box_w = 36, .box_h = 27, .ofs_x = -1, .ofs_y = -1},
    {.bitmap_index = 6053, .adv_w = 498, .box_w = 30, .box_h = 27, .ofs_x = 1, .ofs_y = -1},
    {.bitmap_index = 6230, .adv_w = 506, .box_w = 30, .box_h = 27, .ofs_x = 1, .ofs_y = -1},
    {.bitmap_index = 6496, .adv_w = 378, .box_w = 22, .box_h = 25, .ofs_x = 1, .ofs_y = 0},
    {.bitmap_index = 6627, .adv_w = 509, .box_w = 48, .box_h = 37, .ofs_x = 1, .ofs_y = -11},
    {.bitmap_index = 7038, .adv_w = 430, .box_w = 28, .box_h = 25, .ofs_x = 1, .ofs_y = 0},
    {.bitmap_index = 7220, .adv_w = 333, .box_w = 19, .box_h = 27, .ofs_x = 1, .ofs_y = -1},
    {.bitmap_index = 7403, .adv_w = 384, .box_w = 24, .box_h = 26, .ofs_x = 0, .ofs_y = 0},
    {.bitmap_index = 7490, .adv_w = 473, .box_w = 28, .box_h = 26, .ofs_x = 1, .ofs_y = -1},
    {.bitmap_index = 7624, .adv_w = 419, .box_w = 30, .box_h = 26, .ofs_x = -2, .ofs_y = -1},
    {.bitmap_index = 7833, .adv_w = 559, .box_w = 38, .box_h = 27, .ofs_x = -2, .ofs_y = -1},
    {.bitmap_index = 8147, .adv_w = 420, .box_w = 29, .box_h = 25, .ofs_x = -1, .ofs_y = 0},
    {.bitmap_index = 8371, .adv_w = 404, .box_w = 29, .box_h = 25, .ofs_x = -2, .ofs_y = 0},
    {.bitmap_index = 8528, .adv_w = 381, .box_w = 22, .box_h = 26, .ofs_x = 1, .ofs_y = 0},
    {.bitmap_index = 8709, .adv_w = 240, .box_w = 10, .box_h = 29, .ofs_x = 4, .ofs_y = -3},
    {.bitmap_index = 8738, .adv_w = 245, .box_w = 16, .box_h = 27, .ofs_x = 0, .ofs_y = -1},
    {.bitmap_index = 8867, .adv_w = 240, .box_w = 10, .box_h = 29, .ofs_x = 1, .ofs_y = -3},
    {.bitmap_index = 8896, .adv_w = 319, .box_w = 18, .box_h = 7, .ofs_x = 1, .ofs_y = 6},
    {.bitmap_index = 8946, .adv_w = 288, .box_w = 18, .box_h = 2, .ofs_x = 0, .ofs_y = -4},
    {.bitmap_index = 8953, .adv_w = 309, .box_w = 8, .box_h = 7, .ofs_x = 2, .ofs_y = 26},
    {.bitmap_index = 8980, .adv_w = 371, .box_w = 26, .box_h = 23, .ofs_x = -1, .ofs_y = 0},
    {.bitmap_index = 9149, .adv_w = 348, .box_w = 20, .box_h = 22, .ofs_x = 1, .ofs_y = 0},
    {.bitmap_index = 9291, .adv_w = 393, .box_w = 23, .box_h = 22, .ofs_x = 1, .ofs_y = 0},
    {.bitmap_index = 9461, .adv_w = 431, .box_w = 25, .box_h = 22, .ofs_x = 1, .ofs_y = 0},
    {.bitmap_index = 9601, .adv_w = 325, .box_w = 19, .box_h = 23, .ofs_x = 1, .ofs_y = 0},
    {.bitmap_index = 9720, .adv_w = 308, .box_w = 17, .box_h = 23, .ofs_x = 1, .ofs_y = 0},
    {.bitmap_index = 9816, .adv_w = 420, .box_w = 25, .box_h = 22, .ofs_x = 1, .ofs_y = 0},
    {.bitmap_index = 9990, .adv_w = 433, .box_w = 25, .box_h = 22, .ofs_x = 1, .ofs_y = 0},
    {.bitmap_index = 10076, .adv_w = 203, .box_w = 11, .box_h = 22, .ofs_x = 1, .ofs_y = 0},
    {.bitmap_index = 10111, .adv_w = 196, .box_w = 13, .box_h = 28, .ofs_x = -1, .ofs_y = -6},
    {.bitmap_index = 10171, .adv_w = 388, .box_w = 25, .box_h = 22, .ofs_x = 1, .ofs_y = 0},
    {.bitmap_index = 10324, .adv_w = 316, .box_w = 19, .box_h = 22, .ofs_x = 1, .ofs_y = 0},
    {.bitmap_index = 10393, .adv_w = 497, .box_w = 33, .box_h = 24, .ofs_x = -1, .ofs_y = -1},
    {.bitmap_index = 10650, .adv_w = 449, .box_w = 28, .box_h = 23, .ofs_x = 0, .ofs_y = 0},
    {.bitmap_index = 10793, .adv_w = 448, .box_w = 26, .box_h = 22, .ofs_x = 1, .ofs_y = 0},
    {.bitmap_index = 10988, .adv_w = 338, .box_w = 20, .box_h = 22, .ofs_x = 1, .ofs_y = 0},
    {.bitmap_index = 11102, .adv_w = 442, .box_w = 41, .box_h = 31, .ofs_x = 1, .ofs_y = -9},
    {.bitmap_index = 11436, .adv_w = 379, .box_w = 25, .box_h = 22, .ofs_x = 1, .ofs_y = 0},
    {.bitmap_index = 11585, .adv_w = 297, .box_w = 17, .box_h = 22, .ofs_x = 1, .ofs_y = 0},
    {.bitmap_index = 11727, .adv_w = 345, .box_w = 22, .box_h = 23, .ofs_x = 0, .ofs_y = 0},
    {.bitmap_index = 11801, .adv_w = 406, .box_w = 25, .box_h = 22, .ofs_x = 0, .ofs_y = 0},
    {.bitmap_index = 11908, .adv_w = 367, .box_w = 25, .box_h = 22, .ofs_x = -1, .ofs_y = 0},
    {.bitmap_index = 12073, .adv_w = 501, .box_w = 34, .box_h = 23, .ofs_x = -1, .ofs_y = 0},
    {.bitmap_index = 12325, .adv_w = 374, .box_w = 26, .box_h = 22, .ofs_x = -1, .ofs_y = 0},
    {.bitmap_index = 12513, .adv_w = 366, .box_w = 27, .box_h = 22, .ofs_x = -2, .ofs_y = 0},
    {.bitmap_index = 12654, .adv_w = 350, .box_w = 21, .box_h = 23, .ofs_x = 1, .ofs_y = 0},
    {.bitmap_index = 12814, .adv_w = 219, .box_w = 10, .box_h = 30, .ofs_x = 3, .ofs_y = -4},
    {.bitmap_index = 12927, .adv_w = 148, .box_w = 3, .box_h = 32, .ofs_x = 3, .ofs_y = -7},
    {.bitmap_index = 12937, .adv_w = 219, .box_w = 10, .box_h = 30, .ofs_x = 1, .ofs_y = -4},
    {.bitmap_index = 13050, .adv_w = 285, .box_w = 17, .box_h = 6, .ofs_x = 0, .ofs_y = 8}
};

/*---------------------
 *  CHARACTER MAPPING
 *--------------------*/



/*Collect the unicode lists and glyph_id offsets*/
static const lv_font_fmt_txt_cmap_t cmaps[] =
{
    {
        .range_start = 32, .range_length = 95, .glyph_id_start = 1,
        .unicode_list = NULL, .glyph_id_ofs_list = NULL, .list_length = 0, .type = LV_FONT_FMT_TXT_CMAP_FORMAT0_TINY
    }
};

/*-----------------
 *    KERNING
 *----------------*/


/*Map glyph_ids to kern left classes*/
static const uint8_t kern_left_class_mapping[] =
{
    0, 0, 0, 1, 0, 0, 0, 0,
    1, 0, 0, 0, 2, 3, 4, 3,
    5, 6, 7, 8, 9, 10, 11, 12,
    13, 14, 15, 16, 16, 0, 0, 0,
    17, 0, 18, 19, 20, 21, 22, 23,
    24, 25, 25, 26, 27, 28, 29, 30,
    21, 31, 21, 32, 33, 34, 35, 36,
    37, 38, 39, 40, 0, 41, 0, 0,
    0, 0, 42, 43, 44, 45, 46, 47,
    48, 49, 49, 49, 50, 51, 52, 53,
    45, 54, 45, 55, 56, 57, 58, 59,
    60, 61, 62, 63, 0, 0, 0, 0
};

/*Map glyph_ids to kern right classes*/
static const uint8_t kern_right_class_mapping[] =
{
    0, 1, 2, 3, 0, 0, 0, 0,
    3, 0, 0, 4, 5, 6, 7, 6,
    8, 9, 10, 11, 12, 13, 14, 15,
    16, 17, 18, 19, 19, 0, 0, 0,
    20, 0, 21, 22, 23, 22, 22, 22,
    23, 22, 22, 24, 22, 22, 25, 22,
    23, 22, 23, 22, 26, 27, 28, 29,
    30, 31, 32, 33, 0, 34, 0, 0,
    0, 0, 35, 36, 37, 36, 36, 36,
    37, 36, 36, 38, 36, 36, 39, 40,
    37, 36, 37, 36, 41, 42, 43, 44,
    45, 46, 47, 48, 0, 0, 0, 0
};

/*Kern values between classes*/
static const int8_t kern_class_values[] =
{
    0, 0, 0, 0, 0, 0, 0, 0,
    0, 0, 0, 0, 0, 0, 0, 0,
    0, 0, 0, 0, -82, 0, -18, 0,
    -18, -2, 12, 0, 17, 0, 0, 18,
    0, 0, -62, 0, -19, 0, -33, 0,
    -14, 7, 0, 9, 7, 3, 9, 0,
    0, 0, 0, 0, 0, 0, 0, 0,
    0, 0, -21, -25, 0, 0, 0, -25,
    0, 0, 0, 0, 0, 0, 0, 0,
    0, 0, 0, 0, 0, 0, 0, 0,
    0, 0, 0, 0, 0, 0, 0, 0,
    0, 0, 0, 0, 0, 0, 0, 0,
    0, 0, 0, -14, 0, 0, 0, 0,
    -17, 0, 0, 0, -17, 0, -7, -28,
    5, -36, 0, 0, 0, 0, 0, 0,
    0, 0, 0, 0, 0, 0, 0, 0,
    0, 0, 0, 0, -3, 0, 0, 0,
    0, 0, 0, 0, 0, 0, 0, 0,
    0, 0, 0, 0, 0, 0, 0, 0,
    5, 0, -25, -28, 14, 0, 9, -39,
    7, -10, 0, 0, -2, 0, 0, 0,
    0, 0, -50, 0, -29, -16, -33, -41,
    -22, 0, -5, 0, 9, 0, 0, 0,
    0, -40, 0, -16, -10, -26, -33, -19,
    0, 0, 0, 0, 0, 0, 0, 0,
    0, 0, 0, 0, 0, 0, 0, 0,
    0, 0, 0, 0, -32, 0, 0, 0,
    0, 0, 7, 0, 23, 26, 21, 9,
    0, 0, -33, 0, 0, 0, 0, 0,
    0, 0, 0, 12, 14, 0, 10, 0,
    0, 0, 0, 0, 0, -17, 5, 0,
    -2, 0, -14, -12, 0, 0, 5, 1,
    0, 0, 0, 0, 0, 0, 0, 0,
    0, 0, 0, 0, 0, 0, 0, 0,
    0, 0, 0, 0, 0, 0, 0, 0,
    0, 0, 0, 0, 0, 0, 0, 0,
    0, 0, 0, 0, 0, 0, 0, 0,
    0, 8, 0, 0, -3, 0, 0, 0,
    0, -5, 0, 0, 0, 0, 0, 0,
    0, 0, 0, 0, 0, 0, 0, 0,
    0, 0, 0, 0, 0, 0, 0, 0,
    0, 0, 0, 0, 0, 0, 0, 0,
    0, 0, 0, 0, 0, 0, 5, 0,
    3, 0, 0, -10, -3, 0, 0, 0,
    0, -3, 0, 0, 0, 0, 0, 0,
    0, 0, 0, 0, 0, 0, 0, 0,
    0, 0, 0, 0, 0, 0, 0, 0,
    0, 0, 0, 0, 0, 0, 0, 0,
    0, 0, 0, 0, 0, -8, 5, 0,
    5, 0, 0, 0, 5, 0, 0, 3,
    0, 0, 0, 0, 0, 0, 0, 0,
    0, 0, 0, 0, 0, 0, 0, 0,
    0, 0, 0, 0, 0, 0, 0, 0,
    0, 0, 0, 0, 0, 0, 0, 0,
    0, 0, 0, 0, 0, -8, 5, 0,
    0, 0, -6, -16, 0, 0, 0, -8,
    0, -5, 0, -10, 0, 0, 0, 0,
    0, 0, 0, 0, 0, 0, 0, 0,
    0, 0, 0, 0, 0, 0, 0, 0,
    0, 0, 0, 0, 0, 0, 0, 0,
    0, 0, 0, 0, 0, -8, 0, 0,
    -2, 0, -3, -9, 0, 0, 0, 0,
    0, -9, 0, 0, 0, 0, 0, 0,
    0, 0, 0, 0, 0, 0, 0, 0,
    0, 0, 0, 0, 0, 0, 0, 0,
    0, 0, 0, 0, 0, 0, 0, 0,
    0, 0, 0, 0, 0, 0, 3, 0,
    0, 0, -20, -26, 0, 0, 0, -11,
    0, -19, -2, -17, 0, 0, 0, 0,
    0, 0, 0, 0, 0, 0, 0, 0,
    0, 0, 0, 0, 0, 0, 0, 0,
    0, 0, 0, 0, 0, 0, 0, 0,
    0, 0, 0, 0, -21, -60, -28, 0,
    -18, 0, 0, 0, -33, -12, -18, 0,
    -17, -5, 0, 3, 0, 0, 0, 0,
    0, 0, 0, 0, 0, 0, 0, 0,
    0, 0, 0, 0, 0, 0, 0, 0,
    0, 0, 0, 0, 0, 0, 0, 0,
    0, 0, 0, 0, 0, 0, 0, 0,
    0, 0, -10, -15, 5, 0, 0, -5,
    0, -9, 0, 0, 0, 0, 0, 0,
    0, 0, 0, 0, 0, 0, 0, 0,
    0, 0, 0, 0, 0, 0, 0, 0,
    0, 0, 0, 0, 0, 0, 0, 0,
    0, 0, 0, 0, 0, -15, 9, 0,
    5, 0, -9, -5, 0, 0, -3, -2,
    -2, 0, 0, 0, 0, 0, 0, 0,
    0, 0, 0, 0, 0, 0, 0, 0,
    0, 0, 0, 0, 0, 0, 0, 0,
    0, 0, 0, 0, 0, 0, 0, 0,
    0, 0, 0, 0, 0, 0, 0, 0,
    0, 0, 0, 0, 0, 0, 0, 0,
    0, 10, 0, 0, 0, 0, 0, 0,
    0, 0, 0, 0, 0, 0, 0, 0,
    0, 0, 0, 0, 0, 0, 0, 0,
    0, 0, 0, 0, 0, 0, 0, 0,
    0, 0, 0, 0, 0, 0, 0, 0,
    0, 0, 0, 0, 0, 0, 0, 7,
    0, 0, 0, 0, 0, 0, 0, 0,
    0, 0, 0, 0, 0, 0, 0, 0,
    0, 0, 0, 0, 0, 0, 0, 0,
    0, 0, 0, 0, 0, 0, 0, 0,
    0, 0, -62, -84, 0, 7, -14, 23,
    0, 0, 0, 0, 0, 0, 0, 0,
    0, 0, 7, 0, 0, 0, -18, 0,
    0, 0, -51, -22, -67, -54, 0, -61,
    0, -51, 0, 0, -11, 0, 0, 0,
    0, -34, -13, -60, -53, 0, -54, 0,
    0, 0, 0, -19, 0, 0, 0, 0,
    0, 0, 0, 0, 0, 0, 0, 0,
    0, 0, 0, 0, 0, -2, 6, -3,
    0, 0, 0, 0, -10, -9, -7, -13,
    -1, 0, -3, -2, 7, 0, 0, 0,
    0, 0, 0, 0, 0, -5, 0, 0,
    0, 0, 0, 0, 0, 0, 0, 0,
    0, 0, 0, 0, 0, 0, 0, 0,
    0, 0, 0, 0, 0, -2, 0, 0,
    0, 0, 0, 0, 0, 0, -2, 0,
    0, 0, 0, 0, 0, 0, 0, 0,
    0, 0, 0, 0, 0, 0, 0, 0,
    2, 0, 0, -18, 0, -22, 9, 0,
    0, 0, 0, 0, 0, 0, 0, 0,
    0, 0, 0, -5, -18, -12, 6, -9,
    -5, 0, -13, -9, -18, -14, -20, -22,
    -9, 0, -24, -10, 3, 0, -5, -7,
    0, 0, -2, 0, 0, -10, 0, -3,
    0, 0, 0, -3, 0, 0, 0, 0,
    0, 0, 0, 0, 0, 0, 0, 0,
    0, 0, 0, 0, 0, -2, -5, 0,
    0, 0, 0, 0, 0, 0, 0, 0,
    0, 0, 0, -1, 3, 0, 0, 0,
    0, 0, -3, 0, 0, 0, 0, 0,
    0, 0, 12, 3, 0, -44, 0, -19,
    0, 0, 0, 0, 0, 0, 0, 0,
    0, 0, 0, 0, -28, 0, -5, 0,
    -12, 0, 0, 0, 10, 10, 0, 0,
    0, 0, -44, -9, -3, 0, -10, 0,
    -5, 0, -2, 0, 0, 0, 0, 0,
    0, 0, -9, -22, 0, 0, 0, 0,
    0, 0, 0, 0, 0, 0, 0, 0,
    0, 0, 0, -7, -8, -14, 0, 0,
    0, 0, -15, -9, -3, 0, -9, -7,
    0, 0, -5, -9, 0, 0, 0, 0,
    0, -10, 0, 0, 0, -10, 0, 0,
    0, 0, 0, 0, 0, -10, 0, 0,
    0, 0, 0, 0, 0, 0, 0, 0,
    0, 0, -10, 0, -3, 0, -12, 0,
    0, 0, 0, 0, 0, 0, 0, 0,
    0, 0, -7, -7, -10, 0, 0, -5,
    -5, 0, -10, 0, 0, 0, 0, 0,
    0, 0, 0, 0, 0, 0, 0, 0,
    0, 0, 0, 0, 0, 0, 0, 0,
    0, 0, 0, 0, -10, -7, -7, 0,
    0, 0, 0, 0, 0, 0, 0, 0,
    0, 0, -7, -7, -10, 0, 0, -5,
    0, 0, 0, 0, 0, 0, 0, 0,
    0, 0, 0, 0, 0, 0, -28, 20,
    0, 0, 0, 0, 0, 0, 0, 0,
    0, 0, 0, 0, 0, 0, -21, 0,
    0, 0, 0, 0, 0, 0, 0, 0,
    0, 5, 0, 0, -21, 0, 0, 0,
    -3, -16, -16, -32, -32, 0, -21, 0,
    0, 0, -58, -78, 0, 0, -12, 0,
    0, 0, 0, 0, 0, 0, 0, 0,
    0, 0, 0, 0, 0, -3, -5, 0,
    0, 0, -52, -3, -59, -44, 0, -55,
    0, -22, 0, 0, 0, 0, 0, 0,
    0, -52, 0, -56, -51, 0, -62, 0,
    0, 0, -18, -34, 0, 0, 0, 18,
    0, 0, 0, 0, 0, 0, 0, 0,
    0, 0, 0, 0, 0, 0, -5, 0,
    0, 0, -8, -10, -14, -9, 0, -15,
    0, -5, 0, 0, -2, 0, 0, 0,
    0, 0, -6, -6, -3, 0, 0, 0,
    0, 0, 0, 0, 0, -5, 0, 0,
    0, 0, 0, 0, 0, 0, 0, 0,
    0, 0, -5, 0, -3, -9, -10, 0,
    0, 0, 0, 0, 0, 0, 0, 0,
    0, 0, -10, -6, -11, -3, -7, -5,
    -5, 0, -5, 0, 0, 0, 0, -2,
    0, 0, 9, 0, 0, -69, 0, -22,
    0, 0, 0, 0, 0, 0, 0, 0,
    0, 0, 0, 0, -39, -1, 6, 0,
    -9, 6, 7, 0, 0, 0, 0, 0,
    0, 0, -48, -2, 1, 0, -11, 0,
    0, 9, 0, 14, 10, 0, 0, 0,
    0, 0, -7, -37, 0, 5, 0, 23,
    0, 0, 0, 0, 0, 0, 0, 0,
    0, 0, 7, -9, -7, -7, -17, -6,
    -2, -5, -21, -24, -33, -29, -17, -28,
    0, 0, -9, -7, -16, 0, -6, 0,
    0, -12, -17, -15, -14, -10, -14, 0,
    0, 0, -6, -23, 0, 0, 0, 0,
    0, 0, 0, 0, 0, 0, 0, 0,
    0, 0, 0, 0, 0, -3, 0, 0,
    0, 0, 0, -7, 0, 0, 0, 0,
    0, 0, -9, -2, 0, 0, 0, 0,
    0, 0, 0, -9, -9, -9, -9, 0,
    0, 9, 24, 12, 0, -53, -46, -21,
    0, 0, 0, 0, 0, 0, 0, 0,
    0, 0, 0, 21, -51, 0, -6, 0,
    -6, 0, 10, 0, 17, 17, 14, 17,
    0, 12, -65, 0, -26, 0, -14, 0,
    -9, 0, 0, 14, 0, 7, 21, 0,
    0, 0, 0, 0, 0, -12, 0, 0,
    0, 0, 0, 0, 0, 0, 0, 0,
    0, 0, -3, 0, -24, -8, -3, 0,
    -10, 0, 0, 0, 0, 0, 0, 0,
    0, 0, -33, -14, -9, -6, -20, -10,
    -9, 0, 0, 0, 0, 0, 0, -7,
    0, 0, 17, 15, 0, -71, -29, -29,
    0, 0, 0, 0, 0, 0, 0, 0,
    0, 0, -5, 10, -66, 0, -17, 0,
    -10, 0, 17, 0, 14, 14, 14, 0,
    7, 14, -90, -7, -33, 0, -26, 0,
    -19, 0, 0, 0, 0, 0, 0, 0,
    0, 14, 0, 12, 0, -40, -12, -8,
    0, 0, 0, 0, 0, 0, 0, 0,
    0, 0, -7, 14, -52, 0, -12, 0,
    -9, 0, 17, 0, 14, 3, 5, 7,
    7, 16, -59, -7, -24, 0, -24, -12,
    -10, 0, 0, 0, 0, 0, 3, 0,
    0, 7, 0, 2, 0, 7, -33, 23,
    0, 0, 0, 0, 0, 0, 0, 0,
    0, 0, 7, 3, 0, 0, -20, 0,
    0, 0, 5, 0, 3, 7, 0, 0,
    7, 0, 0, 0, -22, 0, 0, 0,
    0, -7, -12, -14, -19, 0, -7, 0,
    0, 0, 18, 17, 0, -62, -41, -12,
    0, 0, 0, 0, 0, 0, 0, 0,
    0, 0, -10, 7, -61, 0, -22, 0,
    -13, 0, 17, 0, 14, 7, 3, 0,
    0, 16, -82, -19, -50, 0, -38, 0,
    -28, 0, -14, 0, 0, 0, 0, 0,
    0, 0, 0, -9, 0, 0, -12, 0,
    0, 0, 0, 0, 0, 0, 0, 0,
    0, 0, 0, 0, 0, 0, -3, 0,
    0, 0, 0, 0, 7, 7, 7, 0,
    0, 0, 0, 0, 2, 0, 0, 0,
    0, 0, -3, 0, 0, 0, 0, 0,
    0, 0, 0, 0, 0, 0, 0, 0,
    0, 0, 0, 0, 0, 0, 0, 0,
    0, 0, 0, 0, 18, 0, 0, 0,
    17, 0, 0, 0, -12, 0, 10, -12,
    0, 0, 22, 0, 0, 0, 15, 0,
    0, -19, 0, -14, 0, 13, -12, 0,
    0, 7, -57, -67, 0, 7, -5, 26,
    0, 0, 0, 0, 0, 0, 0, 0,
    0, 0, 7, -21, 0, 0, -22, 0,
    0, 0, -65, -29, -89, -63, 0, -82,
    0, -36, 0, 0, -9, 0, 0, 0,
    7, -33, -20, -56, -50, 0, -45, 0,
    0, 0, 0, -14, 0, 0, 0, 0,
    0, 0, 0, 0, 0, 0, 0, 0,
    0, 0, 0, -7, 0, -12, 3, -3,
    0, 0, -18, -5, -25, -15, 0, -38,
    0, 0, 0, 0, 10, 0, 0, 0,
    0, 0, 0, -7, -7, 0, -10, 0,
    0, 0, 0, 0, 0, 0, 0, 0,
    0, 0, 0, 0, 0, 0, 0, 0,
    0, 0, 0, 0, 0, -3, 0, 0,
    0, 0, 0, 0, 0, 0, 0, -6,
    0, 0, 5, 0, 9, 0, 0, 0,
    0, 0, 0, 0, 0, 6, 5, 0,
    0, 0, 0, -24, 0, -16, 9, 0,
    0, 0, 0, 0, 0, 0, 0, 0,
    0, 0, 0, -7, -9, -10, 5, -7,
    0, 0, -26, 0, -33, -25, -19, -50,
    0, 0, -9, -7, 7, 0, -3, -6,
    2, -5, -2, -13, -12, -24, -18, -7,
    0, 0, 0, -3, 0, 0, 0, 0,
    0, 0, 0, 0, 0, 0, 0, 0,
    0, 0, 0, 0, 0, 0, 2, 0,
    0, 0, 0, -5, 0, 0, 0, 0,
    0, 0, 0, -2, 7, 0, 0, 0,
    0, 2, 0, 0, 0, 0, 0, 0,
    2, 0, 7, 5, 0, -43, 0, 0,
    0, 0, 0, 0, 0, 0, 0, 0,
    0, 0, -5, 7, -30, -5, 4, -3,
    0, 0, 0, 0, 0, 0, 0, 0,
    0, 0, -36, 0, -2, 0, -11, 0,
    0, 3, 0, 10, 0, 0, 7, 0,
    0, 0, -7, -27, 0, 0, 0, 0,
    0, 0, 0, 0, 0, 0, 0, 0,
    0, 0, 0, -7, 0, -8, 0, -3,
    0, 0, -21, -3, -14, -7, -7, -22,
    0, 0, 0, -10, 3, -2, 0, 0,
    0, -6, 0, -5, -6, -10, -9, -3,
    0, 0, 0, 0, 0, -9, 0, 0,
    0, 0, 0, 0, 0, 0, 0, 0,
    0, 0, 0, 3, 0, -5, -5, 0,
    0, 0, 0, -5, -7, -7, 0, -7,
    0, 0, 0, -3, -5, 0, 0, 0,
    0, 0, -2, 3, 0, 3, 0, 0,
    0, 0, 0, 3, 0, 0, -26, 23,
    0, 0, 0, 0, 0, 0, 0, 0,
    0, 0, 0, 0, 0, 0, -10, 0,
    0, 0, 0, -12, 0, 0, 0, 0,
    0, 0, 0, 0, -20, 0, 0, 0,
    0, 0, 0, 0, 0, 0, 0, 0,
    0, 0, -51, -56, 0, 0, -6, 5,
    0, 0, 0, 0, 0, 0, 0, 0,
    0, 0, 0, -24, 0, 0, 0, 0,
    0, 0, -69, 0, -63, -60, 0, -68,
    0, -12, 10, -5, 6, 0, 0, 0,
    0, -44, -6, -43, -46, 3, -47, 7,
    0, 0, -16, -28, 0, 3, 0, 0,
    0, 0, 0, 0, 0, 0, 0, 0,
    0, 0, 0, -10, 0, 0, 0, 0,
    0, 0, -16, -9, -26, -24, 0, -31,
    0, -7, 0, 0, -2, 0, 0, 0,
    0, -3, -10, -6, -14, 0, -10, 7,
    0, 3, 7, 0, 0, -5, 0, 0,
    0, 0, 0, 0, 0, 0, 0, 0,
    0, 0, 0, 7, 0, 0, 0, 0,
    0, 0, 0, 0, 0, 0, 0, 0,
    0, 0, 0, 0, -5, 0, 0, -6,
    0, 0, 0, 0, 0, 0, 0, 0,
    0, 0, 9, 0, 0, -42, 0, 0,
    0, 0, 0, 0, 0, 0, 0, 0,
    0, 0, 0, 0, -37, -2, 7, 0,
    0, 0, -7, 0, -16, -6, -27, -21,
    0, 0, -33, 0, 8, 0, -10, 0,
    2, 0, 0, 3, 0, -2, 0, 0,
    0, 0, -5, -36, 0, 10, 0, 26,
    0, 0, 0, 0, 0, 0, 0, 0,
    0, 0, 14, -10, 0, 0, -12, 0,
    0, 0, -28, -22, -43, -31, 0, -41,
    0, 0, 10, 0, -10, 0, 3, 0,
    3, -12, -10, -18, -18, -10, -17, 0,
    0, 0, -3, -20, 0, 0, 0, 0,
    0, 0, 0, 0, 0, 0, 0, 0,
    0, 0, 0, -3, 0, -6, 0, -9,
    0, 0, -13, -7, -21, -12, -17, -25,
    -6, 0, -3, -3, 3, 0, 0, -2,
    0, -7, -2, 0, 0, -5, -2, 0,
    0, 7, 14, 13, 0, -40, -40, 0,
    0, 0, 0, 0, 0, 0, 0, 0,
    0, 0, 10, 14, -27, 0, 0, 0,
    0, 0, 0, 0, 0, 0, 0, 0,
    0, 0, -35, 5, -5, 0, -3, -3,
    0, 10, 3, 16, 16, 3, 16, 0,
    0, 5, 5, 0, 0, -17, 0, 0,
    0, 0, 0, 0, 0, 0, 0, 0,
    0, 0, 0, 10, -12, -5, 2, -9,
    0, 0, 0, -2, 0, 0, 0, 0,
    0, 0, -15, 0, -3, 0, -7, -3,
    0, 3, 0, 0, 0, 0, 0, 0,
    0, 14, 17, 20, 0, -56, -16, -7,
    0, 0, 0, 0, 0, 0, 0, 0,
    0, 0, 0, 24, -55, 0, 0, 0,
    -12, 0, 0, 0, 0, 0, 0, 0,
    0, 7, -56, 3, -12, 0, -9, 0,
    0, 16, 0, 10, 7, 7, 10, 10,
    0, 9, 17, 18, 0, -35, -9, 0,
    0, 0, 0, 0, 0, 0, 0, 0,
    0, 0, 0, 17, -49, 0, 0, 0,
    -3, 0, 0, 0, 0, 0, 0, 0,
    0, 0, -47, 0, -9, 0, -14, 0,
    0, 16, 0, 7, 10, 7, 10, 9,
    0, 0, 0, 9, 0, 0, -26, 21,
    0, 0, 0, 0, 0, 0, 0, 0,
    0, 0, 0, 7, 0, 0, -10, 0,
    0, 0, 0, 0, 0, 0, 0, 0,
    0, 0, 0, 3, -18, 0, 0, 0,
    0, 3, 0, 7, 7, 0, 0, 0,
    0, 14, 17, 23, 0, -51, -33, -9,
    0, 0, 0, 0, 0, 0, 0, 0,
    0, 0, 0, 24, -43, 0, 0, 0,
    0, 4, 7, 0, 2, 3, 0, 0,
    4, 0, -45, 5, -20, 0, -11, 0,
    0, 16, 0, 10, 10, 0, 14, 0,
    0, 0, 0, -3, 0, 0, -7, 0,
    0, 0, 0, 0, 0, 0, 0, 0,
    0, 0, 0, 0, 0, 0, 0, 0,
    0, 0, -6, 0, -1, -1, 0, -2,
    0, 0, 0, 6, 2, 0, 0, 0,
    0, 0, 0, 10, 10, 0, 0, 0
};


/*Collect the kern class' data in one place*/
static const lv_font_fmt_txt_kern_classes_t kern_classes =
{
    .class_pair_values   = kern_class_values,
    .left_class_mapping  = kern_left_class_mapping,
    .right_class_mapping = kern_right_class_mapping,
    .left_class_cnt      = 63,
    .right_class_cnt     = 48,
};

/*--------------------
 *  ALL CUSTOM DATA
 *--------------------*/

#if LVGL_VERSION_MAJOR == 8
/*Store all the custom data of the font*/
static  lv_font_fmt_txt_glyph_cache_t cache;
#endif

#if LVGL_VERSION_MAJOR >= 8
static const lv_font_fmt_txt_dsc_t font_dsc = {
#else
static lv_font_fmt_txt_dsc_t font_dsc = {
#endif
    .glyph_bitmap = glyph_bitmap,
    .glyph_dsc = glyph_dsc,
    .cmaps = cmaps,
    .kern_dsc = &kern_classes,
    .kern_scale = 16,
    .cmap_num = 1,
    .bpp = 4,
    .kern_classes = 1,
    .bitmap_format = 1,
#if LVGL_VERSION_MAJOR == 8
    .cache = &cache
#endif
};



/*-----------------
 *  PUBLIC FONT
 *----------------*/

/*Initialize a public general font descriptor*/
#if LVGL_VERSION_MAJOR >= 8
const lv_font_t font_cinzel_bold_36 = {
#else
lv_font_t font_cinzel_bold_36 = {
#endif
    .get_glyph_dsc = lv_font_get_glyph_dsc_fmt_txt,    /*Function pointer to get glyph's data*/
    .get_glyph_bitmap = lv_font_get_bitmap_fmt_txt,    /*Function pointer to get glyph's bitmap*/
    .line_height = 44,          /*The maximum line height required by the font*/
    .base_line = 11,             /*Baseline measured from the bottom of the line*/
#if !(LVGL_VERSION_MAJOR == 6 && LVGL_VERSION_MINOR == 0)
    .subpx = LV_FONT_SUBPX_NONE,
#endif
#if LV_VERSION_CHECK(7, 4, 0) || LVGL_VERSION_MAJOR >= 8
    .underline_position = -4,
    .underline_thickness = 2,
#endif
    .dsc = &font_dsc,          /*The custom font data. Will be accessed by `get_glyph_bitmap/dsc` */
#if LV_VERSION_CHECK(8, 2, 0) || LVGL_VERSION_MAJOR >= 9
    .fallback = NULL,
#endif
    .user_data = NULL,
};



#endif /*#if FONT_CINZEL_BOLD_36*/

