#include "lvgl.h"
const uint8_t icon_transit_map[] = {
0x63, 0x10, 0x63, 0x10, 0x63, 0x10, 0x63, 0x10, 0x63, 0x10, 0x63, 0x10, 0x63, 0x10, 0x63, 0x10, 0x63, 0x10, 0x63, 0x10, 0x63, 0x10, 0x63, 0x10, 
0x63, 0x10, 0x63, 0x10, 0x63, 0x10, 0x63, 0x10, 0x63, 0x10, 0x63, 0x10, 0x63, 0x10, 0x63, 0x10, 0x63, 0x10, 0x63, 0x10, 0x63, 0x10, 0x63, 0x10, 
0x63, 0x10, 0x63, 0x10, 0x63, 0x10, 0x63, 0x10, 0x63, 0x10, 0x63, 0x10, 0x63, 0x10, 0x63, 0x10, 0x63, 0x10, 0x63, 0x10, 0x63, 0x10, 0x63, 0x10, 
0x63, 0x10, 0x63, 0x10, 0x63, 0x10, 0x63, 0x10, 0x63, 0x10, 0x63, 0x10, 0x63, 0x10, 0x63, 0x10, 0x63, 0x10, 0x63, 0x10, 0x63, 0x10, 0x63, 0x10, 
0x63, 0x10, 0x63, 0x10, 0x63, 0x10, 0x63, 0x10, 0x63, 0x10, 0x63, 0x10, 0x63, 0x10, 0x63, 0x10, 0x63, 0x10, 0x63, 0x10, 0x63, 0x10, 0x63, 0x10, 
0x63, 0x10, 0x63, 0x10, 0x63, 0x10, 0x63, 0x10, 0x63, 0x10, 0x63, 0x10, 0x63, 0x10, 0x63, 0x10, 0x63, 0x10, 0x63, 0x10, 0x63, 0x10, 0x63, 0x10, 
0x63, 0x10, 0x63, 0x10, 0x63, 0x10, 0x63, 0x10, 0x63, 0x10, 0x63, 0x10, 0x63, 0x10, 0x63, 0x10, 0x63, 0x10, 0x63, 0x10, 0x63, 0x10, 0x63, 0x10, 
0x63, 0x10, 0x63, 0x10, 0x63, 0x10, 0x63, 0x10, 0x63, 0x10, 0x63, 0x10, 0x63, 0x10, 0x63, 0x10, 0x63, 0x10, 0x63, 0x10, 0x63, 0x10, 0x63, 0x10, 
0x63, 0x10, 0x63, 0x10, 0x63, 0x10, 0x63, 0x10, 0x63, 0x10, 0x63, 0x10, 0x63, 0x10, 0x63, 0x10, 0x63, 0x10, 0x63, 0x10, 0x63, 0x10, 0x63, 0x10, 
0x63, 0x10, 0x63, 0x10, 0x63, 0x10, 0x63, 0x10, 0x63, 0x10, 0x63, 0x10, 0x63, 0x10, 0x63, 0x10, 0x63, 0x10, 0x63, 0x10, 0x63, 0x10, 0x63, 0x10, 
0x63, 0x10, 0x63, 0x10, 0x63, 0x10, 0x63, 0x10, 0x63, 0x10, 0x63, 0x10, 0x63, 0x10, 0x63, 0x10, 0x63, 0x10, 0x63, 0x10, 0x63, 0x10, 0x63, 0x10, 
0x63, 0x10, 0x63, 0x10, 0x63, 0x10, 0x63, 0x10, 0x63, 0x10, 0x63, 0x10, 0x63, 0x10, 0x63, 0x10, 0x63, 0x10, 0x63, 0x10, 0x63, 0x10, 0x63, 0x10, 
0x63, 0x10, 0x63, 0x10, 0x63, 0x10, 0x63, 0x10, 0x63, 0x10, 0x63, 0x10, 0x63, 0x10, 0x63, 0x10, 0x63, 0x10, 0x63, 0x10, 0x63, 0x10, 0x63, 0x10, 
0x63, 0x10, 0x63, 0x10, 0x63, 0x10, 0x63, 0x10, 0x63, 0x10, 0x63, 0x10, 0x63, 0x10, 0x63, 0x10, 0x63, 0x10, 0x63, 0x10, 0x63, 0x10, 0x63, 0x10, 
0x63, 0x10, 0x63, 0x10, 0x63, 0x10, 0x63, 0x10, 0x63, 0x10, 0x63, 0x10, 0x63, 0x10, 0x63, 0x10, 0x63, 0x10, 0x63, 0x10, 0x63, 0x10, 0x63, 0x10, 
0x63, 0x10, 0x63, 0x10, 0x63, 0x10, 0x63, 0x10, 0x63, 0x10, 0x63, 0x10, 0x63, 0x10, 0x63, 0x10, 0x63, 0x10, 0x63, 0x10, 0x63, 0x10, 0x63, 0x10, 
0x63, 0x10, 0x63, 0x10, 0x63, 0x10, 0x63, 0x10, 0x63, 0x10, 0x63, 0x10, 0x63, 0x10, 0x63, 0x10, 0x63, 0x10, 0x63, 0x10, 0x63, 0x10, 0x63, 0x10, 
0x63, 0x10, 0x63, 0x10, 0x63, 0x10, 0x63, 0x10, 0x63, 0x10, 0x63, 0x10, 0x63, 0x10, 0x63, 0x10, 0x63, 0x10, 0x63, 0x10, 0x63, 0x10, 0x63, 0x10, 
0x63, 0x10, 0x63, 0x10, 0x63, 0x10, 0x63, 0x10, 0x63, 0x10, 0x63, 0x10, 0x63, 0x10, 0x63, 0x10, 0x63, 0x10, 0x63, 0x10, 0x63, 0x10, 0x63, 0x10, 
0x63, 0x10, 0x63, 0x10, 0x63, 0x10, 0x63, 0x10, 0x63, 0x10, 0x63, 0x10, 0x63, 0x10, 0x63, 0x10, 0x63, 0x10, 0x63, 0x10, 0x63, 0x10, 0x63, 0x10, 
0x63, 0x10, 0x63, 0x10, 0x63, 0x10, 0x63, 0x10, 0x63, 0x10, 0x63, 0x10, 0x63, 0x10, 0x63, 0x10, 0x63, 0x10, 0x63, 0x10, 0x63, 0x10, 0x63, 0x10, 
0x63, 0x10, 0x63, 0x10, 0x63, 0x10, 0x63, 0x10, 0x63, 0x10, 0x63, 0x10, 0x63, 0x10, 0x63, 0x10, 0x63, 0x10, 0x63, 0x10, 0x63, 0x10, 0x63, 0x10, 
0x63, 0x10, 0x63, 0x10, 0x63, 0x10, 0x63, 0x10, 0x63, 0x10, 0x63, 0x10, 0x63, 0x10, 0x63, 0x10, 0x63, 0x10, 0x63, 0x10, 0x63, 0x10, 0x63, 0x10, 
0x63, 0x10, 0x63, 0x10, 0x63, 0x10, 0x63, 0x10, 0x63, 0x10, 0x63, 0x10, 0x63, 0x10, 0x63, 0x10, 0x63, 0x10, 0x63, 0x10, 0x63, 0x10, 0x63, 0x10, 
0x63, 0x10, 0x63, 0x10, 0x63, 0x10, 0x63, 0x10, 0x63, 0x10, 0x63, 0x10, 0x63, 0x10, 0x63, 0x10, 0x63, 0x10, 0x63, 0x10, 0x63, 0x10, 0x63, 0x10, 
0x63, 0x10, 0x63, 0x10, 0x63, 0x10, 0x63, 0x10, 0x63, 0x10, 0x63, 0x10, 0x63, 0x10, 0x63, 0x10, 0x63, 0x10, 0x63, 0x10, 0x63, 0x10, 0x63, 0x10, 
0x63, 0x10, 0x63, 0x10, 0x63, 0x10, 0x63, 0x10, 0x63, 0x10, 0x63, 0x10, 0x63, 0x10, 0x63, 0x10, 0x63, 0x10, 0x63, 0x10, 0x63, 0x10, 0x63, 0x10, 
0x63, 0x10, 0x63, 0x10, 0x63, 0x10, 0x63, 0x10, 0x63, 0x10, 0x63, 0x10, 0x63, 0x10, 0x63, 0x10, 0x63, 0x10, 0x63, 0x10, 0x63, 0x10, 0x63, 0x10, 
0x63, 0x10, 0x63, 0x10, 0x63, 0x10, 0x63, 0x10, 0x63, 0x10, 0x63, 0x10, 0x63, 0x10, 0x63, 0x10, 0x63, 0x10, 0x63, 0x10, 0x63, 0x10, 0x63, 0x10, 
0x63, 0x10, 0x63, 0x10, 0x63, 0x10, 0x63, 0x10, 0x63, 0x10, 0x63, 0x10, 0x63, 0x10, 0x63, 0x10, 0x63, 0x10, 0x63, 0x10, 0x63, 0x10, 0x63, 0x10, 
0x63, 0x10, 0x63, 0x10, 0x63, 0x10, 0x63, 0x10, 0x63, 0x10, 0x63, 0x10, 0x63, 0x10, 0x63, 0x10, 0x63, 0x10, 0x63, 0x10, 0x63, 0x10, 0x63, 0x10, 
0x63, 0x10, 0x63, 0x10, 0x63, 0x10, 0x63, 0x10, 0x63, 0x10, 0x63, 0x10, 0x63, 0x10, 0x63, 0x10, 0x63, 0x10, 0x63, 0x10, 0x63, 0x10, 0x63, 0x10, 
0x63, 0x10, 0x63, 0x10, 0x63, 0x10, 0x63, 0x10, 0x63, 0x10, 0x63, 0x10, 0x63, 0x10, 0x63, 0x10, 0x63, 0x10, 0x63, 0x10, 0x63, 0x10, 0x63, 0x10, 
0x63, 0x10, 0x63, 0x10, 0x63, 0x10, 0x63, 0x10, 0x63, 0x10, 0x63, 0x10, 0x63, 0x10, 0x63, 0x10, 0x63, 0x10, 0x63, 0x10, 0x63, 0x10, 0x63, 0x10, 
0x63, 0x10, 0x63, 0x10, 0x63, 0x10, 0x63, 0x10, 0x63, 0x10, 0x63, 0x10, 0x63, 0x10, 0x63, 0x10, 0x63, 0x10, 0x63, 0x10, 0x63, 0x10, 0x63, 0x10, 
0x63, 0x10, 0x63, 0x10, 0x63, 0x10, 0x63, 0x10, 0x63, 0x10, 0x63, 0x10, 0x63, 0x10, 0x63, 0x10, 0x63, 0x10, 0x63, 0x10, 0x63, 0x10, 0x63, 0x10, 
0x63, 0x10, 0x63, 0x10, 0x63, 0x10, 0x63, 0x10, 0x63, 0x10, 0x63, 0x10, 0x63, 0x10, 0x63, 0x10, 0x63, 0x10, 0x63, 0x10, 0x63, 0x10, 0x63, 0x10, 
0x63, 0x10, 0x63, 0x10, 0x63, 0x10, 0x63, 0x10, 0x63, 0x10, 0x63, 0x10, 0x63, 0x10, 0x63, 0x10, 0x63, 0x10, 0x63, 0x10, 0x63, 0x10, 0x63, 0x10, 
0x63, 0x10, 0x63, 0x10, 0x63, 0x10, 0x63, 0x10, 0x63, 0x10, 0x63, 0x10, 0x63, 0x10, 0x63, 0x10, 0x63, 0x10, 0x63, 0x10, 0x63, 0x10, 0x63, 0x10, 
0x63, 0x10, 0x63, 0x10, 0x63, 0x10, 0x63, 0x10, 0x63, 0x10, 0x63, 0x10, 0x63, 0x10, 0x63, 0x10, 0x63, 0x10, 0x63, 0x10, 0x63, 0x10, 0x63, 0x10, 
0x63, 0x10, 0x63, 0x10, 0x63, 0x10, 0x63, 0x10, 0x63, 0x10, 0x63, 0x10, 0x63, 0x10, 0x63, 0x10, 0x63, 0x10, 0x63, 0x10, 0x63, 0x10, 0x63, 0x10, 
0x63, 0x10, 0x63, 0x10, 0x63, 0x10, 0x63, 0x10, 0x63, 0x10, 0x63, 0x10, 0x63, 0x10, 0x63, 0x10, 0x63, 0x10, 0x63, 0x10, 0x63, 0x10, 0x63, 0x10, 
0x63, 0x10, 0x63, 0x10, 0x63, 0x10, 0x63, 0x10, 0x63, 0x10, 0x63, 0x10, 0x63, 0x10, 0x63, 0x10, 0x63, 0x10, 0x63, 0x10, 0x63, 0x10, 0x63, 0x10, 
0x63, 0x10, 0x63, 0x10, 0x63, 0x10, 0x63, 0x10, 0x63, 0x10, 0x63, 0x10, 0x63, 0x10, 0x63, 0x10, 0x63, 0x10, 0x63, 0x10, 0x63, 0x10, 0x63, 0x10, 
0x63, 0x10, 0x63, 0x10, 0x63, 0x10, 0x63, 0x10, 0x63, 0x10, 0x63, 0x10, 0x63, 0x10, 0x63, 0x10, 0x63, 0x10, 0x63, 0x10, 0x63, 0x10, 0x63, 0x10, 
0x63, 0x10, 0x63, 0x10, 0x63, 0x10, 0x63, 0x10, 0x63, 0x10, 0x63, 0x10, 0x63, 0x10, 0x63, 0x10, 0x63, 0x10, 0x63, 0x10, 0x63, 0x10, 0x63, 0x10, 
0x63, 0x10, 0x63, 0x10, 0x63, 0x10, 0x63, 0x10, 0x63, 0x10, 0x63, 0x10, 0x63, 0x10, 0x63, 0x10, 0x63, 0x10, 0x63, 0x10, 0x63, 0x10, 0x63, 0x10, 
0x63, 0x10, 0x63, 0x10, 0x63, 0x10, 0x63, 0x10, 0x63, 0x10, 0x63, 0x10, 0x63, 0x10, 0x63, 0x10, 0x63, 0x10, 0x63, 0x10, 0x63, 0x10, 0x63, 0x10, 
0x63, 0x10, 0x63, 0x10, 0x63, 0x10, 0x63, 0x10, 0x63, 0x10, 0x63, 0x10, 0x63, 0x10, 0x63, 0x10, 0x63, 0x10, 0x63, 0x10, 0x63, 0x10, 0x63, 0x10, 
0x63, 0x10, 0x63, 0x10, 0x63, 0x10, 0x63, 0x10, 0x63, 0x10, 0x63, 0x10, 0x63, 0x10, 0x63, 0x10, 0x63, 0x10, 0x63, 0x10, 0x63, 0x10, 0x63, 0x10, 
0x63, 0x10, 0x63, 0x10, 0x63, 0x10, 0x63, 0x10, 0x63, 0x10, 0x63, 0x10, 0x63, 0x10, 0x63, 0x10, 0x63, 0x10, 0x63, 0x10, 0x63, 0x10, 0x63, 0x10, 
0x63, 0x10, 0x63, 0x10, 0x63, 0x10, 0x63, 0x10, 0x63, 0x10, 0x63, 0x10, 0x63, 0x10, 0x63, 0x10, 0x63, 0x10, 0x63, 0x10, 0x63, 0x10, 0x63, 0x10, 
0x63, 0x10, 0x63, 0x10, 0x63, 0x10, 0x63, 0x10, 0x63, 0x10, 0x63, 0x10, 0x63, 0x10, 0x63, 0x10, 0x63, 0x10, 0x63, 0x10, 0x63, 0x10, 0x63, 0x10, 
0x63, 0x10, 0x63, 0x10, 0x63, 0x10, 0x63, 0x10, 0x63, 0x10, 0x63, 0x10, 0x63, 0x10, 0x63, 0x10, 0x63, 0x10, 0x63, 0x10, 0x63, 0x10, 0x63, 0x10, 
0x63, 0x10, 0x63, 0x10, 0x63, 0x10, 0x63, 0x10, 0x63, 0x10, 0x63, 0x10, 0x63, 0x10, 0x63, 0x10, 0x63, 0x10, 0x63, 0x10, 0x63, 0x10, 0x63, 0x10, 
0x63, 0x10, 0x63, 0x10, 0x63, 0x10, 0x63, 0x10, 0x63, 0x10, 0x63, 0x10, 0x63, 0x10, 0x63, 0x10, 0x63, 0x10, 0x63, 0x10, 0x63, 0x10, 0x63, 0x10, 
0x63, 0x10, 0x63, 0x10, 0x63, 0x10, 0x63, 0x10, 0x63, 0x10, 0x63, 0x10, 0x63, 0x10, 0x63, 0x10, 0x63, 0x10, 0x63, 0x10, 0x63, 0x10, 0x63, 0x10, 
0x63, 0x10, 0x63, 0x10, 0x63, 0x10, 0x63, 0x10, 0x63, 0x10, 0x63, 0x10, 0x63, 0x10, 0x63, 0x10, 0x63, 0x10, 0x63, 0x10, 0x63, 0x10, 0x63, 0x10, 
0x63, 0x10, 0x63, 0x10, 0x63, 0x10, 0x63, 0x10, 0x63, 0x10, 0x63, 0x10, 0x63, 0x10, 0x63, 0x10, 0x63, 0x10, 0x63, 0x10, 0x63, 0x10, 0x63, 0x10, 
0x63, 0x10, 0x63, 0x10, 0x63, 0x10, 0x63, 0x10, 0x63, 0x10, 0x63, 0x10, 0x63, 0x10, 0x63, 0x10, 0x63, 0x10, 0x63, 0x10, 0x63, 0x10, 0x63, 0x10, 
0x63, 0x10, 0x63, 0x10, 0x63, 0x10, 0x63, 0x10, 0x63, 0x10, 0x63, 0x10, 0x63, 0x10, 0x63, 0x10, 0x69, 0x1a, 0x63, 0x10, 0x63, 0x10, 0x63, 0x10, 
0x63, 0x10, 0x63, 0x10, 0x63, 0x10, 0x63, 0x10, 0x63, 0x10, 0x63, 0x10, 0x63, 0x10, 0x63, 0x10, 0x63, 0x10, 0x63, 0x10, 0x63, 0x10, 0x63, 0x10, 
0x63, 0x10, 0x63, 0x10, 0x63, 0x10, 0x63, 0x10, 0x63, 0x10, 0x63, 0x10, 0x63, 0x10, 0x63, 0x10, 0x63, 0x10, 0x63, 0x10, 0x63, 0x10, 0x63, 0x10, 
0x63, 0x10, 0x63, 0x10, 0x63, 0x10, 0x63, 0x10, 0x63, 0x10, 0x63, 0x10, 0x63, 0x10, 0x63, 0x10, 0x63, 0x10, 0x63, 0x10, 0x63, 0x10, 0x63, 0x10, 
0x63, 0x10, 0x63, 0x10, 0x63, 0x10, 0x63, 0x10, 0x63, 0x10, 0x63, 0x10, 0x63, 0x10, 0x63, 0x10, 0x63, 0x10, 0x63, 0x10, 0x63, 0x10, 0x63, 0x10, 
0x63, 0x10, 0x63, 0x10, 0x63, 0x10, 0x63, 0x10, 0x63, 0x10, 0x63, 0x10, 0x63, 0x10, 0x63, 0x10, 0x63, 0x10, 0x63, 0x10, 0x63, 0x10, 0x63, 0x10, 
0x63, 0x10, 0x63, 0x10, 0x63, 0x10, 0x63, 0x10, 0x63, 0x10, 0x63, 0x10, 0x63, 0x10, 0x63, 0x10, 0x63, 0x10, 0x63, 0x10, 0x63, 0x10, 0x63, 0x10, 
0x63, 0x10, 0x63, 0x10, 0x63, 0x10, 0x63, 0x10, 0x63, 0x10, 0x63, 0x10, 0x63, 0x10, 0x63, 0x10, 0x63, 0x10, 0x63, 0x10, 0x63, 0x10, 0x63, 0x10, 
0x63, 0x10, 0x63, 0x10, 0x63, 0x10, 0x63, 0x10, 0x63, 0x10, 0x63, 0x10, 0x63, 0x10, 0x63, 0x10, 0x63, 0x10, 0x63, 0x10, 0x63, 0x10, 0x63, 0x10, 
0x63, 0x10, 0x63, 0x10, 0x63, 0x10, 0x69, 0x1a, 0x69, 0x1a, 0x69, 0x1a, 0x69, 0x1a, 0x69, 0x1a, 0x69, 0x1a, 0x69, 0x1a, 0x69, 0x1a, 0x69, 0x1a, 
0x69, 0x1a, 0x69, 0x1a, 0x69, 0x1a, 0x69, 0x1a, 0x69, 0x1a, 0x69, 0x1a, 0x69, 0x1a, 0x69, 0x1a, 0x69, 0x1a, 0x69, 0x1a, 0x63, 0x10, 0x63, 0x10, 
0x63, 0x10, 0x63, 0x10, 0x63, 0x10, 0x63, 0x10, 0x63, 0x10, 0x63, 0x10, 0x63, 0x10, 0x63, 0x10, 0x63, 0x10, 0x63, 0x10, 0x63, 0x10, 0x63, 0x10, 
0x63, 0x10, 0x63, 0x10, 0x63, 0x10, 0x63, 0x10, 0x63, 0x10, 0x63, 0x10, 0x63, 0x10, 0x63, 0x10, 0x63, 0x10, 0x63, 0x10, 0x63, 0x10, 0x63, 0x10, 
0x63, 0x10, 0x63, 0x10, 0x63, 0x10, 0x63, 0x10, 0x63, 0x10, 0x63, 0x10, 0x63, 0x10, 0x63, 0x10, 0x63, 0x10, 0x63, 0x10, 0x63, 0x10, 0x63, 0x10, 
0x63, 0x10, 0x63, 0x10, 0x63, 0x10, 0x63, 0x10, 0x63, 0x10, 0x63, 0x10, 0x63, 0x10, 0x63, 0x10, 0x63, 0x10, 0x63, 0x10, 0x63, 0x10, 0x63, 0x10, 
0x63, 0x10, 0x63, 0x10, 0x63, 0x10, 0x63, 0x10, 0x63, 0x10, 0x63, 0x10, 0x63, 0x10, 0x63, 0x10, 0x63, 0x10, 0x63, 0x10, 0x63, 0x10, 0x63, 0x10, 
0x63, 0x10, 0x63, 0x10, 0x63, 0x10, 0x63, 0x10, 0x63, 0x10, 0x63, 0x10, 0x63, 0x10, 0x63, 0x10, 0x63, 0x10, 0x63, 0x10, 0x63, 0x10, 0x63, 0x10, 
0x63, 0x10, 0x63, 0x10, 0x63, 0x10, 0x63, 0x10, 0x63, 0x10, 0x63, 0x10, 0x63, 0x10, 0x63, 0x10, 0x63, 0x10, 0x63, 0x10, 0x63, 0x10, 0x63, 0x10, 
0x63, 0x10, 0x63, 0x10, 0x69, 0x1a, 0x69, 0x1a, 0x69, 0x1a, 0x69, 0x1a, 0x69, 0x1a, 0x69, 0x1a, 0x69, 0x1a, 0x69, 0x1a, 0x69, 0x1a, 0x69, 0x1a, 
0x69, 0x1a, 0x69, 0x1a, 0x69, 0x1a, 0x69, 0x1a, 0x69, 0x1a, 0x69, 0x1a, 0x69, 0x1a, 0x69, 0x1a, 0x69, 0x1a, 0x69, 0x1a, 0x69, 0x1a, 0x69, 0x1a, 
0x69, 0x1a, 0x69, 0x1a, 0x69, 0x1a, 0x69, 0x1a, 0x69, 0x1a, 0x69, 0x1a, 0x69, 0x1a, 0x63, 0x10, 0x63, 0x10, 0x63, 0x10, 0x63, 0x10, 0x63, 0x10, 
0x63, 0x10, 0x63, 0x10, 0x63, 0x10, 0x63, 0x10, 0x63, 0x10, 0x63, 0x10, 0x63, 0x10, 0x63, 0x10, 0x63, 0x10, 0x63, 0x10, 0x63, 0x10, 0x63, 0x10, 
0x63, 0x10, 0x63, 0x10, 0x63, 0x10, 0x63, 0x10, 0x63, 0x10, 0x63, 0x10, 0x63, 0x10, 0x63, 0x10, 0x63, 0x10, 0x63, 0x10, 0x63, 0x10, 0x63, 0x10, 
0x63, 0x10, 0x63, 0x10, 0x63, 0x10, 0x63, 0x10, 0x63, 0x10, 0x63, 0x10, 0x63, 0x10, 0x63, 0x10, 0x63, 0x10, 0x63, 0x10, 0x63, 0x10, 0x63, 0x10, 
0x63, 0x10, 0x63, 0x10, 0x63, 0x10, 0x63, 0x10, 0x63, 0x10, 0x63, 0x10, 0x63, 0x10, 0x63, 0x10, 0x63, 0x10, 0x63, 0x10, 0x63, 0x10, 0x63, 0x10, 
0x63, 0x10, 0x63, 0x10, 0x63, 0x10, 0x63, 0x10, 0x63, 0x10, 0x63, 0x10, 0x63, 0x10, 0x63, 0x10, 0x63, 0x10, 0x63, 0x10, 0x63, 0x10, 0x63, 0x10, 
0x63, 0x10, 0x63, 0x10, 0x63, 0x10, 0x63, 0x10, 0x63, 0x10, 0x63, 0x10, 0x63, 0x10, 0x63, 0x10, 0x63, 0x10, 0x63, 0x10, 0x63, 0x10, 0x63, 0x10, 
0x63, 0x10, 0x63, 0x10, 0x63, 0x10, 0x69, 0x1a, 0x69, 0x1a, 0x69, 0x1a, 0x69, 0x1a, 0x69, 0x1a, 0x69, 0x1a, 0x69, 0x1a, 0x69, 0x1a, 0x69, 0x1a, 
0x69, 0x1a, 0x69, 0x1a, 0x69, 0x1a, 0x69, 0x1a, 0x69, 0x1a, 0x69, 0x1a, 0x69, 0x1a, 0x69, 0x1a, 0x69, 0x1a, 0x69, 0x1a, 0x69, 0x1a, 0x69, 0x1a, 
0x69, 0x1a, 0x69, 0x1a, 0x69, 0x1a, 0x69, 0x1a, 0x69, 0x1a, 0x69, 0x1a, 0x69, 0x1a, 0x69, 0x1a, 0x69, 0x1a, 0x69, 0x1a, 0x69, 0x1a, 0x69, 0x1a, 
0x69, 0x1a, 0x69, 0x1a, 0x63, 0x10, 0x63, 0x10, 0x63, 0x10, 0x63, 0x10, 0x63, 0x10, 0x63, 0x10, 0x63, 0x10, 0x63, 0x10, 0x63, 0x10, 0x63, 0x10, 
0x63, 0x10, 0x63, 0x10, 0x63, 0x10, 0x63, 0x10, 0x63, 0x10, 0x63, 0x10, 0x63, 0x10, 0x63, 0x10, 0x63, 0x10, 0x63, 0x10, 0x63, 0x10, 0x63, 0x10, 
0x63, 0x10, 0x63, 0x10, 0x63, 0x10, 0x63, 0x10, 0x63, 0x10, 0x63, 0x10, 0x63, 0x10, 0x63, 0x10, 0x63, 0x10, 0x63, 0x10, 0x63, 0x10, 0x63, 0x10, 
0x63, 0x10, 0x63, 0x10, 0x63, 0x10, 0x63, 0x10, 0x63, 0x10, 0x63, 0x10, 0x63, 0x10, 0x63, 0x10, 0x63, 0x10, 0x63, 0x10, 0x63, 0x10, 0x63, 0x10, 
0x63, 0x10, 0x63, 0x10, 0x63, 0x10, 0x63, 0x10, 0x63, 0x10, 0x63, 0x10, 0x63, 0x10, 0x63, 0x10, 0x63, 0x10, 0x63, 0x10, 0x63, 0x10, 0x63, 0x10, 
0x63, 0x10, 0x63, 0x10, 0x63, 0x10, 0x63, 0x10, 0x63, 0x10, 0x63, 0x10, 0x63, 0x10, 0x63, 0x10, 0x63, 0x10, 0x63, 0x10, 0x63, 0x10, 0x63, 0x10, 
0x63, 0x10, 0x63, 0x10, 0x63, 0x10, 0x63, 0x10, 0x63, 0x10, 0x69, 0x1a, 0x69, 0x1a, 0x69, 0x1a, 0x69, 0x1a, 0x69, 0x1a, 0x69, 0x1a, 0x69, 0x1a, 
0x69, 0x1a, 0x69, 0x1a, 0x69, 0x1a, 0x69, 0x1a, 0x69, 0x1a, 0x69, 0x1a, 0x69, 0x1a, 0x69, 0x1a, 0x69, 0x1a, 0x69, 0x1a, 0x69, 0x1a, 0x69, 0x1a, 
0x69, 0x1a, 0x69, 0x1a, 0x69, 0x1a, 0x69, 0x1a, 0x69, 0x1a, 0x69, 0x1a, 0x69, 0x1a, 0x69, 0x1a, 0x69, 0x1a, 0x69, 0x1a, 0x69, 0x1a, 0x69, 0x1a, 
0x69, 0x1a, 0x69, 0x1a, 0x69, 0x1a, 0x69, 0x1a, 0x69, 0x1a, 0x69, 0x1a, 0x69, 0x1a, 0x69, 0x1a, 0x63, 0x10, 0x63, 0x10, 0x63, 0x10, 0x63, 0x10, 
0x63, 0x10, 0x63, 0x10, 0x63, 0x10, 0x63, 0x10, 0x63, 0x10, 0x63, 0x10, 0x63, 0x10, 0x63, 0x10, 0x63, 0x10, 0x63, 0x10, 0x63, 0x10, 0x63, 0x10, 
0x63, 0x10, 0x63, 0x10, 0x63, 0x10, 0x63, 0x10, 0x63, 0x10, 0x63, 0x10, 0x63, 0x10, 0x63, 0x10, 0x63, 0x10, 0x63, 0x10, 0x63, 0x10, 0x63, 0x10, 
0x63, 0x10, 0x63, 0x10, 0x63, 0x10, 0x63, 0x10, 0x63, 0x10, 0x63, 0x10, 0x63, 0x10, 0x63, 0x10, 0x63, 0x10, 0x63, 0x10, 0x63, 0x10, 0x63, 0x10, 
0x63, 0x10, 0x63, 0x10, 0x63, 0x10, 0x63, 0x10, 0x63, 0x10, 0x63, 0x10, 0x63, 0x10, 0x63, 0x10, 0x63, 0x10, 0x63, 0x10, 0x63, 0x10, 0x63, 0x10, 
0x63, 0x10, 0x63, 0x10, 0x63, 0x10, 0x63, 0x10, 0x63, 0x10, 0x63, 0x10, 0x63, 0x10, 0x63, 0x10, 0x63, 0x10, 0x63, 0x10, 0x63, 0x10, 0x63, 0x10, 
0x63, 0x10, 0x63, 0x10, 0x63, 0x10, 0x63, 0x10, 0x63, 0x10, 0x63, 0x10, 0x63, 0x10, 0x69, 0x1a, 0x69, 0x1a, 0x69, 0x1a, 0x69, 0x1a, 0x69, 0x1a, 
0x69, 0x1a, 0x69, 0x1a, 0x69, 0x1a, 0x69, 0x1a, 0x69, 0x1a, 0x69, 0x1a, 0x69, 0x1a, 0x69, 0x1a, 0x69, 0x1a, 0x69, 0x1a, 0x69, 0x1a, 0x69, 0x1a, 
0x69, 0x1a, 0x69, 0x1a, 0x69, 0x1a, 0x69, 0x1a, 0x69, 0x1a, 0x69, 0x1a, 0x69, 0x1a, 0x69, 0x1a, 0x69, 0x1a, 0x69, 0x1a, 0x69, 0x1a, 0x69, 0x1a, 
0x69, 0x1a, 0x69, 0x1a, 0x69, 0x1a, 0x69, 0x1a, 0x69, 0x1a, 0x69, 0x1a, 0x69, 0x1a, 0x69, 0x1a, 0x69, 0x1a, 0x69, 0x1a, 0x69, 0x1a, 0x69, 0x1a, 
0x69, 0x1a, 0x69, 0x1a, 0x63, 0x10, 0x63, 0x10, 0x63, 0x10, 0x63, 0x10, 0x63, 0x10, 0x63, 0x10, 0x63, 0x10, 0x63, 0x10, 0x63, 0x10, 0x63, 0x10, 
0x63, 0x10, 0x63, 0x10, 0x63, 0x10, 0x63, 0x10, 0x63, 0x10, 0x63, 0x10, 0x63, 0x10, 0x63, 0x10, 0x63, 0x10, 0x63, 0x10, 0x63, 0x10, 0x63, 0x10, 
0x63, 0x10, 0x63, 0x10, 0x63, 0x10, 0x63, 0x10, 0x63, 0x10, 0x63, 0x10, 0x63, 0x10, 0x63, 0x10, 0x63, 0x10, 0x63, 0x10, 0x63, 0x10, 0x63, 0x10, 
0x63, 0x10, 0x63, 0x10, 0x63, 0x10, 0x63, 0x10, 0x63, 0x10, 0x63, 0x10, 0x63, 0x10, 0x63, 0x10, 0x63, 0x10, 0x63, 0x10, 0x63, 0x10, 0x63, 0x10, 
0x63, 0x10, 0x63, 0x10, 0x63, 0x10, 0x63, 0x10, 0x63, 0x10, 0x63, 0x10, 0x63, 0x10, 0x63, 0x10, 0x63, 0x10, 0x63, 0x10, 0x63, 0x10, 0x63, 0x10, 
0x63, 0x10, 0x63, 0x10, 0x63, 0x10, 0x63, 0x10, 0x63, 0x10, 0x63, 0x10, 0x63, 0x10, 0x63, 0x10, 0x63, 0x10, 0x69, 0x1a, 0x69, 0x1a, 0x69, 0x1a, 
0x69, 0x1a, 0x69, 0x1a, 0x69, 0x1a, 0x69, 0x1a, 0x69, 0x1a, 0x69, 0x1a, 0x69, 0x1a, 0x69, 0x1a, 0x69, 0x1a, 0x69, 0x1a, 0x69, 0x1a, 0x69, 0x1a, 
0x69, 0x1a, 0x69, 0x1a, 0x69, 0x1a, 0x69, 0x1a, 0x69, 0x1a, 0x69, 0x1a, 0x69, 0x1a, 0x69, 0x1a, 0x69, 0x1a, 0x69, 0x1a, 0x69, 0x1a, 0x69, 0x1a, 
0x69, 0x1a, 0x69, 0x1a, 0x69, 0x1a, 0x69, 0x1a, 0x69, 0x1a, 0x69, 0x1a, 0x69, 0x1a, 0x69, 0x1a, 0x69, 0x1a, 0x69, 0x1a, 0x69, 0x1a, 0x69, 0x1a, 
0x69, 0x1a, 0x69, 0x1a, 0x69, 0x1a, 0x69, 0x1a, 0x69, 0x1a, 0x69, 0x1a, 0x69, 0x1a, 0x69, 0x1a, 0x63, 0x10, 0x63, 0x10, 0x63, 0x10, 0x63, 0x10, 
0x63, 0x10, 0x63, 0x10, 0x63, 0x10, 0x63, 0x10, 0x63, 0x10, 0x63, 0x10, 0x63, 0x10, 0x63, 0x10, 0x63, 0x10, 0x63, 0x10, 0x63, 0x10, 0x63, 0x10, 
0x63, 0x10, 0x63, 0x10, 0x63, 0x10, 0x63, 0x10, 0x63, 0x10, 0x63, 0x10, 0x63, 0x10, 0x63, 0x10, 0x63, 0x10, 0x63, 0x10, 0x63, 0x10, 0x63, 0x10, 
0x63, 0x10, 0x63, 0x10, 0x63, 0x10, 0x63, 0x10, 0x63, 0x10, 0x63, 0x10, 0x63, 0x10, 0x63, 0x10, 0x63, 0x10, 0x63, 0x10, 0x63, 0x10, 0x63, 0x10, 
0x63, 0x10, 0x63, 0x10, 0x63, 0x10, 0x63, 0x10, 0x63, 0x10, 0x63, 0x10, 0x63, 0x10, 0x63, 0x10, 0x63, 0x10, 0x63, 0x10, 0x63, 0x10, 0x63, 0x10, 
0x63, 0x10, 0x63, 0x10, 0x63, 0x10, 0x63, 0x10, 0x63, 0x10, 0x63, 0x10, 0x63, 0x10, 0x63, 0x10, 0x63, 0x10, 0x63, 0x10, 0x63, 0x10, 0x69, 0x1a, 
0x69, 0x1a, 0x69, 0x1a, 0x69, 0x1a, 0x69, 0x1a, 0x69, 0x1a, 0x69, 0x1a, 0x69, 0x1a, 0x69, 0x1a, 0x69, 0x1a, 0x69, 0x1a, 0x69, 0x1a, 0x69, 0x1a, 
0x69, 0x1a, 0x69, 0x1a, 0x69, 0x1a, 0x69, 0x1a, 0x69, 0x1a, 0x69, 0x1a, 0x69, 0x1a, 0x69, 0x1a, 0x69, 0x1a, 0x69, 0x1a, 0x69, 0x1a, 0x69, 0x1a, 
0x69, 0x1a, 0x69, 0x1a, 0x69, 0x1a, 0x69, 0x1a, 0x69, 0x1a, 0x69, 0x1a, 0x69, 0x1a, 0x69, 0x1a, 0x69, 0x1a, 0x69, 0x1a, 0x69, 0x1a, 0x69, 0x1a, 
0x69, 0x1a, 0x69, 0x1a, 0x69, 0x1a, 0x69, 0x1a, 0x69, 0x1a, 0x69, 0x1a, 0x69, 0x1a, 0x69, 0x1a, 0x69, 0x1a, 0x69, 0x1a, 0x69, 0x1a, 0x69, 0x1a, 
0x69, 0x1a, 0x69, 0x1a, 0x63, 0x10, 0x63, 0x10, 0x63, 0x10, 0x63, 0x10, 0x63, 0x10, 0x63, 0x10, 0x63, 0x10, 0x63, 0x10, 0x63, 0x10, 0x63, 0x10, 
0x63, 0x10, 0x63, 0x10, 0x63, 0x10, 0x63, 0x10, 0x63, 0x10, 0x63, 0x10, 0x63, 0x10, 0x63, 0x10, 0x63, 0x10, 0x63, 0x10, 0x63, 0x10, 0x63, 0x10, 
0x63, 0x10, 0x63, 0x10, 0x63, 0x10, 0x63, 0x10, 0x63, 0x10, 0x63, 0x10, 0x63, 0x10, 0x63, 0x10, 0x63, 0x10, 0x63, 0x10, 0x63, 0x10, 0x63, 0x10, 
0x63, 0x10, 0x63, 0x10, 0x63, 0x10, 0x63, 0x10, 0x63, 0x10, 0x63, 0x10, 0x63, 0x10, 0x63, 0x10, 0x63, 0x10, 0x63, 0x10, 0x63, 0x10, 0x63, 0x10, 
0x63, 0x10, 0x63, 0x10, 0x63, 0x10, 0x63, 0x10, 0x63, 0x10, 0x63, 0x10, 0x63, 0x10, 0x63, 0x10, 0x63, 0x10, 0x63, 0x10, 0x63, 0x10, 0x63, 0x10, 
0x63, 0x10, 0x69, 0x1a, 0x69, 0x1a, 0x69, 0x1a, 0x69, 0x1a, 0x69, 0x1a, 0x69, 0x1a, 0x69, 0x1a, 0x69, 0x1a, 0x69, 0x1a, 0x69, 0x1a, 0x69, 0x1a, 
0x69, 0x1a, 0x69, 0x1a, 0x69, 0x1a, 0x69, 0x1a, 0x69, 0x1a, 0x69, 0x1a, 0x69, 0x1a, 0x69, 0x1a, 0x69, 0x1a, 0x69, 0x1a, 0x69, 0x1a, 0x69, 0x1a, 
0x69, 0x1a, 0x69, 0x1a, 0x69, 0x1a, 0x69, 0x1a, 0x69, 0x1a, 0x69, 0x1a, 0x69, 0x1a, 0x69, 0x1a, 0x69, 0x1a, 0x69, 0x1a, 0x69, 0x1a, 0x69, 0x1a, 
0x69, 0x1a, 0x69, 0x1a, 0x69, 0x1a, 0x69, 0x1a, 0x69, 0x1a, 0x69, 0x1a, 0x69, 0x1a, 0x69, 0x1a, 0x69, 0x1a, 0x69, 0x1a, 0x69, 0x1a, 0x69, 0x1a, 
0x69, 0x1a, 0x69, 0x1a, 0x69, 0x1a, 0x69, 0x1a, 0x69, 0x1a, 0x69, 0x1a, 0x69, 0x1a, 0x69, 0x1a, 0x63, 0x10, 0x63, 0x10, 0x63, 0x10, 0x63, 0x10, 
0x63, 0x10, 0x63, 0x10, 0x63, 0x10, 0x63, 0x10, 0x63, 0x10, 0x63, 0x10, 0x63, 0x10, 0x63, 0x10, 0x63, 0x10, 0x63, 0x10, 0x63, 0x10, 0x63, 0x10, 
0x63, 0x10, 0x63, 0x10, 0x63, 0x10, 0x63, 0x10, 0x63, 0x10, 0x63, 0x10, 0x63, 0x10, 0x63, 0x10, 0x63, 0x10, 0x63, 0x10, 0x63, 0x10, 0x63, 0x10, 
0x63, 0x10, 0x63, 0x10, 0x63, 0x10, 0x63, 0x10, 0x63, 0x10, 0x63, 0x10, 0x63, 0x10, 0x63, 0x10, 0x63, 0x10, 0x63, 0x10, 0x63, 0x10, 0x63, 0x10, 
0x63, 0x10, 0x63, 0x10, 0x63, 0x10, 0x63, 0x10, 0x63, 0x10, 0x63, 0x10, 0x63, 0x10, 0x63, 0x10, 0x63, 0x10, 0x63, 0x10, 0x63, 0x10, 0x63, 0x10, 
0x63, 0x10, 0x63, 0x10, 0x63, 0x10, 0x63, 0x10, 0x69, 0x1a, 0x69, 0x1a, 0x69, 0x1a, 0x69, 0x1a, 0x69, 0x1a, 0x69, 0x1a, 0x69, 0x1a, 0x69, 0x1a, 
0x69, 0x1a, 0x69, 0x1a, 0x69, 0x1a, 0x69, 0x1a, 0x69, 0x1a, 0x69, 0x1a, 0x69, 0x1a, 0x69, 0x1a, 0x69, 0x1a, 0x69, 0x1a, 0x69, 0x1a, 0x69, 0x1a, 
0x69, 0x1a, 0x69, 0x1a, 0x69, 0x1a, 0x69, 0x1a, 0x69, 0x1a, 0x69, 0x1a, 0x69, 0x1a, 0x69, 0x1a, 0x69, 0x1a, 0x69, 0x1a, 0x69, 0x1a, 0x69, 0x1a, 
0x69, 0x1a, 0x69, 0x1a, 0x69, 0x1a, 0x69, 0x1a, 0x69, 0x1a, 0x69, 0x1a, 0x69, 0x1a, 0x69, 0x1a, 0x69, 0x1a, 0x69, 0x1a, 0x69, 0x1a, 0x69, 0x1a, 
0x69, 0x1a, 0x69, 0x1a, 0x69, 0x1a, 0x69, 0x1a, 0x69, 0x1a, 0x69, 0x1a, 0x69, 0x1a, 0x69, 0x1a, 0x69, 0x1a, 0x69, 0x1a, 0x69, 0x1a, 0x69, 0x1a, 
0x69, 0x1a, 0x63, 0x10, 0x63, 0x10, 0x63, 0x10, 0x63, 0x10, 0x63, 0x10, 0x63, 0x10, 0x63, 0x10, 0x63, 0x10, 0x63, 0x10, 0x63, 0x10, 0x63, 0x10, 
0x63, 0x10, 0x63, 0x10, 0x63, 0x10, 0x63, 0x10, 0x63, 0x10, 0x63, 0x10, 0x63, 0x10, 0x63, 0x10, 0x63, 0x10, 0x63, 0x10, 0x63, 0x10, 0x63, 0x10, 
0x63, 0x10, 0x63, 0x10, 0x63, 0x10, 0x63, 0x10, 0x63, 0x10, 0x63, 0x10, 0x63, 0x10, 0x63, 0x10, 0x63, 0x10, 0x63, 0x10, 0x63, 0x10, 0x63, 0x10, 
0x63, 0x10, 0x63, 0x10, 0x63, 0x10, 0x63, 0x10, 0x63, 0x10, 0x63, 0x10, 0x63, 0x10, 0x63, 0x10, 0x63, 0x10, 0x63, 0x10, 0x63, 0x10, 0x63, 0x10, 
0x63, 0x10, 0x63, 0x10, 0x63, 0x10, 0x63, 0x10, 0x63, 0x10, 0x63, 0x10, 0x69, 0x1a, 0x69, 0x1a, 0x69, 0x1a, 0x69, 0x1a, 0x69, 0x1a, 0x69, 0x1a, 
0x69, 0x1a, 0x69, 0x1a, 0x69, 0x1a, 0x69, 0x1a, 0x69, 0x1a, 0x69, 0x1a, 0x69, 0x1a, 0x69, 0x1a, 0x69, 0x1a, 0x69, 0x1a, 0x69, 0x1a, 0x69, 0x1a, 
0x69, 0x1a, 0x69, 0x1a, 0x69, 0x1a, 0x69, 0x1a, 0x69, 0x1a, 0x69, 0x1a, 0x69, 0x1a, 0x69, 0x1a, 0x69, 0x1a, 0x69, 0x1a, 0x69, 0x1a, 0x69, 0x1a, 
0x69, 0x1a, 0x69, 0x1a, 0x69, 0x1a, 0x69, 0x1a, 0x69, 0x1a, 0x69, 0x1a, 0x69, 0x1a, 0x69, 0x1a, 0x69, 0x1a, 0x69, 0x1a, 0x69, 0x1a, 0x69, 0x1a, 
0x69, 0x1a, 0x69, 0x1a, 0x69, 0x1a, 0x69, 0x1a, 0x69, 0x1a, 0x69, 0x1a, 0x69, 0x1a, 0x69, 0x1a, 0x69, 0x1a, 0x69, 0x1a, 0x69, 0x1a, 0x69, 0x1a, 
0x69, 0x1a, 0x69, 0x1a, 0x69, 0x1a, 0x69, 0x1a, 0x69, 0x1a, 0x69, 0x1a, 0x69, 0x1a, 0x63, 0x10, 0x63, 0x10, 0x63, 0x10, 0x63, 0x10, 0x63, 0x10, 
0x63, 0x10, 0x63, 0x10, 0x63, 0x10, 0x63, 0x10, 0x63, 0x10, 0x63, 0x10, 0x63, 0x10, 0x63, 0x10, 0x63, 0x10, 0x63, 0x10, 0x63, 0x10, 0x63, 0x10, 
0x63, 0x10, 0x63, 0x10, 0x63, 0x10, 0x63, 0x10, 0x63, 0x10, 0x63, 0x10, 0x63, 0x10, 0x63, 0x10, 0x63, 0x10, 0x63, 0x10, 0x63, 0x10, 0x63, 0x10, 
0x63, 0x10, 0x63, 0x10, 0x63, 0x10, 0x63, 0x10, 0x63, 0x10, 0x63, 0x10, 0x63, 0x10, 0x63, 0x10, 0x63, 0x10, 0x63, 0x10, 0x63, 0x10, 0x63, 0x10, 
0x63, 0x10, 0x63, 0x10, 0x63, 0x10, 0x63, 0x10, 0x63, 0x10, 0x63, 0x10, 0x63, 0x10, 0x63, 0x10, 0x63, 0x10, 0x69, 0x1a, 0x69, 0x1a, 0x69, 0x1a, 
0x69, 0x1a, 0x69, 0x1a, 0x69, 0x1a, 0x69, 0x1a, 0x69, 0x1a, 0x69, 0x1a, 0x69, 0x1a, 0x69, 0x1a, 0x69, 0x1a, 0x69, 0x1a, 0x69, 0x1a, 0x69, 0x1a, 
0x69, 0x1a, 0x69, 0x1a, 0x69, 0x1a, 0x69, 0x1a, 0x69, 0x1a, 0x69, 0x1a, 0x69, 0x1a, 0x69, 0x1a, 0x69, 0x1a, 0x69, 0x1a, 0x69, 0x1a, 0x69, 0x1a, 
0x69, 0x1a, 0x69, 0x1a, 0x69, 0x1a, 0x69, 0x1a, 0x69, 0x1a, 0x69, 0x1a, 0x69, 0x1a, 0x69, 0x1a, 0x69, 0x1a, 0x69, 0x1a, 0x69, 0x1a, 0x69, 0x1a, 
0x69, 0x1a, 0x69, 0x1a, 0x69, 0x1a, 0x69, 0x1a, 0x69, 0x1a, 0x69, 0x1a, 0x69, 0x1a, 0x69, 0x1a, 0x69, 0x1a, 0x69, 0x1a, 0x69, 0x1a, 0x69, 0x1a, 
0x69, 0x1a, 0x69, 0x1a, 0x69, 0x1a, 0x69, 0x1a, 0x69, 0x1a, 0x69, 0x1a, 0x69, 0x1a, 0x69, 0x1a, 0x69, 0x1a, 0x69, 0x1a, 0x69, 0x1a, 0x69, 0x1a, 
0x63, 0x10, 0x63, 0x10, 0x63, 0x10, 0x63, 0x10, 0x63, 0x10, 0x63, 0x10, 0x63, 0x10, 0x63, 0x10, 0x63, 0x10, 0x63, 0x10, 0x63, 0x10, 0x63, 0x10, 
0x63, 0x10, 0x63, 0x10, 0x63, 0x10, 0x63, 0x10, 0x63, 0x10, 0x63, 0x10, 0x63, 0x10, 0x63, 0x10, 0x63, 0x10, 0x63, 0x10, 0x63, 0x10, 0x63, 0x10, 
0x63, 0x10, 0x63, 0x10, 0x63, 0x10, 0x63, 0x10, 0x63, 0x10, 0x63, 0x10, 0x63, 0x10, 0x63, 0x10, 0x63, 0x10, 0x63, 0x10, 0x63, 0x10, 0x63, 0x10, 
0x63, 0x10, 0x63, 0x10, 0x63, 0x10, 0x63, 0x10, 0x63, 0x10, 0x63, 0x10, 0x63, 0x10, 0x63, 0x10, 0x63, 0x10, 0x63, 0x10, 0x63, 0x10, 0x63, 0x10, 
0x69, 0x1a, 0x69, 0x1a, 0x69, 0x1a, 0x69, 0x1a, 0x69, 0x1a, 0x69, 0x1a, 0x69, 0x1a, 0x69, 0x1a, 0x69, 0x1a, 0x69, 0x1a, 0x69, 0x1a, 0x69, 0x1a, 
0x69, 0x1a, 0x69, 0x1a, 0x69, 0x1a, 0x69, 0x1a, 0x69, 0x1a, 0x69, 0x1a, 0x69, 0x1a, 0x69, 0x1a, 0x69, 0x1a, 0x69, 0x1a, 0x69, 0x1a, 0x69, 0x1a, 
0x69, 0x1a, 0x69, 0x1a, 0x69, 0x1a, 0x69, 0x1a, 0x69, 0x1a, 0x69, 0x1a, 0x69, 0x1a, 0x69, 0x1a, 0x69, 0x1a, 0x69, 0x1a, 0x69, 0x1a, 0x69, 0x1a, 
0x69, 0x1a, 0x69, 0x1a, 0x69, 0x1a, 0x69, 0x1a, 0x69, 0x1a, 0x69, 0x1a, 0x69, 0x1a, 0x69, 0x1a, 0x69, 0x1a, 0x69, 0x1a, 0x69, 0x1a, 0x69, 0x1a, 
0x69, 0x1a, 0x69, 0x1a, 0x69, 0x1a, 0x69, 0x1a, 0x69, 0x1a, 0x69, 0x1a, 0x69, 0x1a, 0x69, 0x1a, 0x69, 0x1a, 0x69, 0x1a, 0x69, 0x1a, 0x69, 0x1a, 
0x69, 0x1a, 0x69, 0x1a, 0x69, 0x1a, 0x69, 0x1a, 0x69, 0x1a, 0x63, 0x10, 0x63, 0x10, 0x63, 0x10, 0x63, 0x10, 0x63, 0x10, 0x63, 0x10, 0x63, 0x10, 
0x63, 0x10, 0x63, 0x10, 0x63, 0x10, 0x63, 0x10, 0x63, 0x10, 0x63, 0x10, 0x63, 0x10, 0x63, 0x10, 0x63, 0x10, 0x63, 0x10, 0x63, 0x10, 0x63, 0x10, 
0x63, 0x10, 0x63, 0x10, 0x63, 0x10, 0x63, 0x10, 0x63, 0x10, 0x63, 0x10, 0x63, 0x10, 0x63, 0x10, 0x63, 0x10, 0x63, 0x10, 0x63, 0x10, 0x63, 0x10, 
0x63, 0x10, 0x63, 0x10, 0x63, 0x10, 0x63, 0x10, 0x63, 0x10, 0x63, 0x10, 0x63, 0x10, 0x63, 0x10, 0x63, 0x10, 0x63, 0x10, 0x63, 0x10, 0x63, 0x10, 
0x63, 0x10, 0x63, 0x10, 0x63, 0x10, 0x69, 0x1a, 0x69, 0x1a, 0x69, 0x1a, 0x69, 0x1a, 0x69, 0x1a, 0x69, 0x1a, 0x69, 0x1a, 0x69, 0x1a, 0x69, 0x1a, 
0x69, 0x1a, 0x69, 0x1a, 0x69, 0x1a, 0x69, 0x1a, 0x69, 0x1a, 0x69, 0x1a, 0x69, 0x1a, 0x69, 0x1a, 0x69, 0x1a, 0x69, 0x1a, 0x69, 0x1a, 0x69, 0x1a, 
0x69, 0x1a, 0x69, 0x1a, 0x69, 0x1a, 0x69, 0x1a, 0x69, 0x1a, 0x69, 0x1a, 0x69, 0x1a, 0x69, 0x1a, 0x69, 0x1a, 0x69, 0x1a, 0x69, 0x1a, 0x69, 0x1a, 
0x69, 0x1a, 0x69, 0x1a, 0x69, 0x1a, 0x69, 0x1a, 0x69, 0x1a, 0x69, 0x1a, 0x69, 0x1a, 0x69, 0x1a, 0x69, 0x1a, 0x69, 0x1a, 0x69, 0x1a, 0x69, 0x1a, 
0x69, 0x1a, 0x69, 0x1a, 0x69, 0x1a, 0x69, 0x1a, 0x69, 0x1a, 0x69, 0x1a, 0x69, 0x1a, 0x69, 0x1a, 0x69, 0x1a, 0x69, 0x1a, 0x69, 0x1a, 0x69, 0x1a, 
0x69, 0x1a, 0x69, 0x1a, 0x69, 0x1a, 0x69, 0x1a, 0x69, 0x1a, 0x69, 0x1a, 0x69, 0x1a, 0x69, 0x1a, 0x69, 0x1a, 0x69, 0x1a, 0x63, 0x10, 0x63, 0x10, 
0x63, 0x10, 0x63, 0x10, 0x63, 0x10, 0x63, 0x10, 0x63, 0x10, 0x63, 0x10, 0x63, 0x10, 0x63, 0x10, 0x63, 0x10, 0x63, 0x10, 0x63, 0x10, 0x63, 0x10, 
0x63, 0x10, 0x63, 0x10, 0x63, 0x10, 0x63, 0x10, 0x63, 0x10, 0x63, 0x10, 0x63, 0x10, 0x63, 0x10, 0x63, 0x10, 0x63, 0x10, 0x63, 0x10, 0x63, 0x10, 
0x63, 0x10, 0x63, 0x10, 0x63, 0x10, 0x63, 0x10, 0x63, 0x10, 0x63, 0x10, 0x63, 0x10, 0x63, 0x10, 0x63, 0x10, 0x63, 0x10, 0x63, 0x10, 0x63, 0x10, 
0x63, 0x10, 0x63, 0x10, 0x63, 0x10, 0x63, 0x10, 0x63, 0x10, 0x63, 0x10, 0x69, 0x1a, 0x69, 0x1a, 0x69, 0x1a, 0x69, 0x1a, 0x69, 0x1a, 0x69, 0x1a, 
0x69, 0x1a, 0x69, 0x1a, 0x69, 0x1a, 0x69, 0x1a, 0x69, 0x1a, 0x69, 0x1a, 0x69, 0x1a, 0x69, 0x1a, 0x69, 0x1a, 0x69, 0x1a, 0x69, 0x1a, 0x69, 0x1a, 
0x69, 0x1a, 0x69, 0x1a, 0x69, 0x1a, 0x69, 0x1a, 0x69, 0x1a, 0x69, 0x1a, 0x69, 0x1a, 0x69, 0x1a, 0x69, 0x1a, 0x69, 0x1a, 0x69, 0x1a, 0x69, 0x1a, 
0x69, 0x1a, 0x69, 0x1a, 0x69, 0x1a, 0x69, 0x1a, 0x69, 0x1a, 0x69, 0x1a, 0x69, 0x1a, 0x69, 0x1a, 0x69, 0x1a, 0x69, 0x1a, 0x69, 0x1a, 0x69, 0x1a, 
0x69, 0x1a, 0x69, 0x1a, 0x69, 0x1a, 0x69, 0x1a, 0x69, 0x1a, 0x69, 0x1a, 0x69, 0x1a, 0x69, 0x1a, 0x69, 0x1a, 0x69, 0x1a, 0x69, 0x1a, 0x69, 0x1a, 
0x69, 0x1a, 0x69, 0x1a, 0x69, 0x1a, 0x69, 0x1a, 0x69, 0x1a, 0x69, 0x1a, 0x69, 0x1a, 0x69, 0x1a, 0x69, 0x1a, 0x69, 0x1a, 0x69, 0x1a, 0x69, 0x1a, 
0x69, 0x1a, 0x69, 0x1a, 0x69, 0x1a, 0x63, 0x10, 0x63, 0x10, 0x63, 0x10, 0x63, 0x10, 0x63, 0x10, 0x63, 0x10, 0x63, 0x10, 0x63, 0x10, 0x63, 0x10, 
0x63, 0x10, 0x63, 0x10, 0x63, 0x10, 0x63, 0x10, 0x63, 0x10, 0x63, 0x10, 0x63, 0x10, 0x63, 0x10, 0x63, 0x10, 0x63, 0x10, 0x63, 0x10, 0x63, 0x10, 
0x63, 0x10, 0x63, 0x10, 0x63, 0x10, 0x63, 0x10, 0x63, 0x10, 0x63, 0x10, 0x63, 0x10, 0x63, 0x10, 0x63, 0x10, 0x63, 0x10, 0x63, 0x10, 0x63, 0x10, 
0x63, 0x10, 0x63, 0x10, 0x63, 0x10, 0x63, 0x10, 0x63, 0x10, 0x63, 0x10, 0x63, 0x10, 0x63, 0x10, 0x63, 0x10, 0x69, 0x1a, 0x69, 0x1a, 0x69, 0x1a, 
0x69, 0x1a, 0x69, 0x1a, 0x69, 0x1a, 0x69, 0x1a, 0x69, 0x1a, 0x69, 0x1a, 0x69, 0x1a, 0x69, 0x1a, 0x69, 0x1a, 0x69, 0x1a, 0x69, 0x1a, 0x69, 0x1a, 
0x69, 0x1a, 0x69, 0x1a, 0x69, 0x1a, 0x69, 0x1a, 0x69, 0x1a, 0x69, 0x1a, 0x69, 0x1a, 0x69, 0x1a, 0x69, 0x1a, 0x69, 0x1a, 0x69, 0x1a, 0x69, 0x1a, 
0x69, 0x1a, 0x69, 0x1a, 0x69, 0x1a, 0x69, 0x1a, 0x69, 0x1a, 0x69, 0x1a, 0x69, 0x1a, 0x69, 0x1a, 0x69, 0x1a, 0x69, 0x1a, 0x69, 0x1a, 0x69, 0x1a, 
0x69, 0x1a, 0x69, 0x1a, 0x69, 0x1a, 0x69, 0x1a, 0x69, 0x1a, 0x69, 0x1a, 0x69, 0x1a, 0x69, 0x1a, 0x69, 0x1a, 0x69, 0x1a, 0x69, 0x1a, 0x69, 0x1a, 
0x69, 0x1a, 0x69, 0x1a, 0x69, 0x1a, 0x69, 0x1a, 0x69, 0x1a, 0x69, 0x1a, 0x69, 0x1a, 0x69, 0x1a, 0x69, 0x1a, 0x69, 0x1a, 0x69, 0x1a, 0x69, 0x1a, 
0x69, 0x1a, 0x69, 0x1a, 0x69, 0x1a, 0x69, 0x1a, 0x69, 0x1a, 0x69, 0x1a, 0x69, 0x1a, 0x69, 0x1a, 0x63, 0x10, 0x63, 0x10, 0x63, 0x10, 0x63, 0x10, 
0x63, 0x10, 0x63, 0x10, 0x63, 0x10, 0x63, 0x10, 0x63, 0x10, 0x63, 0x10, 0x63, 0x10, 0x63, 0x10, 0x63, 0x10, 0x63, 0x10, 0x63, 0x10, 0x63, 0x10, 
0x63, 0x10, 0x63, 0x10, 0x63, 0x10, 0x63, 0x10, 0x63, 0x10, 0x63, 0x10, 0x63, 0x10, 0x63, 0x10, 0x63, 0x10, 0x63, 0x10, 0x63, 0x10, 0x63, 0x10, 
0x63, 0x10, 0x63, 0x10, 0x63, 0x10, 0x63, 0x10, 0x63, 0x10, 0x63, 0x10, 0x63, 0x10, 0x63, 0x10, 0x63, 0x10, 0x63, 0x10, 0x63, 0x10, 0x63, 0x10, 
0x69, 0x1a, 0x69, 0x1a, 0x69, 0x1a, 0x69, 0x1a, 0x69, 0x1a, 0x69, 0x1a, 0x69, 0x1a, 0x69, 0x1a, 0x69, 0x1a, 0x69, 0x1a, 0x69, 0x1a, 0x69, 0x1a, 
0x69, 0x1a, 0x69, 0x1a, 0x69, 0x1a, 0x69, 0x1a, 0x69, 0x1a, 0x69, 0x1a, 0x69, 0x1a, 0x69, 0x1a, 0x69, 0x1a, 0x69, 0x1a, 0x69, 0x1a, 0x69, 0x1a, 
0x69, 0x1a, 0x69, 0x1a, 0x69, 0x1a, 0x69, 0x1a, 0x69, 0x1a, 0x69, 0x1a, 0x69, 0x1a, 0x69, 0x1a, 0x69, 0x1a, 0x69, 0x1a, 0x69, 0x1a, 0x69, 0x1a, 
0x69, 0x1a, 0x69, 0x1a, 0x69, 0x1a, 0x69, 0x1a, 0x69, 0x1a, 0x69, 0x1a, 0x69, 0x1a, 0x69, 0x1a, 0x69, 0x1a, 0x69, 0x1a, 0x69, 0x1a, 0x69, 0x1a, 
0x69, 0x1a, 0x69, 0x1a, 0x69, 0x1a, 0x69, 0x1a, 0x69, 0x1a, 0x69, 0x1a, 0x69, 0x1a, 0x69, 0x1a, 0x69, 0x1a, 0x69, 0x1a, 0x69, 0x1a, 0x69, 0x1a, 
0x69, 0x1a, 0x69, 0x1a, 0x69, 0x1a, 0x69, 0x1a, 0x69, 0x1a, 0x69, 0x1a, 0x69, 0x1a, 0x69, 0x1a, 0x69, 0x1a, 0x69, 0x1a, 0x69, 0x1a, 0x69, 0x1a, 
0x69, 0x1a, 0x63, 0x10, 0x63, 0x10, 0x63, 0x10, 0x63, 0x10, 0x63, 0x10, 0x63, 0x10, 0x63, 0x10, 0x63, 0x10, 0x63, 0x10, 0x63, 0x10, 0x63, 0x10, 
0x63, 0x10, 0x63, 0x10, 0x63, 0x10, 0x63, 0x10, 0x63, 0x10, 0x63, 0x10, 0x63, 0x10, 0x63, 0x10, 0x63, 0x10, 0x63, 0x10, 0x63, 0x10, 0x63, 0x10, 
0x63, 0x10, 0x63, 0x10, 0x63, 0x10, 0x63, 0x10, 0x63, 0x10, 0x63, 0x10, 0x63, 0x10, 0x63, 0x10, 0x63, 0x10, 0x63, 0x10, 0x63, 0x10, 0x63, 0x10, 
0x63, 0x10, 0x63, 0x10, 0x63, 0x10, 0x69, 0x1a, 0x69, 0x1a, 0x69, 0x1a, 0x69, 0x1a, 0x69, 0x1a, 0x69, 0x1a, 0x69, 0x1a, 0x69, 0x1a, 0x69, 0x1a, 
0x69, 0x1a, 0x69, 0x1a, 0x69, 0x1a, 0x69, 0x1a, 0x69, 0x1a, 0x69, 0x1a, 0x69, 0x1a, 0x69, 0x1a, 0x69, 0x1a, 0x69, 0x1a, 0x69, 0x1a, 0x69, 0x1a, 
0x69, 0x1a, 0x69, 0x1a, 0x69, 0x1a, 0x69, 0x1a, 0x69, 0x1a, 0x69, 0x1a, 0x69, 0x1a, 0x69, 0x1a, 0x69, 0x1a, 0x69, 0x1a, 0x69, 0x1a, 0x69, 0x1a, 
0x69, 0x1a, 0x69, 0x1a, 0x69, 0x1a, 0x69, 0x1a, 0x69, 0x1a, 0x69, 0x1a, 0x69, 0x1a, 0x69, 0x1a, 0x69, 0x1a, 0x69, 0x1a, 0x69, 0x1a, 0x69, 0x1a, 
0x69, 0x1a, 0x69, 0x1a, 0x69, 0x1a, 0x69, 0x1a, 0x69, 0x1a, 0x69, 0x1a, 0x69, 0x1a, 0x69, 0x1a, 0x69, 0x1a, 0x69, 0x1a, 0x69, 0x1a, 0x69, 0x1a, 
0x69, 0x1a, 0x69, 0x1a, 0x69, 0x1a, 0x69, 0x1a, 0x69, 0x1a, 0x69, 0x1a, 0x69, 0x1a, 0x69, 0x1a, 0x69, 0x1a, 0x69, 0x1a, 0x69, 0x1a, 0x69, 0x1a, 
0x69, 0x1a, 0x69, 0x1a, 0x69, 0x1a, 0x69, 0x1a, 0x69, 0x1a, 0x69, 0x1a, 0x63, 0x10, 0x63, 0x10, 0x63, 0x10, 0x63, 0x10, 0x63, 0x10, 0x63, 0x10, 
0x63, 0x10, 0x63, 0x10, 0x63, 0x10, 0x63, 0x10, 0x63, 0x10, 0x63, 0x10, 0x63, 0x10, 0x63, 0x10, 0x63, 0x10, 0x63, 0x10, 0x63, 0x10, 0x63, 0x10, 
0x63, 0x10, 0x63, 0x10, 0x63, 0x10, 0x63, 0x10, 0x63, 0x10, 0x63, 0x10, 0x63, 0x10, 0x63, 0x10, 0x63, 0x10, 0x63, 0x10, 0x63, 0x10, 0x63, 0x10, 
0x63, 0x10, 0x63, 0x10, 0x63, 0x10, 0x63, 0x10, 0x63, 0x10, 0x63, 0x10, 0x69, 0x1a, 0x69, 0x1a, 0x69, 0x1a, 0x69, 0x1a, 0x69, 0x1a, 0x69, 0x1a, 
0x69, 0x1a, 0x69, 0x1a, 0x69, 0x1a, 0x69, 0x1a, 0x69, 0x1a, 0x69, 0x1a, 0x69, 0x1a, 0x69, 0x1a, 0x69, 0x1a, 0x69, 0x1a, 0x69, 0x1a, 0x69, 0x1a, 
0x69, 0x1a, 0x69, 0x1a, 0x69, 0x1a, 0x69, 0x1a, 0x69, 0x1a, 0x69, 0x1a, 0x69, 0x1a, 0x69, 0x1a, 0x69, 0x1a, 0x69, 0x1a, 0x69, 0x1a, 0x69, 0x1a, 
0x69, 0x1a, 0x69, 0x1a, 0x69, 0x1a, 0x69, 0x1a, 0x69, 0x1a, 0x69, 0x1a, 0x69, 0x1a, 0x69, 0x1a, 0x69, 0x1a, 0x69, 0x1a, 0x69, 0x1a, 0x69, 0x1a, 
0x69, 0x1a, 0x69, 0x1a, 0x69, 0x1a, 0x69, 0x1a, 0x69, 0x1a, 0x69, 0x1a, 0x69, 0x1a, 0x69, 0x1a, 0x69, 0x1a, 0x69, 0x1a, 0x69, 0x1a, 0x69, 0x1a, 
0x69, 0x1a, 0x69, 0x1a, 0x69, 0x1a, 0x69, 0x1a, 0x69, 0x1a, 0x69, 0x1a, 0x69, 0x1a, 0x69, 0x1a, 0x69, 0x1a, 0x69, 0x1a, 0x69, 0x1a, 0x69, 0x1a, 
0x69, 0x1a, 0x69, 0x1a, 0x69, 0x1a, 0x69, 0x1a, 0x69, 0x1a, 0x69, 0x1a, 0x69, 0x1a, 0x69, 0x1a, 0x69, 0x1a, 0x69, 0x1a, 0x69, 0x1a, 0x63, 0x10, 
0x63, 0x10, 0x63, 0x10, 0x63, 0x10, 0x63, 0x10, 0x63, 0x10, 0x63, 0x10, 0x63, 0x10, 0x63, 0x10, 0x63, 0x10, 0x63, 0x10, 0x63, 0x10, 0x63, 0x10, 
0x63, 0x10, 0x63, 0x10, 0x63, 0x10, 0x63, 0x10, 0x63, 0x10, 0x63, 0x10, 0x63, 0x10, 0x63, 0x10, 0x63, 0x10, 0x63, 0x10, 0x63, 0x10, 0x63, 0x10, 
0x63, 0x10, 0x63, 0x10, 0x63, 0x10, 0x63, 0x10, 0x63, 0x10, 0x63, 0x10, 0x63, 0x10, 0x63, 0x10, 0x63, 0x10, 0x69, 0x1a, 0x69, 0x1a, 0x69, 0x1a, 
0x69, 0x1a, 0x69, 0x1a, 0x69, 0x1a, 0x69, 0x1a, 0x69, 0x1a, 0x69, 0x1a, 0x69, 0x1a, 0x69, 0x1a, 0x69, 0x1a, 0x69, 0x1a, 0x69, 0x1a, 0x69, 0x1a, 
0x69, 0x1a, 0x69, 0x1a, 0x69, 0x1a, 0x69, 0x1a, 0x69, 0x1a, 0x69, 0x1a, 0x69, 0x1a, 0x69, 0x1a, 0x69, 0x1a, 0x69, 0x1a, 0x69, 0x1a, 0x69, 0x1a, 
0x69, 0x1a, 0x69, 0x1a, 0x69, 0x1a, 0x69, 0x1a, 0x69, 0x1a, 0x69, 0x1a, 0x69, 0x1a, 0x69, 0x1a, 0x69, 0x1a, 0x69, 0x1a, 0x69, 0x1a, 0x69, 0x1a, 
0x69, 0x1a, 0x69, 0x1a, 0x69, 0x1a, 0x69, 0x1a, 0x69, 0x1a, 0x69, 0x1a, 0x69, 0x1a, 0x69, 0x1a, 0x69, 0x1a, 0x69, 0x1a, 0x69, 0x1a, 0x69, 0x1a, 
0x69, 0x1a, 0x69, 0x1a, 0x69, 0x1a, 0x69, 0x1a, 0x69, 0x1a, 0x69, 0x1a, 0x69, 0x1a, 0x69, 0x1a, 0x69, 0x1a, 0x69, 0x1a, 0x69, 0x1a, 0x69, 0x1a, 
0x69, 0x1a, 0x69, 0x1a, 0x69, 0x1a, 0x69, 0x1a, 0x69, 0x1a, 0x69, 0x1a, 0x69, 0x1a, 0x69, 0x1a, 0x69, 0x1a, 0x69, 0x1a, 0x69, 0x1a, 0x69, 0x1a, 
0x69, 0x1a, 0x69, 0x1a, 0x69, 0x1a, 0x69, 0x1a, 0x63, 0x10, 0x63, 0x10, 0x63, 0x10, 0x63, 0x10, 0x63, 0x10, 0x63, 0x10, 0x63, 0x10, 0x63, 0x10, 
0x63, 0x10, 0x63, 0x10, 0x63, 0x10, 0x63, 0x10, 0x63, 0x10, 0x63, 0x10, 0x63, 0x10, 0x63, 0x10, 0x63, 0x10, 0x63, 0x10, 0x63, 0x10, 0x63, 0x10, 
0x63, 0x10, 0x63, 0x10, 0x63, 0x10, 0x63, 0x10, 0x63, 0x10, 0x63, 0x10, 0x63, 0x10, 0x63, 0x10, 0x63, 0x10, 0x63, 0x10, 0x63, 0x10, 0x63, 0x10, 
0x69, 0x1a, 0x69, 0x1a, 0x69, 0x1a, 0x69, 0x1a, 0x69, 0x1a, 0x69, 0x1a, 0x69, 0x1a, 0x69, 0x1a, 0x69, 0x1a, 0x69, 0x1a, 0x69, 0x1a, 0x69, 0x1a, 
0x69, 0x1a, 0x69, 0x1a, 0x69, 0x1a, 0x69, 0x1a, 0x69, 0x1a, 0x69, 0x1a, 0x69, 0x1a, 0x69, 0x1a, 0x69, 0x1a, 0x69, 0x1a, 0x69, 0x1a, 0x69, 0x1a, 
0x69, 0x1a, 0x69, 0x1a, 0x69, 0x1a, 0x69, 0x1a, 0x69, 0x1a, 0x69, 0x1a, 0x69, 0x1a, 0x69, 0x1a, 0x69, 0x1a, 0x69, 0x1a, 0x69, 0x1a, 0x69, 0x1a, 
0x69, 0x1a, 0x69, 0x1a, 0x69, 0x1a, 0x69, 0x1a, 0x69, 0x1a, 0x69, 0x1a, 0x69, 0x1a, 0x69, 0x1a, 0x69, 0x1a, 0x69, 0x1a, 0x69, 0x1a, 0x69, 0x1a, 
0x69, 0x1a, 0x69, 0x1a, 0x69, 0x1a, 0x69, 0x1a, 0x69, 0x1a, 0x69, 0x1a, 0x69, 0x1a, 0x69, 0x1a, 0x69, 0x1a, 0x69, 0x1a, 0x69, 0x1a, 0x69, 0x1a, 
0x69, 0x1a, 0x69, 0x1a, 0x69, 0x1a, 0x69, 0x1a, 0x69, 0x1a, 0x69, 0x1a, 0x69, 0x1a, 0x69, 0x1a, 0x69, 0x1a, 0x69, 0x1a, 0x69, 0x1a, 0x69, 0x1a, 
0x69, 0x1a, 0x69, 0x1a, 0x69, 0x1a, 0x69, 0x1a, 0x69, 0x1a, 0x69, 0x1a, 0x69, 0x1a, 0x69, 0x1a, 0x69, 0x1a, 0x63, 0x10, 0x63, 0x10, 0x63, 0x10, 
0x63, 0x10, 0x63, 0x10, 0x63, 0x10, 0x63, 0x10, 0x63, 0x10, 0x63, 0x10, 0x63, 0x10, 0x63, 0x10, 0x63, 0x10, 0x63, 0x10, 0x63, 0x10, 0x63, 0x10, 
0x63, 0x10, 0x63, 0x10, 0x63, 0x10, 0x63, 0x10, 0x63, 0x10, 0x63, 0x10, 0x63, 0x10, 0x63, 0x10, 0x63, 0x10, 0x63, 0x10, 0x63, 0x10, 0x63, 0x10, 
0x63, 0x10, 0x63, 0x10, 0x63, 0x10, 0x63, 0x10, 0x69, 0x1a, 0x69, 0x1a, 0x69, 0x1a, 0x69, 0x1a, 0x69, 0x1a, 0x69, 0x1a, 0x69, 0x1a, 0x69, 0x1a, 
0x69, 0x1a, 0x69, 0x1a, 0x69, 0x1a, 0x69, 0x1a, 0x69, 0x1a, 0x69, 0x1a, 0x69, 0x1a, 0x69, 0x1a, 0x69, 0x1a, 0x69, 0x1a, 0x69, 0x1a, 0x69, 0x1a, 
0x69, 0x1a, 0x69, 0x1a, 0x69, 0x1a, 0x69, 0x1a, 0x69, 0x1a, 0x69, 0x1a, 0x69, 0x1a, 0x69, 0x1a, 0x69, 0x1a, 0x69, 0x1a, 0x69, 0x1a, 0x69, 0x1a, 
0x69, 0x1a, 0x69, 0x1a, 0x69, 0x1a, 0x69, 0x1a, 0x69, 0x1a, 0x69, 0x1a, 0x69, 0x1a, 0x69, 0x1a, 0x69, 0x1a, 0x69, 0x1a, 0x69, 0x1a, 0x69, 0x1a, 
0x69, 0x1a, 0x69, 0x1a, 0x69, 0x1a, 0x69, 0x1a, 0x69, 0x1a, 0x69, 0x1a, 0x69, 0x1a, 0x69, 0x1a, 0x69, 0x1a, 0x69, 0x1a, 0x69, 0x1a, 0x69, 0x1a, 
0x69, 0x1a, 0x69, 0x1a, 0x69, 0x1a, 0x69, 0x1a, 0x69, 0x1a, 0x69, 0x1a, 0x69, 0x1a, 0x69, 0x1a, 0x69, 0x1a, 0x69, 0x1a, 0x69, 0x1a, 0x69, 0x1a, 
0x69, 0x1a, 0x69, 0x1a, 0x69, 0x1a, 0x69, 0x1a, 0x69, 0x1a, 0x69, 0x1a, 0x69, 0x1a, 0x69, 0x1a, 0x69, 0x1a, 0x69, 0x1a, 0x69, 0x1a, 0x69, 0x1a, 
0x69, 0x1a, 0x63, 0x10, 0x63, 0x10, 0x63, 0x10, 0x63, 0x10, 0x63, 0x10, 0x63, 0x10, 0x63, 0x10, 0x63, 0x10, 0x63, 0x10, 0x63, 0x10, 0x63, 0x10, 
0x63, 0x10, 0x63, 0x10, 0x63, 0x10, 0x63, 0x10, 0x63, 0x10, 0x63, 0x10, 0x63, 0x10, 0x63, 0x10, 0x63, 0x10, 0x63, 0x10, 0x63, 0x10, 0x63, 0x10, 
0x63, 0x10, 0x63, 0x10, 0x63, 0x10, 0x63, 0x10, 0x63, 0x10, 0x63, 0x10, 0x63, 0x10, 0x69, 0x1a, 0x69, 0x1a, 0x69, 0x1a, 0x69, 0x1a, 0x69, 0x1a, 
0x69, 0x1a, 0x69, 0x1a, 0x69, 0x1a, 0x69, 0x1a, 0x69, 0x1a, 0x69, 0x1a, 0x69, 0x1a, 0x69, 0x1a, 0x69, 0x1a, 0x69, 0x1a, 0x69, 0x1a, 0x69, 0x1a, 
0x69, 0x1a, 0x69, 0x1a, 0x69, 0x1a, 0x69, 0x1a, 0x69, 0x1a, 0x69, 0x1a, 0x69, 0x1a, 0x69, 0x1a, 0x69, 0x1a, 0x69, 0x1a, 0x69, 0x1a, 0x69, 0x1a, 
0x69, 0x1a, 0x69, 0x1a, 0x69, 0x1a, 0x69, 0x1a, 0x69, 0x1a, 0x69, 0x1a, 0x69, 0x1a, 0x69, 0x1a, 0x69, 0x1a, 0x69, 0x1a, 0x69, 0x1a, 0x69, 0x1a, 
0x69, 0x1a, 0x69, 0x1a, 0x69, 0x1a, 0x69, 0x1a, 0x69, 0x1a, 0x69, 0x1a, 0x69, 0x1a, 0x69, 0x1a, 0x69, 0x1a, 0x69, 0x1a, 0x69, 0x1a, 0x69, 0x1a, 
0x69, 0x1a, 0x69, 0x1a, 0x69, 0x1a, 0x69, 0x1a, 0x69, 0x1a, 0x69, 0x1a, 0x69, 0x1a, 0x69, 0x1a, 0x69, 0x1a, 0x69, 0x1a, 0x69, 0x1a, 0x69, 0x1a, 
0x69, 0x1a, 0x69, 0x1a, 0x69, 0x1a, 0x69, 0x1a, 0x69, 0x1a, 0x69, 0x1a, 0x69, 0x1a, 0x69, 0x1a, 0x69, 0x1a, 0x69, 0x1a, 0x69, 0x1a, 0x69, 0x1a, 
0x69, 0x1a, 0x69, 0x1a, 0x69, 0x1a, 0x69, 0x1a, 0x69, 0x1a, 0x69, 0x1a, 0x63, 0x10, 0x63, 0x10, 0x63, 0x10, 0x63, 0x10, 0x63, 0x10, 0x63, 0x10, 
0x63, 0x10, 0x63, 0x10, 0x63, 0x10, 0x63, 0x10, 0x63, 0x10, 0x63, 0x10, 0x63, 0x10, 0x63, 0x10, 0x63, 0x10, 0x63, 0x10, 0x63, 0x10, 0x63, 0x10, 
0x63, 0x10, 0x63, 0x10, 0x63, 0x10, 0x63, 0x10, 0x63, 0x10, 0x63, 0x10, 0x63, 0x10, 0x63, 0x10, 0x63, 0x10, 0x63, 0x10, 0x69, 0x1a, 0x69, 0x1a, 
0x69, 0x1a, 0x69, 0x1a, 0x69, 0x1a, 0x69, 0x1a, 0x69, 0x1a, 0x69, 0x1a, 0x69, 0x1a, 0x69, 0x1a, 0x69, 0x1a, 0x69, 0x1a, 0x69, 0x1a, 0x69, 0x1a, 
0x69, 0x1a, 0x69, 0x1a, 0x69, 0x1a, 0x69, 0x1a, 0x69, 0x1a, 0x69, 0x1a, 0x69, 0x1a, 0x69, 0x1a, 0x69, 0x1a, 0x69, 0x1a, 0x69, 0x1a, 0x69, 0x1a, 
0x69, 0x1a, 0x69, 0x1a, 0x69, 0x1a, 0x69, 0x1a, 0x69, 0x1a, 0x69, 0x1a, 0x69, 0x1a, 0x69, 0x1a, 0x69, 0x1a, 0x69, 0x1a, 0x69, 0x1a, 0x69, 0x1a, 
0x69, 0x1a, 0x69, 0x1a, 0x69, 0x1a, 0x69, 0x1a, 0x69, 0x1a, 0x69, 0x1a, 0x69, 0x1a, 0x69, 0x1a, 0x69, 0x1a, 0x69, 0x1a, 0x69, 0x1a, 0x69, 0x1a, 
0x69, 0x1a, 0x69, 0x1a, 0x69, 0x1a, 0x69, 0x1a, 0x69, 0x1a, 0x69, 0x1a, 0x69, 0x1a, 0x69, 0x1a, 0x69, 0x1a, 0x69, 0x1a, 0x69, 0x1a, 0x69, 0x1a, 
0x69, 0x1a, 0x69, 0x1a, 0x69, 0x1a, 0x69, 0x1a, 0x69, 0x1a, 0x69, 0x1a, 0x69, 0x1a, 0x69, 0x1a, 0x69, 0x1a, 0x69, 0x1a, 0x69, 0x1a, 0x69, 0x1a, 
0x69, 0x1a, 0x69, 0x1a, 0x69, 0x1a, 0x69, 0x1a, 0x69, 0x1a, 0x69, 0x1a, 0x69, 0x1a, 0x69, 0x1a, 0x69, 0x1a, 0x69, 0x1a, 0x69, 0x1a, 0x63, 0x10, 
0x63, 0x10, 0x63, 0x10, 0x63, 0x10, 0x63, 0x10, 0x63, 0x10, 0x63, 0x10, 0x63, 0x10, 0x63, 0x10, 0x63, 0x10, 0x63, 0x10, 0x63, 0x10, 0x63, 0x10, 
0x63, 0x10, 0x63, 0x10, 0x63, 0x10, 0x63, 0x10, 0x63, 0x10, 0x63, 0x10, 0x63, 0x10, 0x63, 0x10, 0x63, 0x10, 0x63, 0x10, 0x63, 0x10, 0x63, 0x10, 
0x63, 0x10, 0x63, 0x10, 0x69, 0x1a, 0x69, 0x1a, 0x69, 0x1a, 0x69, 0x1a, 0x69, 0x1a, 0x69, 0x1a, 0x69, 0x1a, 0x69, 0x1a, 0x69, 0x1a, 0x69, 0x1a, 
0x69, 0x1a, 0x69, 0x1a, 0x69, 0x1a, 0x69, 0x1a, 0x69, 0x1a, 0x69, 0x1a, 0x69, 0x1a, 0x69, 0x1a, 0x69, 0x1a, 0x69, 0x1a, 0x00, 0xfd, 0x00, 0xfd, 
0x00, 0xfd, 0x00, 0xfd, 0x00, 0xfd, 0x00, 0xfd, 0x00, 0xfd, 0x00, 0xfd, 0x00, 0xfd, 0x00, 0xfd, 0x00, 0xfd, 0x00, 0xfd, 0x00, 0xfd, 0x00, 0xfd, 
0x00, 0xfd, 0x00, 0xfd, 0x00, 0xfd, 0x00, 0xfd, 0x00, 0xfd, 0x00, 0xfd, 0x00, 0xfd, 0x00, 0xfd, 0x00, 0xfd, 0x00, 0xfd, 0x00, 0xfd, 0x00, 0xfd, 
0x00, 0xfd, 0x00, 0xfd, 0x00, 0xfd, 0x00, 0xfd, 0x00, 0xfd, 0x00, 0xfd, 0x00, 0xfd, 0x00, 0xfd, 0x00, 0xfd, 0x00, 0xfd, 0x00, 0xfd, 0x00, 0xfd, 
0x00, 0xfd, 0x00, 0xfd, 0x00, 0xfd, 0x00, 0xfd, 0x00, 0xfd, 0x00, 0xfd, 0x00, 0xfd, 0x69, 0x1a, 0x69, 0x1a, 0x69, 0x1a, 0x69, 0x1a, 0x69, 0x1a, 
0x69, 0x1a, 0x69, 0x1a, 0x69, 0x1a, 0x69, 0x1a, 0x69, 0x1a, 0x69, 0x1a, 0x69, 0x1a, 0x69, 0x1a, 0x69, 0x1a, 0x69, 0x1a, 0x69, 0x1a, 0x69, 0x1a, 
0x69, 0x1a, 0x69, 0x1a, 0x69, 0x1a, 0x63, 0x10, 0x63, 0x10, 0x63, 0x10, 0x63, 0x10, 0x63, 0x10, 0x63, 0x10, 0x63, 0x10, 0x63, 0x10, 0x63, 0x10, 
0x63, 0x10, 0x63, 0x10, 0x63, 0x10, 0x63, 0x10, 0x63, 0x10, 0x63, 0x10, 0x63, 0x10, 0x63, 0x10, 0x63, 0x10, 0x63, 0x10, 0x63, 0x10, 0x63, 0x10, 
0x63, 0x10, 0x63, 0x10, 0x63, 0x10, 0x63, 0x10, 0x63, 0x10, 0x69, 0x1a, 0x69, 0x1a, 0x69, 0x1a, 0x69, 0x1a, 0x69, 0x1a, 0x69, 0x1a, 0x69, 0x1a, 
0x69, 0x1a, 0x69, 0x1a, 0x69, 0x1a, 0x69, 0x1a, 0x69, 0x1a, 0x69, 0x1a, 0x69, 0x1a, 0x69, 0x1a, 0x00, 0xfd, 0x00, 0xfd, 0x00, 0xfd, 0x00, 0xfd, 
0x00, 0xfd, 0x00, 0xfd, 0x00, 0xfd, 0x00, 0xfd, 0x00, 0xfd, 0x00, 0xfd, 0x00, 0xfd, 0x00, 0xfd, 0x00, 0xfd, 0x00, 0xfd, 0x00, 0xfd, 0x00, 0xfd, 
0x00, 0xfd, 0x00, 0xfd, 0x00, 0xfd, 0x00, 0xfd, 0x00, 0xfd, 0x00, 0xfd, 0x00, 0xfd, 0x00, 0xfd, 0x00, 0xfd, 0x00, 0xfd, 0x00, 0xfd, 0x00, 0xfd, 
0x00, 0xfd, 0x00, 0xfd, 0x00, 0xfd, 0x00, 0xfd, 0x00, 0xfd, 0x00, 0xfd, 0x00, 0xfd, 0x00, 0xfd, 0x00, 0xfd, 0x00, 0xfd, 0x00, 0xfd, 0x00, 0xfd, 
0x00, 0xfd, 0x00, 0xfd, 0x00, 0xfd, 0x00, 0xfd, 0x00, 0xfd, 0x00, 0xfd, 0x00, 0xfd, 0x00, 0xfd, 0x00, 0xfd, 0x00, 0xfd, 0x00, 0xfd, 0x00, 0xfd, 
0x00, 0xfd, 0x00, 0xfd, 0x00, 0xfd, 0x00, 0xfd, 0x00, 0xfd, 0x69, 0x1a, 0x69, 0x1a, 0x69, 0x1a, 0x69, 0x1a, 0x69, 0x1a, 0x69, 0x1a, 0x69, 0x1a, 
0x69, 0x1a, 0x69, 0x1a, 0x69, 0x1a, 0x69, 0x1a, 0x69, 0x1a, 0x69, 0x1a, 0x69, 0x1a, 0x69, 0x1a, 0x63, 0x10, 0x63, 0x10, 0x63, 0x10, 0x63, 0x10, 
0x63, 0x10, 0x63, 0x10, 0x63, 0x10, 0x63, 0x10, 0x63, 0x10, 0x63, 0x10, 0x63, 0x10, 0x63, 0x10, 0x63, 0x10, 0x63, 0x10, 0x63, 0x10, 0x63, 0x10, 
0x63, 0x10, 0x63, 0x10, 0x63, 0x10, 0x63, 0x10, 0x63, 0x10, 0x63, 0x10, 0x63, 0x10, 0x63, 0x10, 0x63, 0x10, 0x69, 0x1a, 0x69, 0x1a, 0x69, 0x1a, 
0x69, 0x1a, 0x69, 0x1a, 0x69, 0x1a, 0x69, 0x1a, 0x69, 0x1a, 0x69, 0x1a, 0x69, 0x1a, 0x69, 0x1a, 0x69, 0x1a, 0x69, 0x1a, 0x69, 0x1a, 0x69, 0x1a, 
0x00, 0xfd, 0x00, 0xfd, 0x00, 0xfd, 0x00, 0xfd, 0x00, 0xfd, 0x00, 0xfd, 0x00, 0xfd, 0x00, 0xfd, 0x00, 0xfd, 0x00, 0xfd, 0x00, 0xfd, 0x00, 0xfd, 
0x00, 0xfd, 0x00, 0xfd, 0x00, 0xfd, 0x00, 0xfd, 0x00, 0xfd, 0x00, 0xfd, 0x00, 0xfd, 0x00, 0xfd, 0x00, 0xfd, 0x00, 0xfd, 0x00, 0xfd, 0x00, 0xfd, 
0x00, 0xfd, 0x00, 0xfd, 0x00, 0xfd, 0x00, 0xfd, 0x00, 0xfd, 0x00, 0xfd, 0x00, 0xfd, 0x00, 0xfd, 0x00, 0xfd, 0x00, 0xfd, 0x00, 0xfd, 0x00, 0xfd, 
0x00, 0xfd, 0x00, 0xfd, 0x00, 0xfd, 0x00, 0xfd, 0x00, 0xfd, 0x00, 0xfd, 0x00, 0xfd, 0x00, 0xfd, 0x00, 0xfd, 0x00, 0xfd, 0x00, 0xfd, 0x00, 0xfd, 
0x00, 0xfd, 0x00, 0xfd, 0x00, 0xfd, 0x00, 0xfd, 0x00, 0xfd, 0x00, 0xfd, 0x00, 0xfd, 0x00, 0xfd, 0x00, 0xfd, 0x69, 0x1a, 0x69, 0x1a, 0x69, 0x1a, 
0x69, 0x1a, 0x69, 0x1a, 0x69, 0x1a, 0x69, 0x1a, 0x69, 0x1a, 0x69, 0x1a, 0x69, 0x1a, 0x69, 0x1a, 0x69, 0x1a, 0x69, 0x1a, 0x69, 0x1a, 0x69, 0x1a, 
0x63, 0x10, 0x63, 0x10, 0x63, 0x10, 0x63, 0x10, 0x63, 0x10, 0x63, 0x10, 0x63, 0x10, 0x63, 0x10, 0x63, 0x10, 0x63, 0x10, 0x63, 0x10, 0x63, 0x10, 
0x63, 0x10, 0x63, 0x10, 0x63, 0x10, 0x63, 0x10, 0x63, 0x10, 0x63, 0x10, 0x63, 0x10, 0x63, 0x10, 0x63, 0x10, 0x63, 0x10, 0x63, 0x10, 0x63, 0x10, 
0x69, 0x1a, 0x69, 0x1a, 0x69, 0x1a, 0x69, 0x1a, 0x69, 0x1a, 0x69, 0x1a, 0x69, 0x1a, 0x69, 0x1a, 0x69, 0x1a, 0x69, 0x1a, 0x69, 0x1a, 0x69, 0x1a, 
0x69, 0x1a, 0x69, 0x1a, 0x69, 0x1a, 0x69, 0x1a, 0x00, 0xfd, 0x00, 0xfd, 0x00, 0xfd, 0x00, 0xfd, 0x00, 0xfd, 0x00, 0xfd, 0x00, 0xfd, 0x00, 0xfd, 
0x00, 0xfd, 0x00, 0xfd, 0x00, 0xfd, 0x00, 0xfd, 0x00, 0xfd, 0x00, 0xfd, 0x00, 0xfd, 0x00, 0xfd, 0x00, 0xfd, 0x00, 0xfd, 0x00, 0xfd, 0x00, 0xfd, 
0x00, 0xfd, 0x00, 0xfd, 0x00, 0xfd, 0x00, 0xfd, 0x00, 0xfd, 0x00, 0xfd, 0x00, 0xfd, 0x00, 0xfd, 0x00, 0xfd, 0x00, 0xfd, 0x00, 0xfd, 0x00, 0xfd, 
0x00, 0xfd, 0x00, 0xfd, 0x00, 0xfd, 0x00, 0xfd, 0x00, 0xfd, 0x00, 0xfd, 0x00, 0xfd, 0x00, 0xfd, 0x00, 0xfd, 0x00, 0xfd, 0x00, 0xfd, 0x00, 0xfd, 
0x00, 0xfd, 0x00, 0xfd, 0x00, 0xfd, 0x00, 0xfd, 0x00, 0xfd, 0x00, 0xfd, 0x00, 0xfd, 0x00, 0xfd, 0x00, 0xfd, 0x00, 0xfd, 0x00, 0xfd, 0x00, 0xfd, 
0x00, 0xfd, 0x69, 0x1a, 0x69, 0x1a, 0x69, 0x1a, 0x69, 0x1a, 0x69, 0x1a, 0x69, 0x1a, 0x69, 0x1a, 0x69, 0x1a, 0x69, 0x1a, 0x69, 0x1a, 0x69, 0x1a, 
0x69, 0x1a, 0x69, 0x1a, 0x69, 0x1a, 0x69, 0x1a, 0x69, 0x1a, 0x63, 0x10, 0x63, 0x10, 0x63, 0x10, 0x63, 0x10, 0x63, 0x10, 0x63, 0x10, 0x63, 0x10, 
0x63, 0x10, 0x63, 0x10, 0x63, 0x10, 0x63, 0x10, 0x63, 0x10, 0x63, 0x10, 0x63, 0x10, 0x63, 0x10, 0x63, 0x10, 0x63, 0x10, 0x63, 0x10, 0x63, 0x10, 
0x63, 0x10, 0x63, 0x10, 0x63, 0x10, 0x63, 0x10, 0x69, 0x1a, 0x69, 0x1a, 0x69, 0x1a, 0x69, 0x1a, 0x69, 0x1a, 0x69, 0x1a, 0x69, 0x1a, 0x69, 0x1a, 
0x69, 0x1a, 0x69, 0x1a, 0x69, 0x1a, 0x69, 0x1a, 0x69, 0x1a, 0x69, 0x1a, 0x69, 0x1a, 0x69, 0x1a, 0x00, 0xfd, 0x00, 0xfd, 0x00, 0xfd, 0x00, 0xfd, 
0x00, 0xfd, 0x00, 0xfd, 0x00, 0xfd, 0x00, 0xfd, 0x00, 0xfd, 0x00, 0xfd, 0x00, 0xfd, 0x00, 0xfd, 0x00, 0xfd, 0x00, 0xfd, 0x00, 0xfd, 0x00, 0xfd, 
0x00, 0xfd, 0x00, 0xfd, 0x00, 0xfd, 0x00, 0xfd, 0x00, 0xfd, 0x00, 0xfd, 0x00, 0xfd, 0x00, 0xfd, 0x00, 0xfd, 0x00, 0xfd, 0x00, 0xfd, 0x00, 0xfd, 
0x00, 0xfd, 0x00, 0xfd, 0x00, 0xfd, 0x00, 0xfd, 0x00, 0xfd, 0x00, 0xfd, 0x00, 0xfd, 0x00, 0xfd, 0x00, 0xfd, 0x00, 0xfd, 0x00, 0xfd, 0x00, 0xfd, 
0x00, 0xfd, 0x00, 0xfd, 0x00, 0xfd, 0x00, 0xfd, 0x00, 0xfd, 0x00, 0xfd, 0x00, 0xfd, 0x00, 0xfd, 0x00, 0xfd, 0x00, 0xfd, 0x00, 0xfd, 0x00, 0xfd, 
0x00, 0xfd, 0x00, 0xfd, 0x00, 0xfd, 0x00, 0xfd, 0x00, 0xfd, 0x69, 0x1a, 0x69, 0x1a, 0x69, 0x1a, 0x69, 0x1a, 0x69, 0x1a, 0x69, 0x1a, 0x69, 0x1a, 
0x69, 0x1a, 0x69, 0x1a, 0x69, 0x1a, 0x69, 0x1a, 0x69, 0x1a, 0x69, 0x1a, 0x69, 0x1a, 0x69, 0x1a, 0x69, 0x1a, 0x63, 0x10, 0x63, 0x10, 0x63, 0x10, 
0x63, 0x10, 0x63, 0x10, 0x63, 0x10, 0x63, 0x10, 0x63, 0x10, 0x63, 0x10, 0x63, 0x10, 0x63, 0x10, 0x63, 0x10, 0x63, 0x10, 0x63, 0x10, 0x63, 0x10, 
0x63, 0x10, 0x63, 0x10, 0x63, 0x10, 0x63, 0x10, 0x63, 0x10, 0x63, 0x10, 0x63, 0x10, 0x69, 0x1a, 0x69, 0x1a, 0x69, 0x1a, 0x69, 0x1a, 0x69, 0x1a, 
0x69, 0x1a, 0x69, 0x1a, 0x69, 0x1a, 0x69, 0x1a, 0x69, 0x1a, 0x69, 0x1a, 0x69, 0x1a, 0x69, 0x1a, 0x69, 0x1a, 0x69, 0x1a, 0x69, 0x1a, 0x69, 0x1a, 
0x00, 0xfd, 0x00, 0xfd, 0x00, 0xfd, 0x00, 0xfd, 0x00, 0xfd, 0x00, 0xfd, 0x00, 0xfd, 0x00, 0xfd, 0x00, 0xfd, 0x00, 0xfd, 0x00, 0xfd, 0x00, 0xfd, 
0x00, 0xfd, 0x00, 0xfd, 0x00, 0xfd, 0x00, 0xfd, 0x00, 0xfd, 0x00, 0xfd, 0x00, 0xfd, 0x00, 0xfd, 0x00, 0xfd, 0x00, 0xfd, 0x00, 0xfd, 0x00, 0xfd, 
0x00, 0xfd, 0x00, 0xfd, 0x00, 0xfd, 0x00, 0xfd, 0x00, 0xfd, 0x00, 0xfd, 0x00, 0xfd, 0x00, 0xfd, 0x00, 0xfd, 0x00, 0xfd, 0x00, 0xfd, 0x00, 0xfd, 
0x00, 0xfd, 0x00, 0xfd, 0x00, 0xfd, 0x00, 0xfd, 0x00, 0xfd, 0x00, 0xfd, 0x00, 0xfd, 0x00, 0xfd, 0x00, 0xfd, 0x00, 0xfd, 0x00, 0xfd, 0x00, 0xfd, 
0x00, 0xfd, 0x00, 0xfd, 0x00, 0xfd, 0x00, 0xfd, 0x00, 0xfd, 0x00, 0xfd, 0x00, 0xfd, 0x00, 0xfd, 0x00, 0xfd, 0x69, 0x1a, 0x69, 0x1a, 0x69, 0x1a, 
0x69, 0x1a, 0x69, 0x1a, 0x69, 0x1a, 0x69, 0x1a, 0x69, 0x1a, 0x69, 0x1a, 0x69, 0x1a, 0x69, 0x1a, 0x69, 0x1a, 0x69, 0x1a, 0x69, 0x1a, 0x69, 0x1a, 
0x69, 0x1a, 0x69, 0x1a, 0x63, 0x10, 0x63, 0x10, 0x63, 0x10, 0x63, 0x10, 0x63, 0x10, 0x63, 0x10, 0x63, 0x10, 0x63, 0x10, 0x63, 0x10, 0x63, 0x10, 
0x63, 0x10, 0x63, 0x10, 0x63, 0x10, 0x63, 0x10, 0x63, 0x10, 0x63, 0x10, 0x63, 0x10, 0x63, 0x10, 0x63, 0x10, 0x63, 0x10, 0x63, 0x10, 0x69, 0x1a, 
0x69, 0x1a, 0x69, 0x1a, 0x69, 0x1a, 0x69, 0x1a, 0x69, 0x1a, 0x69, 0x1a, 0x69, 0x1a, 0x69, 0x1a, 0x69, 0x1a, 0x69, 0x1a, 0x69, 0x1a, 0x69, 0x1a, 
0x69, 0x1a, 0x69, 0x1a, 0x69, 0x1a, 0x69, 0x1a, 0x00, 0xfd, 0x00, 0xfd, 0x00, 0xfd, 0x00, 0xfd, 0x00, 0xfd, 0x00, 0xfd, 0x00, 0xfd, 0xfd, 0x86, 
0xfd, 0x86, 0xfd, 0x86, 0xfd, 0x86, 0xfd, 0x86, 0xfd, 0x86, 0xfd, 0x86, 0xfd, 0x86, 0xfd, 0x86, 0xfd, 0x86, 0xfd, 0x86, 0xfd, 0x86, 0xfd, 0x86, 
0xfd, 0x86, 0xfd, 0x86, 0xfd, 0x86, 0xfd, 0x86, 0xfd, 0x86, 0xfd, 0x86, 0xfd, 0x86, 0xfd, 0x86, 0xfd, 0x86, 0xfd, 0x86, 0xfd, 0x86, 0xfd, 0x86, 
0xfd, 0x86, 0xfd, 0x86, 0xfd, 0x86, 0xfd, 0x86, 0xfd, 0x86, 0xfd, 0x86, 0xfd, 0x86, 0xfd, 0x86, 0xfd, 0x86, 0xfd, 0x86, 0xfd, 0x86, 0xfd, 0x86, 
0xfd, 0x86, 0xfd, 0x86, 0xfd, 0x86, 0xfd, 0x86, 0xfd, 0x86, 0xfd, 0x86, 0x00, 0xfd, 0x00, 0xfd, 0x00, 0xfd, 0x00, 0xfd, 0x00, 0xfd, 0x00, 0xfd, 
0x00, 0xfd, 0x69, 0x1a, 0x69, 0x1a, 0x69, 0x1a, 0x69, 0x1a, 0x69, 0x1a, 0x69, 0x1a, 0x69, 0x1a, 0x69, 0x1a, 0x69, 0x1a, 0x69, 0x1a, 0x69, 0x1a, 
0x69, 0x1a, 0x69, 0x1a, 0x69, 0x1a, 0x69, 0x1a, 0x69, 0x1a, 0x69, 0x1a, 0x63, 0x10, 0x63, 0x10, 0x63, 0x10, 0x63, 0x10, 0x63, 0x10, 0x63, 0x10, 
0x63, 0x10, 0x63, 0x10, 0x63, 0x10, 0x63, 0x10, 0x63, 0x10, 0x63, 0x10, 0x63, 0x10, 0x63, 0x10, 0x63, 0x10, 0x63, 0x10, 0x63, 0x10, 0x63, 0x10, 
0x63, 0x10, 0x63, 0x10, 0x69, 0x1a, 0x69, 0x1a, 0x69, 0x1a, 0x69, 0x1a, 0x69, 0x1a, 0x69, 0x1a, 0x69, 0x1a, 0x69, 0x1a, 0x69, 0x1a, 0x69, 0x1a, 
0x69, 0x1a, 0x69, 0x1a, 0x69, 0x1a, 0x69, 0x1a, 0x69, 0x1a, 0x69, 0x1a, 0x69, 0x1a, 0x69, 0x1a, 0x00, 0xfd, 0x00, 0xfd, 0x00, 0xfd, 0x00, 0xfd, 
0x00, 0xfd, 0x00, 0xfd, 0x00, 0xfd, 0xfd, 0x86, 0xfd, 0x86, 0xfd, 0x86, 0xfd, 0x86, 0xfd, 0x86, 0xfd, 0x86, 0xfd, 0x86, 0xfd, 0x86, 0xfd, 0x86, 
0xfd, 0x86, 0xfd, 0x86, 0xfd, 0x86, 0xfd, 0x86, 0xfd, 0x86, 0xfd, 0x86, 0xfd, 0x86, 0xfd, 0x86, 0xfd, 0x86, 0xfd, 0x86, 0xfd, 0x86, 0xfd, 0x86, 
0xfd, 0x86, 0xfd, 0x86, 0xfd, 0x86, 0xfd, 0x86, 0xfd, 0x86, 0xfd, 0x86, 0xfd, 0x86, 0xfd, 0x86, 0xfd, 0x86, 0xfd, 0x86, 0xfd, 0x86, 0xfd, 0x86, 
0xfd, 0x86, 0xfd, 0x86, 0xfd, 0x86, 0xfd, 0x86, 0xfd, 0x86, 0xfd, 0x86, 0xfd, 0x86, 0xfd, 0x86, 0xfd, 0x86, 0xfd, 0x86, 0x00, 0xfd, 0x00, 0xfd, 
0x00, 0xfd, 0x00, 0xfd, 0x00, 0xfd, 0x00, 0xfd, 0x00, 0xfd, 0x69, 0x1a, 0x69, 0x1a, 0x69, 0x1a, 0x69, 0x1a, 0x69, 0x1a, 0x69, 0x1a, 0x69, 0x1a, 
0x69, 0x1a, 0x69, 0x1a, 0x69, 0x1a, 0x69, 0x1a, 0x69, 0x1a, 0x69, 0x1a, 0x69, 0x1a, 0x69, 0x1a, 0x69, 0x1a, 0x69, 0x1a, 0x69, 0x1a, 0x63, 0x10, 
0x63, 0x10, 0x63, 0x10, 0x63, 0x10, 0x63, 0x10, 0x63, 0x10, 0x63, 0x10, 0x63, 0x10, 0x63, 0x10, 0x63, 0x10, 0x63, 0x10, 0x63, 0x10, 0x63, 0x10, 
0x63, 0x10, 0x63, 0x10, 0x63, 0x10, 0x63, 0x10, 0x63, 0x10, 0x63, 0x10, 0x69, 0x1a, 0x69, 0x1a, 0x69, 0x1a, 0x69, 0x1a, 0x69, 0x1a, 0x69, 0x1a, 
0x69, 0x1a, 0x69, 0x1a, 0x69, 0x1a, 0x69, 0x1a, 0x69, 0x1a, 0x69, 0x1a, 0x69, 0x1a, 0x69, 0x1a, 0x69, 0x1a, 0x69, 0x1a, 0x69, 0x1a, 0x69, 0x1a, 
0x00, 0xfd, 0x00, 0xfd, 0x00, 0xfd, 0x00, 0xfd, 0x00, 0xfd, 0x00, 0xfd, 0x00, 0xfd, 0xfd, 0x86, 0xfd, 0x86, 0xfd, 0x86, 0xfd, 0x86, 0xfd, 0x86, 
0xfd, 0x86, 0xfd, 0x86, 0xfd, 0x86, 0xfd, 0x86, 0xfd, 0x86, 0xfd, 0x86, 0xfd, 0x86, 0xfd, 0x86, 0xfd, 0x86, 0xfd, 0x86, 0xfd, 0x86, 0xfd, 0x86, 
0xfd, 0x86, 0xfd, 0x86, 0xfd, 0x86, 0xfd, 0x86, 0xfd, 0x86, 0xfd, 0x86, 0xfd, 0x86, 0xfd, 0x86, 0xfd, 0x86, 0xfd, 0x86, 0xfd, 0x86, 0xfd, 0x86, 
0xfd, 0x86, 0xfd, 0x86, 0xfd, 0x86, 0xfd, 0x86, 0xfd, 0x86, 0xfd, 0x86, 0xfd, 0x86, 0xfd, 0x86, 0xfd, 0x86, 0xfd, 0x86, 0xfd, 0x86, 0xfd, 0x86, 
0xfd, 0x86, 0xfd, 0x86, 0x00, 0xfd, 0x00, 0xfd, 0x00, 0xfd, 0x00, 0xfd, 0x00, 0xfd, 0x00, 0xfd, 0x00, 0xfd, 0x69, 0x1a, 0x69, 0x1a, 0x69, 0x1a, 
0x69, 0x1a, 0x69, 0x1a, 0x69, 0x1a, 0x69, 0x1a, 0x69, 0x1a, 0x69, 0x1a, 0x69, 0x1a, 0x69, 0x1a, 0x69, 0x1a, 0x69, 0x1a, 0x69, 0x1a, 0x69, 0x1a, 
0x69, 0x1a, 0x69, 0x1a, 0x69, 0x1a, 0x63, 0x10, 0x63, 0x10, 0x63, 0x10, 0x63, 0x10, 0x63, 0x10, 0x63, 0x10, 0x63, 0x10, 0x63, 0x10, 0x63, 0x10, 
0x63, 0x10, 0x63, 0x10, 0x63, 0x10, 0x63, 0x10, 0x63, 0x10, 0x63, 0x10, 0x63, 0x10, 0x63, 0x10, 0x63, 0x10, 0x69, 0x1a, 0x69, 0x1a, 0x69, 0x1a, 
0x69, 0x1a, 0x69, 0x1a, 0x69, 0x1a, 0x69, 0x1a, 0x69, 0x1a, 0x69, 0x1a, 0x69, 0x1a, 0x69, 0x1a, 0x69, 0x1a, 0x69, 0x1a, 0x69, 0x1a, 0x69, 0x1a, 
0x69, 0x1a, 0x69, 0x1a, 0x69, 0x1a, 0x69, 0x1a, 0x00, 0xfd, 0x00, 0xfd, 0x00, 0xfd, 0x00, 0xfd, 0x00, 0xfd, 0x00, 0xfd, 0x00, 0xfd, 0xfd, 0x86, 
0xfd, 0x86, 0xfd, 0x86, 0xfd, 0x86, 0xfd, 0x86, 0xfd, 0x86, 0xfd, 0x86, 0xfd, 0x86, 0xfd, 0x86, 0xfd, 0x86, 0xfd, 0x86, 0xfd, 0x86, 0xfd, 0x86, 
0xfd, 0x86, 0xfd, 0x86, 0xfd, 0x86, 0xfd, 0x86, 0xfd, 0x86, 0xfd, 0x86, 0xfd, 0x86, 0xfd, 0x86, 0xfd, 0x86, 0xfd, 0x86, 0xfd, 0x86, 0xfd, 0x86, 
0xfd, 0x86, 0xfd, 0x86, 0xfd, 0x86, 0xfd, 0x86, 0xfd, 0x86, 0xfd, 0x86, 0xfd, 0x86, 0xfd, 0x86, 0xfd, 0x86, 0xfd, 0x86, 0xfd, 0x86, 0xfd, 0x86, 
0xfd, 0x86, 0xfd, 0x86, 0xfd, 0x86, 0xfd, 0x86, 0xfd, 0x86, 0xfd, 0x86, 0x00, 0xfd, 0x00, 0xfd, 0x00, 0xfd, 0x00, 0xfd, 0x00, 0xfd, 0x00, 0xfd, 
0x00, 0xfd, 0x69, 0x1a, 0x69, 0x1a, 0x69, 0x1a, 0x69, 0x1a, 0x69, 0x1a, 0x69, 0x1a, 0x69, 0x1a, 0x69, 0x1a, 0x69, 0x1a, 0x69, 0x1a, 0x69, 0x1a, 
0x69, 0x1a, 0x69, 0x1a, 0x69, 0x1a, 0x69, 0x1a, 0x69, 0x1a, 0x69, 0x1a, 0x69, 0x1a, 0x69, 0x1a, 0x63, 0x10, 0x63, 0x10, 0x63, 0x10, 0x63, 0x10, 
0x63, 0x10, 0x63, 0x10, 0x63, 0x10, 0x63, 0x10, 0x63, 0x10, 0x63, 0x10, 0x63, 0x10, 0x63, 0x10, 0x63, 0x10, 0x63, 0x10, 0x63, 0x10, 0x63, 0x10, 
0x63, 0x10, 0x69, 0x1a, 0x69, 0x1a, 0x69, 0x1a, 0x69, 0x1a, 0x69, 0x1a, 0x69, 0x1a, 0x69, 0x1a, 0x69, 0x1a, 0x69, 0x1a, 0x69, 0x1a, 0x69, 0x1a, 
0x69, 0x1a, 0x69, 0x1a, 0x69, 0x1a, 0x69, 0x1a, 0x69, 0x1a, 0x69, 0x1a, 0x69, 0x1a, 0x69, 0x1a, 0x00, 0xfd, 0x00, 0xfd, 0x00, 0xfd, 0x00, 0xfd, 
0x00, 0xfd, 0x00, 0xfd, 0x00, 0xfd, 0xfd, 0x86, 0xfd, 0x86, 0xfd, 0x86, 0xfd, 0x86, 0xfd, 0x86, 0xfd, 0x86, 0xfd, 0x86, 0xfd, 0x86, 0xfd, 0x86, 
0xfd, 0x86, 0xfd, 0x86, 0xfd, 0x86, 0xfd, 0x86, 0xfd, 0x86, 0xfd, 0x86, 0xfd, 0x86, 0xfd, 0x86, 0xfd, 0x86, 0xfd, 0x86, 0xfd, 0x86, 0xfd, 0x86, 
0xfd, 0x86, 0xfd, 0x86, 0xfd, 0x86, 0xfd, 0x86, 0xfd, 0x86, 0xfd, 0x86, 0xfd, 0x86, 0xfd, 0x86, 0xfd, 0x86, 0xfd, 0x86, 0xfd, 0x86, 0xfd, 0x86, 
0xfd, 0x86, 0xfd, 0x86, 0xfd, 0x86, 0xfd, 0x86, 0xfd, 0x86, 0xfd, 0x86, 0xfd, 0x86, 0xfd, 0x86, 0xfd, 0x86, 0xfd, 0x86, 0x00, 0xfd, 0x00, 0xfd, 
0x00, 0xfd, 0x00, 0xfd, 0x00, 0xfd, 0x00, 0xfd, 0x00, 0xfd, 0x69, 0x1a, 0x69, 0x1a, 0x69, 0x1a, 0x69, 0x1a, 0x69, 0x1a, 0x69, 0x1a, 0x69, 0x1a, 
0x69, 0x1a, 0x69, 0x1a, 0x69, 0x1a, 0x69, 0x1a, 0x69, 0x1a, 0x69, 0x1a, 0x69, 0x1a, 0x69, 0x1a, 0x69, 0x1a, 0x69, 0x1a, 0x69, 0x1a, 0x69, 0x1a, 
0x63, 0x10, 0x63, 0x10, 0x63, 0x10, 0x63, 0x10, 0x63, 0x10, 0x63, 0x10, 0x63, 0x10, 0x63, 0x10, 0x63, 0x10, 0x63, 0x10, 0x63, 0x10, 0x63, 0x10, 
0x63, 0x10, 0x63, 0x10, 0x63, 0x10, 0x63, 0x10, 0x63, 0x10, 0x69, 0x1a, 0x69, 0x1a, 0x69, 0x1a, 0x69, 0x1a, 0x69, 0x1a, 0x69, 0x1a, 0x69, 0x1a, 
0x69, 0x1a, 0x69, 0x1a, 0x69, 0x1a, 0x69, 0x1a, 0x69, 0x1a, 0x69, 0x1a, 0x69, 0x1a, 0x69, 0x1a, 0x69, 0x1a, 0x69, 0x1a, 0x69, 0x1a, 0x69, 0x1a, 
0x00, 0xfd, 0x00, 0xfd, 0x00, 0xfd, 0x00, 0xfd, 0x00, 0xfd, 0x00, 0xfd, 0x00, 0xfd, 0xfd, 0x86, 0xfd, 0x86, 0xfd, 0x86, 0xfd, 0x86, 0xfd, 0x86, 
0xfd, 0x86, 0xfd, 0x86, 0xfd, 0x86, 0xfd, 0x86, 0xfd, 0x86, 0xfd, 0x86, 0xfd, 0x86, 0xfd, 0x86, 0xfd, 0x86, 0xfd, 0x86, 0xfd, 0x86, 0xfd, 0x86, 
0xfd, 0x86, 0xfd, 0x86, 0xfd, 0x86, 0xfd, 0x86, 0xfd, 0x86, 0xfd, 0x86, 0xfd, 0x86, 0xfd, 0x86, 0xfd, 0x86, 0xfd, 0x86, 0xfd, 0x86, 0xfd, 0x86, 
0xfd, 0x86, 0xfd, 0x86, 0xfd, 0x86, 0xfd, 0x86, 0xfd, 0x86, 0xfd, 0x86, 0xfd, 0x86, 0xfd, 0x86, 0xfd, 0x86, 0xfd, 0x86, 0xfd, 0x86, 0xfd, 0x86, 
0xfd, 0x86, 0xfd, 0x86, 0x00, 0xfd, 0x00, 0xfd, 0x00, 0xfd, 0x00, 0xfd, 0x00, 0xfd, 0x00, 0xfd, 0x00, 0xfd, 0x69, 0x1a, 0x69, 0x1a, 0x69, 0x1a, 
0x69, 0x1a, 0x69, 0x1a, 0x69, 0x1a, 0x69, 0x1a, 0x69, 0x1a, 0x69, 0x1a, 0x69, 0x1a, 0x69, 0x1a, 0x69, 0x1a, 0x69, 0x1a, 0x69, 0x1a, 0x69, 0x1a, 
0x69, 0x1a, 0x69, 0x1a, 0x69, 0x1a, 0x69, 0x1a, 0x63, 0x10, 0x63, 0x10, 0x63, 0x10, 0x63, 0x10, 0x63, 0x10, 0x63, 0x10, 0x63, 0x10, 0x63, 0x10, 
0x63, 0x10, 0x63, 0x10, 0x63, 0x10, 0x63, 0x10, 0x63, 0x10, 0x63, 0x10, 0x63, 0x10, 0x63, 0x10, 0x69, 0x1a, 0x69, 0x1a, 0x69, 0x1a, 0x69, 0x1a, 
0x69, 0x1a, 0x69, 0x1a, 0x69, 0x1a, 0x69, 0x1a, 0x69, 0x1a, 0x69, 0x1a, 0x69, 0x1a, 0x69, 0x1a, 0x69, 0x1a, 0x69, 0x1a, 0x69, 0x1a, 0x69, 0x1a, 
0x69, 0x1a, 0x69, 0x1a, 0x69, 0x1a, 0x69, 0x1a, 0x00, 0xfd, 0x00, 0xfd, 0x00, 0xfd, 0x00, 0xfd, 0x00, 0xfd, 0x00, 0xfd, 0x00, 0xfd, 0xfd, 0x86, 
0xfd, 0x86, 0xfd, 0x86, 0xfd, 0x86, 0xfd, 0x86, 0xfd, 0x86, 0xfd, 0x86, 0xfd, 0x86, 0xfd, 0x86, 0xfd, 0x86, 0xfd, 0x86, 0xfd, 0x86, 0xfd, 0x86, 
0xfd, 0x86, 0xfd, 0x86, 0xfd, 0x86, 0xfd, 0x86, 0xfd, 0x86, 0xfd, 0x86, 0xfd, 0x86, 0xfd, 0x86, 0xfd, 0x86, 0xfd, 0x86, 0xfd, 0x86, 0xfd, 0x86, 
0xfd, 0x86, 0xfd, 0x86, 0xfd, 0x86, 0xfd, 0x86, 0xfd, 0x86, 0xfd, 0x86, 0xfd, 0x86, 0xfd, 0x86, 0xfd, 0x86, 0xfd, 0x86, 0xfd, 0x86, 0xfd, 0x86, 
0xfd, 0x86, 0xfd, 0x86, 0xfd, 0x86, 0xfd, 0x86, 0xfd, 0x86, 0xfd, 0x86, 0x00, 0xfd, 0x00, 0xfd, 0x00, 0xfd, 0x00, 0xfd, 0x00, 0xfd, 0x00, 0xfd, 
0x00, 0xfd, 0x69, 0x1a, 0x69, 0x1a, 0x69, 0x1a, 0x69, 0x1a, 0x69, 0x1a, 0x69, 0x1a, 0x69, 0x1a, 0x69, 0x1a, 0x69, 0x1a, 0x69, 0x1a, 0x69, 0x1a, 
0x69, 0x1a, 0x69, 0x1a, 0x69, 0x1a, 0x69, 0x1a, 0x69, 0x1a, 0x69, 0x1a, 0x69, 0x1a, 0x69, 0x1a, 0x69, 0x1a, 0x63, 0x10, 0x63, 0x10, 0x63, 0x10, 
0x63, 0x10, 0x63, 0x10, 0x63, 0x10, 0x63, 0x10, 0x63, 0x10, 0x63, 0x10, 0x63, 0x10, 0x63, 0x10, 0x63, 0x10, 0x63, 0x10, 0x63, 0x10, 0x63, 0x10, 
0x69, 0x1a, 0x69, 0x1a, 0x69, 0x1a, 0x69, 0x1a, 0x69, 0x1a, 0x69, 0x1a, 0x69, 0x1a, 0x69, 0x1a, 0x69, 0x1a, 0x69, 0x1a, 0x69, 0x1a, 0x69, 0x1a, 
0x69, 0x1a, 0x69, 0x1a, 0x69, 0x1a, 0x69, 0x1a, 0x69, 0x1a, 0x69, 0x1a, 0x69, 0x1a, 0x69, 0x1a, 0x00, 0xfd, 0x00, 0xfd, 0x00, 0xfd, 0x00, 0xfd, 
0x00, 0xfd, 0x00, 0xfd, 0x00, 0xfd, 0xfd, 0x86, 0xfd, 0x86, 0xfd, 0x86, 0xfd, 0x86, 0xfd, 0x86, 0xfd, 0x86, 0xfd, 0x86, 0xfd, 0x86, 0xfd, 0x86, 
0xfd, 0x86, 0xfd, 0x86, 0xfd, 0x86, 0xfd, 0x86, 0xfd, 0x86, 0xfd, 0x86, 0xfd, 0x86, 0xfd, 0x86, 0xfd, 0x86, 0xfd, 0x86, 0xfd, 0x86, 0xfd, 0x86, 
0xfd, 0x86, 0xfd, 0x86, 0xfd, 0x86, 0xfd, 0x86, 0xfd, 0x86, 0xfd, 0x86, 0xfd, 0x86, 0xfd, 0x86, 0xfd, 0x86, 0xfd, 0x86, 0xfd, 0x86, 0xfd, 0x86, 
0xfd, 0x86, 0xfd, 0x86, 0xfd, 0x86, 0xfd, 0x86, 0xfd, 0x86, 0xfd, 0x86, 0xfd, 0x86, 0xfd, 0x86, 0xfd, 0x86, 0xfd, 0x86, 0x00, 0xfd, 0x00, 0xfd, 
0x00, 0xfd, 0x00, 0xfd, 0x00, 0xfd, 0x00, 0xfd, 0x00, 0xfd, 0x69, 0x1a, 0x69, 0x1a, 0x69, 0x1a, 0x69, 0x1a, 0x69, 0x1a, 0x69, 0x1a, 0x69, 0x1a, 
0x69, 0x1a, 0x69, 0x1a, 0x69, 0x1a, 0x69, 0x1a, 0x69, 0x1a, 0x69, 0x1a, 0x69, 0x1a, 0x69, 0x1a, 0x69, 0x1a, 0x69, 0x1a, 0x69, 0x1a, 0x69, 0x1a, 
0x69, 0x1a, 0x63, 0x10, 0x63, 0x10, 0x63, 0x10, 0x63, 0x10, 0x63, 0x10, 0x63, 0x10, 0x63, 0x10, 0x63, 0x10, 0x63, 0x10, 0x63, 0x10, 0x63, 0x10, 
0x63, 0x10, 0x63, 0x10, 0x63, 0x10, 0x63, 0x10, 0x69, 0x1a, 0x69, 0x1a, 0x69, 0x1a, 0x69, 0x1a, 0x69, 0x1a, 0x69, 0x1a, 0x69, 0x1a, 0x69, 0x1a, 
0x69, 0x1a, 0x69, 0x1a, 0x69, 0x1a, 0x69, 0x1a, 0x69, 0x1a, 0x69, 0x1a, 0x69, 0x1a, 0x69, 0x1a, 0x69, 0x1a, 0x69, 0x1a, 0x69, 0x1a, 0x69, 0x1a, 
0x00, 0xfd, 0x00, 0xfd, 0x00, 0xfd, 0x00, 0xfd, 0x00, 0xfd, 0x00, 0xfd, 0x00, 0xfd, 0xfd, 0x86, 0xfd, 0x86, 0xfd, 0x86, 0xfd, 0x86, 0xfd, 0x86, 
0xfd, 0x86, 0xfd, 0x86, 0xfd, 0x86, 0xfd, 0x86, 0xfd, 0x86, 0xfd, 0x86, 0xfd, 0x86, 0xfd, 0x86, 0xfd, 0x86, 0xfd, 0x86, 0xfd, 0x86, 0xfd, 0x86, 
0xfd, 0x86, 0xfd, 0x86, 0xfd, 0x86, 0xfd, 0x86, 0xfd, 0x86, 0xfd, 0x86, 0xfd, 0x86, 0xfd, 0x86, 0xfd, 0x86, 0xfd, 0x86, 0xfd, 0x86, 0xfd, 0x86, 
0xfd, 0x86, 0xfd, 0x86, 0xfd, 0x86, 0xfd, 0x86, 0xfd, 0x86, 0xfd, 0x86, 0xfd, 0x86, 0xfd, 0x86, 0xfd, 0x86, 0xfd, 0x86, 0xfd, 0x86, 0xfd, 0x86, 
0xfd, 0x86, 0xfd, 0x86, 0x00, 0xfd, 0x00, 0xfd, 0x00, 0xfd, 0x00, 0xfd, 0x00, 0xfd, 0x00, 0xfd, 0x00, 0xfd, 0x69, 0x1a, 0x69, 0x1a, 0x69, 0x1a, 
0x69, 0x1a, 0x69, 0x1a, 0x69, 0x1a, 0x69, 0x1a, 0x69, 0x1a, 0x69, 0x1a, 0x69, 0x1a, 0x69, 0x1a, 0x69, 0x1a, 0x69, 0x1a, 0x69, 0x1a, 0x69, 0x1a, 
0x69, 0x1a, 0x69, 0x1a, 0x69, 0x1a, 0x69, 0x1a, 0x69, 0x1a, 0x63, 0x10, 0x63, 0x10, 0x63, 0x10, 0x63, 0x10, 0x63, 0x10, 0x63, 0x10, 0x63, 0x10, 
0x63, 0x10, 0x63, 0x10, 0x63, 0x10, 0x63, 0x10, 0x63, 0x10, 0x63, 0x10, 0x63, 0x10, 0x63, 0x10, 0x69, 0x1a, 0x69, 0x1a, 0x69, 0x1a, 0x69, 0x1a, 
0x69, 0x1a, 0x69, 0x1a, 0x69, 0x1a, 0x69, 0x1a, 0x69, 0x1a, 0x69, 0x1a, 0x69, 0x1a, 0x69, 0x1a, 0x69, 0x1a, 0x69, 0x1a, 0x69, 0x1a, 0x69, 0x1a, 
0x69, 0x1a, 0x69, 0x1a, 0x69, 0x1a, 0x69, 0x1a, 0x00, 0xfd, 0x00, 0xfd, 0x00, 0xfd, 0x00, 0xfd, 0x00, 0xfd, 0x00, 0xfd, 0x00, 0xfd, 0xfd, 0x86, 
0xfd, 0x86, 0xfd, 0x86, 0xfd, 0x86, 0xfd, 0x86, 0xfd, 0x86, 0xfd, 0x86, 0xfd, 0x86, 0xfd, 0x86, 0xfd, 0x86, 0xfd, 0x86, 0xfd, 0x86, 0xfd, 0x86, 
0xfd, 0x86, 0xfd, 0x86, 0xfd, 0x86, 0xfd, 0x86, 0xfd, 0x86, 0xfd, 0x86, 0xfd, 0x86, 0xfd, 0x86, 0xfd, 0x86, 0xfd, 0x86, 0xfd, 0x86, 0xfd, 0x86, 
0xfd, 0x86, 0xfd, 0x86, 0xfd, 0x86, 0xfd, 0x86, 0xfd, 0x86, 0xfd, 0x86, 0xfd, 0x86, 0xfd, 0x86, 0xfd, 0x86, 0xfd, 0x86, 0xfd, 0x86, 0xfd, 0x86, 
0xfd, 0x86, 0xfd, 0x86, 0xfd, 0x86, 0xfd, 0x86, 0xfd, 0x86, 0xfd, 0x86, 0x00, 0xfd, 0x00, 0xfd, 0x00, 0xfd, 0x00, 0xfd, 0x00, 0xfd, 0x00, 0xfd, 
0x00, 0xfd, 0x69, 0x1a, 0x69, 0x1a, 0x69, 0x1a, 0x69, 0x1a, 0x69, 0x1a, 0x69, 0x1a, 0x69, 0x1a, 0x69, 0x1a, 0x69, 0x1a, 0x69, 0x1a, 0x69, 0x1a, 
0x69, 0x1a, 0x69, 0x1a, 0x69, 0x1a, 0x69, 0x1a, 0x69, 0x1a, 0x69, 0x1a, 0x69, 0x1a, 0x69, 0x1a, 0x69, 0x1a, 0x63, 0x10, 0x63, 0x10, 0x63, 0x10, 
0x63, 0x10, 0x63, 0x10, 0x63, 0x10, 0x63, 0x10, 0x63, 0x10, 0x63, 0x10, 0x63, 0x10, 0x63, 0x10, 0x63, 0x10, 0x63, 0x10, 0x63, 0x10, 0x63, 0x10, 
0x69, 0x1a, 0x69, 0x1a, 0x69, 0x1a, 0x69, 0x1a, 0x69, 0x1a, 0x69, 0x1a, 0x69, 0x1a, 0x69, 0x1a, 0x69, 0x1a, 0x69, 0x1a, 0x69, 0x1a, 0x69, 0x1a, 
0x69, 0x1a, 0x69, 0x1a, 0x69, 0x1a, 0x69, 0x1a, 0x69, 0x1a, 0x69, 0x1a, 0x69, 0x1a, 0x69, 0x1a, 0x00, 0xfd, 0x00, 0xfd, 0x00, 0xfd, 0x00, 0xfd, 
0x00, 0xfd, 0x00, 0xfd, 0x00, 0xfd, 0xfd, 0x86, 0xfd, 0x86, 0xfd, 0x86, 0xfd, 0x86, 0xfd, 0x86, 0xfd, 0x86, 0xfd, 0x86, 0xfd, 0x86, 0xfd, 0x86, 
0xfd, 0x86, 0xfd, 0x86, 0xfd, 0x86, 0xfd, 0x86, 0xfd, 0x86, 0xfd, 0x86, 0xfd, 0x86, 0xfd, 0x86, 0xfd, 0x86, 0xfd, 0x86, 0xfd, 0x86, 0xfd, 0x86, 
0xfd, 0x86, 0xfd, 0x86, 0xfd, 0x86, 0xfd, 0x86, 0xfd, 0x86, 0xfd, 0x86, 0xfd, 0x86, 0xfd, 0x86, 0xfd, 0x86, 0xfd, 0x86, 0xfd, 0x86, 0xfd, 0x86, 
0xfd, 0x86, 0xfd, 0x86, 0xfd, 0x86, 0xfd, 0x86, 0xfd, 0x86, 0xfd, 0x86, 0xfd, 0x86, 0xfd, 0x86, 0xfd, 0x86, 0xfd, 0x86, 0x00, 0xfd, 0x00, 0xfd, 
0x00, 0xfd, 0x00, 0xfd, 0x00, 0xfd, 0x00, 0xfd, 0x00, 0xfd, 0x69, 0x1a, 0x69, 0x1a, 0x69, 0x1a, 0x69, 0x1a, 0x69, 0x1a, 0x69, 0x1a, 0x69, 0x1a, 
0x69, 0x1a, 0x69, 0x1a, 0x69, 0x1a, 0x69, 0x1a, 0x69, 0x1a, 0x69, 0x1a, 0x69, 0x1a, 0x69, 0x1a, 0x69, 0x1a, 0x69, 0x1a, 0x69, 0x1a, 0x69, 0x1a, 
0x69, 0x1a, 0x63, 0x10, 0x63, 0x10, 0x63, 0x10, 0x63, 0x10, 0x63, 0x10, 0x63, 0x10, 0x63, 0x10, 0x63, 0x10, 0x63, 0x10, 0x63, 0x10, 0x63, 0x10, 
0x63, 0x10, 0x63, 0x10, 0x63, 0x10, 0x69, 0x1a, 0x69, 0x1a, 0x69, 0x1a, 0x69, 0x1a, 0x69, 0x1a, 0x69, 0x1a, 0x69, 0x1a, 0x69, 0x1a, 0x69, 0x1a, 
0x69, 0x1a, 0x69, 0x1a, 0x69, 0x1a, 0x69, 0x1a, 0x69, 0x1a, 0x69, 0x1a, 0x69, 0x1a, 0x69, 0x1a, 0x69, 0x1a, 0x69, 0x1a, 0x69, 0x1a, 0x69, 0x1a, 
0x00, 0xfd, 0x00, 0xfd, 0x00, 0xfd, 0x00, 0xfd, 0x00, 0xfd, 0x00, 0xfd, 0x00, 0xfd, 0xfd, 0x86, 0xfd, 0x86, 0xfd, 0x86, 0xfd, 0x86, 0xfd, 0x86, 
0xfd, 0x86, 0xfd, 0x86, 0xfd, 0x86, 0xfd, 0x86, 0xfd, 0x86, 0xfd, 0x86, 0xfd, 0x86, 0xfd, 0x86, 0xfd, 0x86, 0xfd, 0x86, 0xfd, 0x86, 0xfd, 0x86, 
0xfd, 0x86, 0xfd, 0x86, 0xfd, 0x86, 0xfd, 0x86, 0xfd, 0x86, 0xfd, 0x86, 0xfd, 0x86, 0xfd, 0x86, 0xfd, 0x86, 0xfd, 0x86, 0xfd, 0x86, 0xfd, 0x86, 
0xfd, 0x86, 0xfd, 0x86, 0xfd, 0x86, 0xfd, 0x86, 0xfd, 0x86, 0xfd, 0x86, 0xfd, 0x86, 0xfd, 0x86, 0xfd, 0x86, 0xfd, 0x86, 0xfd, 0x86, 0xfd, 0x86, 
0xfd, 0x86, 0xfd, 0x86, 0x00, 0xfd, 0x00, 0xfd, 0x00, 0xfd, 0x00, 0xfd, 0x00, 0xfd, 0x00, 0xfd, 0x00, 0xfd, 0x69, 0x1a, 0x69, 0x1a, 0x69, 0x1a, 
0x69, 0x1a, 0x69, 0x1a, 0x69, 0x1a, 0x69, 0x1a, 0x69, 0x1a, 0x69, 0x1a, 0x69, 0x1a, 0x69, 0x1a, 0x69, 0x1a, 0x69, 0x1a, 0x69, 0x1a, 0x69, 0x1a, 
0x69, 0x1a, 0x69, 0x1a, 0x69, 0x1a, 0x69, 0x1a, 0x69, 0x1a, 0x69, 0x1a, 0x63, 0x10, 0x63, 0x10, 0x63, 0x10, 0x63, 0x10, 0x63, 0x10, 0x63, 0x10, 
0x63, 0x10, 0x63, 0x10, 0x63, 0x10, 0x63, 0x10, 0x63, 0x10, 0x63, 0x10, 0x63, 0x10, 0x69, 0x1a, 0x69, 0x1a, 0x69, 0x1a, 0x69, 0x1a, 0x69, 0x1a, 
0x69, 0x1a, 0x69, 0x1a, 0x69, 0x1a, 0x69, 0x1a, 0x69, 0x1a, 0x69, 0x1a, 0x69, 0x1a, 0x69, 0x1a, 0x69, 0x1a, 0x69, 0x1a, 0x69, 0x1a, 0x69, 0x1a, 
0x69, 0x1a, 0x69, 0x1a, 0x69, 0x1a, 0x69, 0x1a, 0x00, 0xfd, 0x00, 0xfd, 0x00, 0xfd, 0x00, 0xfd, 0x00, 0xfd, 0x00, 0xfd, 0x00, 0xfd, 0xfd, 0x86, 
0xfd, 0x86, 0xfd, 0x86, 0xfd, 0x86, 0xfd, 0x86, 0xfd, 0x86, 0xfd, 0x86, 0xfd, 0x86, 0xfd, 0x86, 0xfd, 0x86, 0xfd, 0x86, 0xfd, 0x86, 0xfd, 0x86, 
0xfd, 0x86, 0xfd, 0x86, 0xfd, 0x86, 0xfd, 0x86, 0xfd, 0x86, 0xfd, 0x86, 0xfd, 0x86, 0xfd, 0x86, 0xfd, 0x86, 0xfd, 0x86, 0xfd, 0x86, 0xfd, 0x86, 
0xfd, 0x86, 0xfd, 0x86, 0xfd, 0x86, 0xfd, 0x86, 0xfd, 0x86, 0xfd, 0x86, 0xfd, 0x86, 0xfd, 0x86, 0xfd, 0x86, 0xfd, 0x86, 0xfd, 0x86, 0xfd, 0x86, 
0xfd, 0x86, 0xfd, 0x86, 0xfd, 0x86, 0xfd, 0x86, 0xfd, 0x86, 0xfd, 0x86, 0x00, 0xfd, 0x00, 0xfd, 0x00, 0xfd, 0x00, 0xfd, 0x00, 0xfd, 0x00, 0xfd, 
0x00, 0xfd, 0x69, 0x1a, 0x69, 0x1a, 0x69, 0x1a, 0x69, 0x1a, 0x69, 0x1a, 0x69, 0x1a, 0x69, 0x1a, 0x69, 0x1a, 0x69, 0x1a, 0x69, 0x1a, 0x69, 0x1a, 
0x69, 0x1a, 0x69, 0x1a, 0x69, 0x1a, 0x69, 0x1a, 0x69, 0x1a, 0x69, 0x1a, 0x69, 0x1a, 0x69, 0x1a, 0x69, 0x1a, 0x69, 0x1a, 0x63, 0x10, 0x63, 0x10, 
0x63, 0x10, 0x63, 0x10, 0x63, 0x10, 0x63, 0x10, 0x63, 0x10, 0x63, 0x10, 0x63, 0x10, 0x63, 0x10, 0x63, 0x10, 0x63, 0x10, 0x63, 0x10, 0x69, 0x1a, 
0x69, 0x1a, 0x69, 0x1a, 0x69, 0x1a, 0x69, 0x1a, 0x69, 0x1a, 0x69, 0x1a, 0x69, 0x1a, 0x69, 0x1a, 0x69, 0x1a, 0x69, 0x1a, 0x69, 0x1a, 0x69, 0x1a, 
0x69, 0x1a, 0x69, 0x1a, 0x69, 0x1a, 0x69, 0x1a, 0x69, 0x1a, 0x69, 0x1a, 0x69, 0x1a, 0x69, 0x1a, 0x00, 0xfd, 0x00, 0xfd, 0x00, 0xfd, 0x00, 0xfd, 
0x00, 0xfd, 0x00, 0xfd, 0x00, 0xfd, 0xfd, 0x86, 0xfd, 0x86, 0xfd, 0x86, 0xfd, 0x86, 0xfd, 0x86, 0xfd, 0x86, 0xfd, 0x86, 0xfd, 0x86, 0xfd, 0x86, 
0xfd, 0x86, 0xfd, 0x86, 0xfd, 0x86, 0xfd, 0x86, 0xfd, 0x86, 0xfd, 0x86, 0xfd, 0x86, 0xfd, 0x86, 0xfd, 0x86, 0xfd, 0x86, 0xfd, 0x86, 0xfd, 0x86, 
0xfd, 0x86, 0xfd, 0x86, 0xfd, 0x86, 0xfd, 0x86, 0xfd, 0x86, 0xfd, 0x86, 0xfd, 0x86, 0xfd, 0x86, 0xfd, 0x86, 0xfd, 0x86, 0xfd, 0x86, 0xfd, 0x86, 
0xfd, 0x86, 0xfd, 0x86, 0xfd, 0x86, 0xfd, 0x86, 0xfd, 0x86, 0xfd, 0x86, 0xfd, 0x86, 0xfd, 0x86, 0xfd, 0x86, 0xfd, 0x86, 0x00, 0xfd, 0x00, 0xfd, 
0x00, 0xfd, 0x00, 0xfd, 0x00, 0xfd, 0x00, 0xfd, 0x00, 0xfd, 0x69, 0x1a, 0x69, 0x1a, 0x69, 0x1a, 0x69, 0x1a, 0x69, 0x1a, 0x69, 0x1a, 0x69, 0x1a, 
0x69, 0x1a, 0x69, 0x1a, 0x69, 0x1a, 0x69, 0x1a, 0x69, 0x1a, 0x69, 0x1a, 0x69, 0x1a, 0x69, 0x1a, 0x69, 0x1a, 0x69, 0x1a, 0x69, 0x1a, 0x69, 0x1a, 
0x69, 0x1a, 0x69, 0x1a, 0x63, 0x10, 0x63, 0x10, 0x63, 0x10, 0x63, 0x10, 0x63, 0x10, 0x63, 0x10, 0x63, 0x10, 0x63, 0x10, 0x63, 0x10, 0x63, 0x10, 
0x63, 0x10, 0x63, 0x10, 0x63, 0x10, 0x69, 0x1a, 0x69, 0x1a, 0x69, 0x1a, 0x69, 0x1a, 0x69, 0x1a, 0x69, 0x1a, 0x69, 0x1a, 0x69, 0x1a, 0x69, 0x1a, 
0x69, 0x1a, 0x69, 0x1a, 0x69, 0x1a, 0x69, 0x1a, 0x69, 0x1a, 0x69, 0x1a, 0x69, 0x1a, 0x69, 0x1a, 0x69, 0x1a, 0x69, 0x1a, 0x69, 0x1a, 0x69, 0x1a, 
0x00, 0xfd, 0x00, 0xfd, 0x00, 0xfd, 0x00, 0xfd, 0x00, 0xfd, 0x00, 0xfd, 0x00, 0xfd, 0xfd, 0x86, 0xfd, 0x86, 0xfd, 0x86, 0xfd, 0x86, 0xfd, 0x86, 
0xfd, 0x86, 0xfd, 0x86, 0xfd, 0x86, 0xfd, 0x86, 0xfd, 0x86, 0xfd, 0x86, 0xfd, 0x86, 0xfd, 0x86, 0xfd, 0x86, 0xfd, 0x86, 0xfd, 0x86, 0xfd, 0x86, 
0xfd, 0x86, 0xfd, 0x86, 0xfd, 0x86, 0xfd, 0x86, 0xfd, 0x86, 0xfd, 0x86, 0xfd, 0x86, 0xfd, 0x86, 0xfd, 0x86, 0xfd, 0x86, 0xfd, 0x86, 0xfd, 0x86, 
0xfd, 0x86, 0xfd, 0x86, 0xfd, 0x86, 0xfd, 0x86, 0xfd, 0x86, 0xfd, 0x86, 0xfd, 0x86, 0xfd, 0x86, 0xfd, 0x86, 0xfd, 0x86, 0xfd, 0x86, 0xfd, 0x86, 
0xfd, 0x86, 0xfd, 0x86, 0x00, 0xfd, 0x00, 0xfd, 0x00, 0xfd, 0x00, 0xfd, 0x00, 0xfd, 0x00, 0xfd, 0x00, 0xfd, 0x69, 0x1a, 0x69, 0x1a, 0x69, 0x1a, 
0x69, 0x1a, 0x69, 0x1a, 0x69, 0x1a, 0x69, 0x1a, 0x69, 0x1a, 0x69, 0x1a, 0x69, 0x1a, 0x69, 0x1a, 0x69, 0x1a, 0x69, 0x1a, 0x69, 0x1a, 0x69, 0x1a, 
0x69, 0x1a, 0x69, 0x1a, 0x69, 0x1a, 0x69, 0x1a, 0x69, 0x1a, 0x69, 0x1a, 0x63, 0x10, 0x63, 0x10, 0x63, 0x10, 0x63, 0x10, 0x63, 0x10, 0x63, 0x10, 
0x63, 0x10, 0x63, 0x10, 0x63, 0x10, 0x63, 0x10, 0x63, 0x10, 0x63, 0x10, 0x63, 0x10, 0x69, 0x1a, 0x69, 0x1a, 0x69, 0x1a, 0x69, 0x1a, 0x69, 0x1a, 
0x69, 0x1a, 0x69, 0x1a, 0x69, 0x1a, 0x69, 0x1a, 0x69, 0x1a, 0x69, 0x1a, 0x69, 0x1a, 0x69, 0x1a, 0x69, 0x1a, 0x69, 0x1a, 0x69, 0x1a, 0x69, 0x1a, 
0x69, 0x1a, 0x69, 0x1a, 0x69, 0x1a, 0x69, 0x1a, 0x00, 0xfd, 0x00, 0xfd, 0x00, 0xfd, 0x00, 0xfd, 0x00, 0xfd, 0x00, 0xfd, 0x00, 0xfd, 0x00, 0xfd, 
0x00, 0xfd, 0x00, 0xfd, 0x00, 0xfd, 0x00, 0xfd, 0x00, 0xfd, 0x00, 0xfd, 0x00, 0xfd, 0x00, 0xfd, 0x00, 0xfd, 0x00, 0xfd, 0x00, 0xfd, 0x00, 0xfd, 
0x00, 0xfd, 0x00, 0xfd, 0x00, 0xfd, 0x00, 0xfd, 0x00, 0xfd, 0x00, 0xfd, 0x00, 0xfd, 0x00, 0xfd, 0x00, 0xfd, 0x00, 0xfd, 0x00, 0xfd, 0x00, 0xfd, 
0x00, 0xfd, 0x00, 0xfd, 0x00, 0xfd, 0x00, 0xfd, 0x00, 0xfd, 0x00, 0xfd, 0x00, 0xfd, 0x00, 0xfd, 0x00, 0xfd, 0x00, 0xfd, 0x00, 0xfd, 0x00, 0xfd, 
0x00, 0xfd, 0x00, 0xfd, 0x00, 0xfd, 0x00, 0xfd, 0x00, 0xfd, 0x00, 0xfd, 0x00, 0xfd, 0x00, 0xfd, 0x00, 0xfd, 0x00, 0xfd, 0x00, 0xfd, 0x00, 0xfd, 
0x00, 0xfd, 0x69, 0x1a, 0x69, 0x1a, 0x69, 0x1a, 0x69, 0x1a, 0x69, 0x1a, 0x69, 0x1a, 0x69, 0x1a, 0x69, 0x1a, 0x69, 0x1a, 0x69, 0x1a, 0x69, 0x1a, 
0x69, 0x1a, 0x69, 0x1a, 0x69, 0x1a, 0x69, 0x1a, 0x69, 0x1a, 0x69, 0x1a, 0x69, 0x1a, 0x69, 0x1a, 0x69, 0x1a, 0x69, 0x1a, 0x63, 0x10, 0x63, 0x10, 
0x63, 0x10, 0x63, 0x10, 0x63, 0x10, 0x63, 0x10, 0x63, 0x10, 0x63, 0x10, 0x63, 0x10, 0x63, 0x10, 0x63, 0x10, 0x63, 0x10, 0x63, 0x10, 0x69, 0x1a, 
0x69, 0x1a, 0x69, 0x1a, 0x69, 0x1a, 0x69, 0x1a, 0x69, 0x1a, 0x69, 0x1a, 0x69, 0x1a, 0x69, 0x1a, 0x69, 0x1a, 0x69, 0x1a, 0x69, 0x1a, 0x69, 0x1a, 
0x69, 0x1a, 0x69, 0x1a, 0x69, 0x1a, 0x69, 0x1a, 0x69, 0x1a, 0x69, 0x1a, 0x69, 0x1a, 0x69, 0x1a, 0x00, 0xfd, 0x00, 0xfd, 0x00, 0xfd, 0x00, 0xfd, 
0x00, 0xfd, 0x00, 0xfd, 0x00, 0xfd, 0x00, 0xfd, 0x00, 0xfd, 0x00, 0xfd, 0x00, 0xfd, 0x00, 0xfd, 0x00, 0xfd, 0x00, 0xfd, 0x00, 0xfd, 0x00, 0xfd, 
0x00, 0xfd, 0x00, 0xfd, 0x00, 0xfd, 0x00, 0xfd, 0x00, 0xfd, 0x00, 0xfd, 0x00, 0xfd, 0x00, 0xfd, 0x00, 0xfd, 0x00, 0xfd, 0x00, 0xfd, 0x00, 0xfd, 
0x00, 0xfd, 0x00, 0xfd, 0x00, 0xfd, 0x00, 0xfd, 0x00, 0xfd, 0x00, 0xfd, 0x00, 0xfd, 0x00, 0xfd, 0x00, 0xfd, 0x00, 0xfd, 0x00, 0xfd, 0x00, 0xfd, 
0x00, 0xfd, 0x00, 0xfd, 0x00, 0xfd, 0x00, 0xfd, 0x00, 0xfd, 0x00, 0xfd, 0x00, 0xfd, 0x00, 0xfd, 0x00, 0xfd, 0x00, 0xfd, 0x00, 0xfd, 0x00, 0xfd, 
0x00, 0xfd, 0x00, 0xfd, 0x00, 0xfd, 0x00, 0xfd, 0x00, 0xfd, 0x69, 0x1a, 0x69, 0x1a, 0x69, 0x1a, 0x69, 0x1a, 0x69, 0x1a, 0x69, 0x1a, 0x69, 0x1a, 
0x69, 0x1a, 0x69, 0x1a, 0x69, 0x1a, 0x69, 0x1a, 0x69, 0x1a, 0x69, 0x1a, 0x69, 0x1a, 0x69, 0x1a, 0x69, 0x1a, 0x69, 0x1a, 0x69, 0x1a, 0x69, 0x1a, 
0x69, 0x1a, 0x69, 0x1a, 0x63, 0x10, 0x63, 0x10, 0x63, 0x10, 0x63, 0x10, 0x63, 0x10, 0x63, 0x10, 0x63, 0x10, 0x63, 0x10, 0x63, 0x10, 0x63, 0x10, 
0x63, 0x10, 0x63, 0x10, 0x63, 0x10, 0x69, 0x1a, 0x69, 0x1a, 0x69, 0x1a, 0x69, 0x1a, 0x69, 0x1a, 0x69, 0x1a, 0x69, 0x1a, 0x69, 0x1a, 0x69, 0x1a, 
0x69, 0x1a, 0x69, 0x1a, 0x69, 0x1a, 0x69, 0x1a, 0x69, 0x1a, 0x69, 0x1a, 0x69, 0x1a, 0x69, 0x1a, 0x69, 0x1a, 0x69, 0x1a, 0x69, 0x1a, 0x69, 0x1a, 
0x00, 0xfd, 0x00, 0xfd, 0x00, 0xfd, 0x00, 0xfd, 0x00, 0xfd, 0x00, 0xfd, 0x00, 0xfd, 0x00, 0xfd, 0x00, 0xfd, 0x00, 0xfd, 0x00, 0xfd, 0x00, 0xfd, 
0x00, 0xfd, 0x00, 0xfd, 0x00, 0xfd, 0x00, 0xfd, 0x00, 0xfd, 0x00, 0xfd, 0x00, 0xfd, 0x00, 0xfd, 0x00, 0xfd, 0x00, 0xfd, 0x00, 0xfd, 0x00, 0xfd, 
0x00, 0xfd, 0x00, 0xfd, 0x00, 0xfd, 0x00, 0xfd, 0x00, 0xfd, 0x00, 0xfd, 0x00, 0xfd, 0x00, 0xfd, 0x00, 0xfd, 0x00, 0xfd, 0x00, 0xfd, 0x00, 0xfd, 
0x00, 0xfd, 0x00, 0xfd, 0x00, 0xfd, 0x00, 0xfd, 0x00, 0xfd, 0x00, 0xfd, 0x00, 0xfd, 0x00, 0xfd, 0x00, 0xfd, 0x00, 0xfd, 0x00, 0xfd, 0x00, 0xfd, 
0x00, 0xfd, 0x00, 0xfd, 0x00, 0xfd, 0x00, 0xfd, 0x00, 0xfd, 0x00, 0xfd, 0x00, 0xfd, 0x00, 0xfd, 0x00, 0xfd, 0x69, 0x1a, 0x69, 0x1a, 0x69, 0x1a, 
0x69, 0x1a, 0x69, 0x1a, 0x69, 0x1a, 0x69, 0x1a, 0x69, 0x1a, 0x69, 0x1a, 0x69, 0x1a, 0x69, 0x1a, 0x69, 0x1a, 0x69, 0x1a, 0x69, 0x1a, 0x69, 0x1a, 
0x69, 0x1a, 0x69, 0x1a, 0x69, 0x1a, 0x69, 0x1a, 0x69, 0x1a, 0x69, 0x1a, 0x63, 0x10, 0x63, 0x10, 0x63, 0x10, 0x63, 0x10, 0x63, 0x10, 0x63, 0x10, 
0x63, 0x10, 0x63, 0x10, 0x63, 0x10, 0x63, 0x10, 0x63, 0x10, 0x63, 0x10, 0x63, 0x10, 0x69, 0x1a, 0x69, 0x1a, 0x69, 0x1a, 0x69, 0x1a, 0x69, 0x1a, 
0x69, 0x1a, 0x69, 0x1a, 0x69, 0x1a, 0x69, 0x1a, 0x69, 0x1a, 0x69, 0x1a, 0x69, 0x1a, 0x69, 0x1a, 0x69, 0x1a, 0x69, 0x1a, 0x69, 0x1a, 0x69, 0x1a, 
0x69, 0x1a, 0x69, 0x1a, 0x69, 0x1a, 0x69, 0x1a, 0x00, 0xfd, 0x00, 0xfd, 0x00, 0xfd, 0x00, 0xfd, 0x00, 0xfd, 0x00, 0xfd, 0x00, 0xfd, 0x00, 0xfd, 
0x00, 0xfd, 0x00, 0xfd, 0x00, 0xfd, 0x00, 0xfd, 0x00, 0xfd, 0x00, 0xfd, 0x00, 0xfd, 0x00, 0xfd, 0x00, 0xfd, 0x00, 0xfd, 0x00, 0xfd, 0x00, 0xfd, 
0x00, 0xfd, 0x00, 0xfd, 0x00, 0xfd, 0x00, 0xfd, 0x00, 0xfd, 0x00, 0xfd, 0x00, 0xfd, 0x00, 0xfd, 0x00, 0xfd, 0x00, 0xfd, 0x00, 0xfd, 0x00, 0xfd, 
0x00, 0xfd, 0x00, 0xfd, 0x00, 0xfd, 0x00, 0xfd, 0x00, 0xfd, 0x00, 0xfd, 0x00, 0xfd, 0x00, 0xfd, 0x00, 0xfd, 0x00, 0xfd, 0x00, 0xfd, 0x00, 0xfd, 
0x00, 0xfd, 0x00, 0xfd, 0x00, 0xfd, 0x00, 0xfd, 0x00, 0xfd, 0x00, 0xfd, 0x00, 0xfd, 0x00, 0xfd, 0x00, 0xfd, 0x00, 0xfd, 0x00, 0xfd, 0x00, 0xfd, 
0x00, 0xfd, 0x69, 0x1a, 0x69, 0x1a, 0x69, 0x1a, 0x69, 0x1a, 0x69, 0x1a, 0x69, 0x1a, 0x69, 0x1a, 0x69, 0x1a, 0x69, 0x1a, 0x69, 0x1a, 0x69, 0x1a, 
0x69, 0x1a, 0x69, 0x1a, 0x69, 0x1a, 0x69, 0x1a, 0x69, 0x1a, 0x69, 0x1a, 0x69, 0x1a, 0x69, 0x1a, 0x69, 0x1a, 0x69, 0x1a, 0x63, 0x10, 0x63, 0x10, 
0x63, 0x10, 0x63, 0x10, 0x63, 0x10, 0x63, 0x10, 0x63, 0x10, 0x63, 0x10, 0x63, 0x10, 0x63, 0x10, 0x63, 0x10, 0x63, 0x10, 0x63, 0x10, 0x69, 0x1a, 
0x69, 0x1a, 0x69, 0x1a, 0x69, 0x1a, 0x69, 0x1a, 0x69, 0x1a, 0x69, 0x1a, 0x69, 0x1a, 0x69, 0x1a, 0x69, 0x1a, 0x69, 0x1a, 0x69, 0x1a, 0x69, 0x1a, 
0x69, 0x1a, 0x69, 0x1a, 0x69, 0x1a, 0x69, 0x1a, 0x69, 0x1a, 0x69, 0x1a, 0x69, 0x1a, 0x69, 0x1a, 0x00, 0xfd, 0x00, 0xfd, 0x00, 0xfd, 0x00, 0xfd, 
0xff, 0xff, 0xff, 0xff, 0xff, 0xff, 0xff, 0xff, 0xff, 0xff, 0xff, 0xff, 0xff, 0xff, 0xff, 0xff, 0xff, 0xff, 0xff, 0xff, 0xff, 0xff, 0xff, 0xff, 
0xff, 0xff, 0xff, 0xff, 0xff, 0xff, 0xff, 0xff, 0xff, 0xff, 0xff, 0xff, 0xff, 0xff, 0xff, 0xff, 0xff, 0xff, 0xff, 0xff, 0xff, 0xff, 0xff, 0xff, 
0xff, 0xff, 0xff, 0xff, 0xff, 0xff, 0xff, 0xff, 0xff, 0xff, 0xff, 0xff, 0xff, 0xff, 0xff, 0xff, 0xff, 0xff, 0xff, 0xff, 0xff, 0xff, 0xff, 0xff, 
0xff, 0xff, 0xff, 0xff, 0xff, 0xff, 0xff, 0xff, 0xff, 0xff, 0xff, 0xff, 0xff, 0xff, 0xff, 0xff, 0xff, 0xff, 0xff, 0xff, 0xff, 0xff, 0xff, 0xff, 
0xff, 0xff, 0x00, 0xfd, 0x00, 0xfd, 0x00, 0xfd, 0x00, 0xfd, 0x69, 0x1a, 0x69, 0x1a, 0x69, 0x1a, 0x69, 0x1a, 0x69, 0x1a, 0x69, 0x1a, 0x69, 0x1a, 
0x69, 0x1a, 0x69, 0x1a, 0x69, 0x1a, 0x69, 0x1a, 0x69, 0x1a, 0x69, 0x1a, 0x69, 0x1a, 0x69, 0x1a, 0x69, 0x1a, 0x69, 0x1a, 0x69, 0x1a, 0x69, 0x1a, 
0x69, 0x1a, 0x69, 0x1a, 0x63, 0x10, 0x63, 0x10, 0x63, 0x10, 0x63, 0x10, 0x63, 0x10, 0x63, 0x10, 0x63, 0x10, 0x63, 0x10, 0x63, 0x10, 0x63, 0x10, 
0x63, 0x10, 0x63, 0x10, 0x69, 0x1a, 0x69, 0x1a, 0x69, 0x1a, 0x69, 0x1a, 0x69, 0x1a, 0x69, 0x1a, 0x69, 0x1a, 0x69, 0x1a, 0x69, 0x1a, 0x69, 0x1a, 
0x69, 0x1a, 0x69, 0x1a, 0x69, 0x1a, 0x69, 0x1a, 0x69, 0x1a, 0x69, 0x1a, 0x69, 0x1a, 0x69, 0x1a, 0x69, 0x1a, 0x69, 0x1a, 0x69, 0x1a, 0x69, 0x1a, 
0x00, 0xfd, 0x00, 0xfd, 0x00, 0xfd, 0x00, 0xfd, 0xff, 0xff, 0xff, 0xff, 0xff, 0xff, 0xff, 0xff, 0xff, 0xff, 0xff, 0xff, 0xff, 0xff, 0xff, 0xff, 
0xff, 0xff, 0xff, 0xff, 0xff, 0xff, 0xff, 0xff, 0xff, 0xff, 0xff, 0xff, 0xff, 0xff, 0xff, 0xff, 0xff, 0xff, 0xff, 0xff, 0xff, 0xff, 0xff, 0xff, 
0xff, 0xff, 0xff, 0xff, 0xff, 0xff, 0xff, 0xff, 0xff, 0xff, 0xff, 0xff, 0xff, 0xff, 0xff, 0xff, 0xff, 0xff, 0xff, 0xff, 0xff, 0xff, 0xff, 0xff, 
0xff, 0xff, 0xff, 0xff, 0xff, 0xff, 0xff, 0xff, 0xff, 0xff, 0xff, 0xff, 0xff, 0xff, 0xff, 0xff, 0xff, 0xff, 0xff, 0xff, 0xff, 0xff, 0xff, 0xff, 
0xff, 0xff, 0xff, 0xff, 0xff, 0xff, 0xff, 0xff, 0xff, 0xff, 0x00, 0xfd, 0x00, 0xfd, 0x00, 0xfd, 0x00, 0xfd, 0x69, 0x1a, 0x69, 0x1a, 0x69, 0x1a, 
0x69, 0x1a, 0x69, 0x1a, 0x69, 0x1a, 0x69, 0x1a, 0x69, 0x1a, 0x69, 0x1a, 0x69, 0x1a, 0x69, 0x1a, 0x69, 0x1a, 0x69, 0x1a, 0x69, 0x1a, 0x69, 0x1a, 
0x69, 0x1a, 0x69, 0x1a, 0x69, 0x1a, 0x69, 0x1a, 0x69, 0x1a, 0x69, 0x1a, 0x69, 0x1a, 0x63, 0x10, 0x63, 0x10, 0x63, 0x10, 0x63, 0x10, 0x63, 0x10, 
0x63, 0x10, 0x63, 0x10, 0x63, 0x10, 0x63, 0x10, 0x63, 0x10, 0x63, 0x10, 0x63, 0x10, 0x69, 0x1a, 0x69, 0x1a, 0x69, 0x1a, 0x69, 0x1a, 0x69, 0x1a, 
0x69, 0x1a, 0x69, 0x1a, 0x69, 0x1a, 0x69, 0x1a, 0x69, 0x1a, 0x69, 0x1a, 0x69, 0x1a, 0x69, 0x1a, 0x69, 0x1a, 0x69, 0x1a, 0x69, 0x1a, 0x69, 0x1a, 
0x69, 0x1a, 0x69, 0x1a, 0x69, 0x1a, 0x69, 0x1a, 0x00, 0xfd, 0x00, 0xfd, 0x00, 0xfd, 0x00, 0xfd, 0xff, 0xff, 0xff, 0xff, 0xff, 0xff, 0xff, 0xff, 
0xff, 0xff, 0xff, 0xff, 0xff, 0xff, 0xff, 0xff, 0xff, 0xff, 0xff, 0xff, 0xff, 0xff, 0xff, 0xff, 0xff, 0xff, 0xff, 0xff, 0xff, 0xff, 0xff, 0xff, 
0xff, 0xff, 0xff, 0xff, 0xff, 0xff, 0xff, 0xff, 0xff, 0xff, 0xff, 0xff, 0xff, 0xff, 0xff, 0xff, 0xff, 0xff, 0xff, 0xff, 0xff, 0xff, 0xff, 0xff, 
0xff, 0xff, 0xff, 0xff, 0xff, 0xff, 0xff, 0xff, 0xff, 0xff, 0xff, 0xff, 0xff, 0xff, 0xff, 0xff, 0xff, 0xff, 0xff, 0xff, 0xff, 0xff, 0xff, 0xff, 
0xff, 0xff, 0xff, 0xff, 0xff, 0xff, 0xff, 0xff, 0xff, 0xff, 0xff, 0xff, 0xff, 0xff, 0xff, 0xff, 0xff, 0xff, 0x00, 0xfd, 0x00, 0xfd, 0x00, 0xfd, 
0x00, 0xfd, 0x69, 0x1a, 0x69, 0x1a, 0x69, 0x1a, 0x69, 0x1a, 0x69, 0x1a, 0x69, 0x1a, 0x69, 0x1a, 0x69, 0x1a, 0x69, 0x1a, 0x69, 0x1a, 0x69, 0x1a, 
0x69, 0x1a, 0x69, 0x1a, 0x69, 0x1a, 0x69, 0x1a, 0x69, 0x1a, 0x69, 0x1a, 0x69, 0x1a, 0x69, 0x1a, 0x69, 0x1a, 0x69, 0x1a, 0x63, 0x10, 0x63, 0x10, 
0x63, 0x10, 0x63, 0x10, 0x63, 0x10, 0x63, 0x10, 0x63, 0x10, 0x63, 0x10, 0x63, 0x10, 0x63, 0x10, 0x63, 0x10, 0x63, 0x10, 0x63, 0x10, 0x69, 0x1a, 
0x69, 0x1a, 0x69, 0x1a, 0x69, 0x1a, 0x69, 0x1a, 0x69, 0x1a, 0x69, 0x1a, 0x69, 0x1a, 0x69, 0x1a, 0x69, 0x1a, 0x69, 0x1a, 0x69, 0x1a, 0x69, 0x1a, 
0x69, 0x1a, 0x69, 0x1a, 0x69, 0x1a, 0x69, 0x1a, 0x69, 0x1a, 0x69, 0x1a, 0x69, 0x1a, 0x69, 0x1a, 0x00, 0xfd, 0x00, 0xfd, 0x00, 0xfd, 0x00, 0xfd, 
0x00, 0xfd, 0x00, 0xfd, 0x00, 0xfd, 0x00, 0xfd, 0x00, 0xfd, 0x00, 0xfd, 0x00, 0xfd, 0x00, 0xfd, 0x00, 0xfd, 0x00, 0xfd, 0x00, 0xfd, 0x00, 0xfd, 
0x00, 0xfd, 0x00, 0xfd, 0x00, 0xfd, 0x00, 0xfd, 0x00, 0xfd, 0x00, 0xfd, 0x00, 0xfd, 0x00, 0xfd, 0x00, 0xfd, 0x00, 0xfd, 0x00, 0xfd, 0x00, 0xfd, 
0x00, 0xfd, 0x00, 0xfd, 0x00, 0xfd, 0x00, 0xfd, 0x00, 0xfd, 0x00, 0xfd, 0x00, 0xfd, 0x00, 0xfd, 0x00, 0xfd, 0x00, 0xfd, 0x00, 0xfd, 0x00, 0xfd, 
0x00, 0xfd, 0x00, 0xfd, 0x00, 0xfd, 0x00, 0xfd, 0x00, 0xfd, 0x00, 0xfd, 0x00, 0xfd, 0x00, 0xfd, 0x00, 0xfd, 0x00, 0xfd, 0x00, 0xfd, 0x00, 0xfd, 
0x00, 0xfd, 0x00, 0xfd, 0x00, 0xfd, 0x00, 0xfd, 0x00, 0xfd, 0x69, 0x1a, 0x69, 0x1a, 0x69, 0x1a, 0x69, 0x1a, 0x69, 0x1a, 0x69, 0x1a, 0x69, 0x1a, 
0x69, 0x1a, 0x69, 0x1a, 0x69, 0x1a, 0x69, 0x1a, 0x69, 0x1a, 0x69, 0x1a, 0x69, 0x1a, 0x69, 0x1a, 0x69, 0x1a, 0x69, 0x1a, 0x69, 0x1a, 0x69, 0x1a, 
0x69, 0x1a, 0x69, 0x1a, 0x63, 0x10, 0x63, 0x10, 0x63, 0x10, 0x63, 0x10, 0x63, 0x10, 0x63, 0x10, 0x63, 0x10, 0x63, 0x10, 0x63, 0x10, 0x63, 0x10, 
0x63, 0x10, 0x63, 0x10, 0x63, 0x10, 0x69, 0x1a, 0x69, 0x1a, 0x69, 0x1a, 0x69, 0x1a, 0x69, 0x1a, 0x69, 0x1a, 0x69, 0x1a, 0x69, 0x1a, 0x69, 0x1a, 
0x69, 0x1a, 0x69, 0x1a, 0x69, 0x1a, 0x69, 0x1a, 0x69, 0x1a, 0x69, 0x1a, 0x69, 0x1a, 0x69, 0x1a, 0x69, 0x1a, 0x69, 0x1a, 0x69, 0x1a, 0x69, 0x1a, 
0x00, 0xfd, 0x00, 0xfd, 0x00, 0xfd, 0x00, 0xfd, 0x00, 0xfd, 0x00, 0xfd, 0x00, 0xfd, 0x00, 0xfd, 0x00, 0xfd, 0x00, 0xfd, 0x00, 0xfd, 0x00, 0xfd, 
0x00, 0xfd, 0x00, 0xfd, 0x00, 0xfd, 0x00, 0xfd, 0x00, 0xfd, 0x00, 0xfd, 0x00, 0xfd, 0x00, 0xfd, 0x00, 0xfd, 0x00, 0xfd, 0x00, 0xfd, 0x00, 0xfd, 
0x00, 0xfd, 0x00, 0xfd, 0x00, 0xfd, 0x00, 0xfd, 0x00, 0xfd, 0x00, 0xfd, 0x00, 0xfd, 0x00, 0xfd, 0x00, 0xfd, 0x00, 0xfd, 0x00, 0xfd, 0x00, 0xfd, 
0x00, 0xfd, 0x00, 0xfd, 0x00, 0xfd, 0x00, 0xfd, 0x00, 0xfd, 0x00, 0xfd, 0x00, 0xfd, 0x00, 0xfd, 0x00, 0xfd, 0x00, 0xfd, 0x00, 0xfd, 0x00, 0xfd, 
0x00, 0xfd, 0x00, 0xfd, 0x00, 0xfd, 0x00, 0xfd, 0x00, 0xfd, 0x00, 0xfd, 0x00, 0xfd, 0x00, 0xfd, 0x00, 0xfd, 0x69, 0x1a, 0x69, 0x1a, 0x69, 0x1a, 
0x69, 0x1a, 0x69, 0x1a, 0x69, 0x1a, 0x69, 0x1a, 0x69, 0x1a, 0x69, 0x1a, 0x69, 0x1a, 0x69, 0x1a, 0x69, 0x1a, 0x69, 0x1a, 0x69, 0x1a, 0x69, 0x1a, 
0x69, 0x1a, 0x69, 0x1a, 0x69, 0x1a, 0x69, 0x1a, 0x69, 0x1a, 0x69, 0x1a, 0x63, 0x10, 0x63, 0x10, 0x63, 0x10, 0x63, 0x10, 0x63, 0x10, 0x63, 0x10, 
0x63, 0x10, 0x63, 0x10, 0x63, 0x10, 0x63, 0x10, 0x63, 0x10, 0x63, 0x10, 0x63, 0x10, 0x69, 0x1a, 0x69, 0x1a, 0x69, 0x1a, 0x69, 0x1a, 0x69, 0x1a, 
0x69, 0x1a, 0x69, 0x1a, 0x69, 0x1a, 0x69, 0x1a, 0x69, 0x1a, 0x69, 0x1a, 0x69, 0x1a, 0x69, 0x1a, 0x69, 0x1a, 0x69, 0x1a, 0x69, 0x1a, 0x69, 0x1a, 
0x69, 0x1a, 0x69, 0x1a, 0x69, 0x1a, 0x69, 0x1a, 0x00, 0xfd, 0x00, 0xfd, 0x00, 0xfd, 0x00, 0xfd, 0x00, 0xfd, 0x00, 0xfd, 0x00, 0xfd, 0x00, 0xfd, 
0x00, 0xfd, 0x00, 0xfd, 0x00, 0xfd, 0x00, 0xfd, 0x00, 0xfd, 0x00, 0xfd, 0x00, 0xfd, 0x00, 0xfd, 0x00, 0xfd, 0x00, 0xfd, 0x00, 0xfd, 0x00, 0xfd, 
0x00, 0xfd, 0x00, 0xfd, 0x00, 0xfd, 0x00, 0xfd, 0x00, 0xfd, 0x00, 0xfd, 0x00, 0xfd, 0x00, 0xfd, 0x00, 0xfd, 0x00, 0xfd, 0x00, 0xfd, 0x00, 0xfd, 
0x00, 0xfd, 0x00, 0xfd, 0x00, 0xfd, 0x00, 0xfd, 0x00, 0xfd, 0x00, 0xfd, 0x00, 0xfd, 0x00, 0xfd, 0x00, 0xfd, 0x00, 0xfd, 0x00, 0xfd, 0x00, 0xfd, 
0x00, 0xfd, 0x00, 0xfd, 0x00, 0xfd, 0x00, 0xfd, 0x00, 0xfd, 0x00, 0xfd, 0x00, 0xfd, 0x00, 0xfd, 0x00, 0xfd, 0x00, 0xfd, 0x00, 0xfd, 0x00, 0xfd, 
0x00, 0xfd, 0x69, 0x1a, 0x69, 0x1a, 0x69, 0x1a, 0x69, 0x1a, 0x69, 0x1a, 0x69, 0x1a, 0x69, 0x1a, 0x69, 0x1a, 0x69, 0x1a, 0x69, 0x1a, 0x69, 0x1a, 
0x69, 0x1a, 0x69, 0x1a, 0x69, 0x1a, 0x69, 0x1a, 0x69, 0x1a, 0x69, 0x1a, 0x69, 0x1a, 0x69, 0x1a, 0x69, 0x1a, 0x69, 0x1a, 0x63, 0x10, 0x63, 0x10, 
0x63, 0x10, 0x63, 0x10, 0x63, 0x10, 0x63, 0x10, 0x63, 0x10, 0x63, 0x10, 0x63, 0x10, 0x63, 0x10, 0x63, 0x10, 0x63, 0x10, 0x63, 0x10, 0x69, 0x1a, 
0x69, 0x1a, 0x69, 0x1a, 0x69, 0x1a, 0x69, 0x1a, 0x69, 0x1a, 0x69, 0x1a, 0x69, 0x1a, 0x69, 0x1a, 0x69, 0x1a, 0x69, 0x1a, 0x69, 0x1a, 0x69, 0x1a, 
0x69, 0x1a, 0x69, 0x1a, 0x69, 0x1a, 0x69, 0x1a, 0x69, 0x1a, 0x69, 0x1a, 0x69, 0x1a, 0x69, 0x1a, 0x00, 0xfd, 0x00, 0xfd, 0x00, 0xfd, 0x00, 0xfd, 
0x00, 0xfd, 0x00, 0xfd, 0x00, 0xfd, 0x00, 0xfd, 0x00, 0xfd, 0x00, 0xfd, 0x00, 0xfd, 0x00, 0xfd, 0x00, 0xfd, 0x00, 0xfd, 0x00, 0xfd, 0x00, 0xfd, 
0x00, 0xfd, 0x00, 0xfd, 0x00, 0xfd, 0x00, 0xfd, 0x00, 0xfd, 0x00, 0xfd, 0x00, 0xfd, 0x00, 0xfd, 0x00, 0xfd, 0x00, 0xfd, 0x00, 0xfd, 0x00, 0xfd, 
0x00, 0xfd, 0x00, 0xfd, 0x00, 0xfd, 0x00, 0xfd, 0x00, 0xfd, 0x00, 0xfd, 0x00, 0xfd, 0x00, 0xfd, 0x00, 0xfd, 0x00, 0xfd, 0x00, 0xfd, 0x00, 0xfd, 
0x00, 0xfd, 0x00, 0xfd, 0x00, 0xfd, 0x00, 0xfd, 0x00, 0xfd, 0x00, 0xfd, 0x00, 0xfd, 0x00, 0xfd, 0x00, 0xfd, 0x00, 0xfd, 0x00, 0xfd, 0x00, 0xfd, 
0x00, 0xfd, 0x00, 0xfd, 0x00, 0xfd, 0x00, 0xfd, 0x00, 0xfd, 0x69, 0x1a, 0x69, 0x1a, 0x69, 0x1a, 0x69, 0x1a, 0x69, 0x1a, 0x69, 0x1a, 0x69, 0x1a, 
0x69, 0x1a, 0x69, 0x1a, 0x69, 0x1a, 0x69, 0x1a, 0x69, 0x1a, 0x69, 0x1a, 0x69, 0x1a, 0x69, 0x1a, 0x69, 0x1a, 0x69, 0x1a, 0x69, 0x1a, 0x69, 0x1a, 
0x69, 0x1a, 0x69, 0x1a, 0x63, 0x10, 0x63, 0x10, 0x63, 0x10, 0x63, 0x10, 0x63, 0x10, 0x63, 0x10, 0x63, 0x10, 0x63, 0x10, 0x63, 0x10, 0x63, 0x10, 
0x63, 0x10, 0x63, 0x10, 0x63, 0x10, 0x69, 0x1a, 0x69, 0x1a, 0x69, 0x1a, 0x69, 0x1a, 0x69, 0x1a, 0x69, 0x1a, 0x69, 0x1a, 0x69, 0x1a, 0x69, 0x1a, 
0x69, 0x1a, 0x69, 0x1a, 0x69, 0x1a, 0x69, 0x1a, 0x69, 0x1a, 0x69, 0x1a, 0x69, 0x1a, 0x69, 0x1a, 0x69, 0x1a, 0x69, 0x1a, 0x69, 0x1a, 0x69, 0x1a, 
0x00, 0xfd, 0x00, 0xfd, 0x00, 0xfd, 0x00, 0xfd, 0x00, 0xfd, 0x00, 0xfd, 0x00, 0xfd, 0x00, 0xfd, 0x00, 0xfd, 0x00, 0xfd, 0x00, 0xfd, 0x00, 0xfd, 
0x00, 0xfd, 0x00, 0xfd, 0x00, 0xfd, 0x00, 0xfd, 0x00, 0xfd, 0x00, 0xfd, 0x00, 0xfd, 0x00, 0xfd, 0x00, 0xfd, 0x00, 0xfd, 0x00, 0xfd, 0x00, 0xfd, 
0x00, 0xfd, 0x00, 0xfd, 0x00, 0xfd, 0x00, 0xfd, 0x00, 0xfd, 0x00, 0xfd, 0x00, 0xfd, 0x00, 0xfd, 0x00, 0xfd, 0x00, 0xfd, 0x00, 0xfd, 0x00, 0xfd, 
0x00, 0xfd, 0x00, 0xfd, 0x00, 0xfd, 0x00, 0xfd, 0x00, 0xfd, 0x00, 0xfd, 0x00, 0xfd, 0x00, 0xfd, 0x00, 0xfd, 0x00, 0xfd, 0x00, 0xfd, 0x00, 0xfd, 
0x00, 0xfd, 0x00, 0xfd, 0x00, 0xfd, 0x00, 0xfd, 0x00, 0xfd, 0x00, 0xfd, 0x00, 0xfd, 0x00, 0xfd, 0x00, 0xfd, 0x69, 0x1a, 0x69, 0x1a, 0x69, 0x1a, 
0x69, 0x1a, 0x69, 0x1a, 0x69, 0x1a, 0x69, 0x1a, 0x69, 0x1a, 0x69, 0x1a, 0x69, 0x1a, 0x69, 0x1a, 0x69, 0x1a, 0x69, 0x1a, 0x69, 0x1a, 0x69, 0x1a, 
0x69, 0x1a, 0x69, 0x1a, 0x69, 0x1a, 0x69, 0x1a, 0x69, 0x1a, 0x69, 0x1a, 0x63, 0x10, 0x63, 0x10, 0x63, 0x10, 0x63, 0x10, 0x63, 0x10, 0x63, 0x10, 
0x63, 0x10, 0x63, 0x10, 0x63, 0x10, 0x63, 0x10, 0x63, 0x10, 0x63, 0x10, 0x63, 0x10, 0x69, 0x1a, 0x69, 0x1a, 0x69, 0x1a, 0x69, 0x1a, 0x69, 0x1a, 
0x69, 0x1a, 0x69, 0x1a, 0x69, 0x1a, 0x69, 0x1a, 0x69, 0x1a, 0x69, 0x1a, 0x69, 0x1a, 0x69, 0x1a, 0x69, 0x1a, 0x69, 0x1a, 0x69, 0x1a, 0x69, 0x1a, 
0x69, 0x1a, 0x69, 0x1a, 0x69, 0x1a, 0x69, 0x1a, 0x00, 0xfd, 0x00, 0xfd, 0x00, 0xfd, 0x00, 0xfd, 0x00, 0xfd, 0x00, 0xfd, 0x00, 0xfd, 0x00, 0xfd, 
0x00, 0xfd, 0x00, 0xfd, 0x00, 0xfd, 0x00, 0xfd, 0x00, 0xfd, 0x00, 0xfd, 0x00, 0xfd, 0x00, 0xfd, 0x00, 0xfd, 0x00, 0xfd, 0x00, 0xfd, 0x00, 0xfd, 
0x00, 0xfd, 0x00, 0xfd, 0x00, 0xfd, 0x00, 0xfd, 0x00, 0xfd, 0x00, 0xfd, 0x00, 0xfd, 0x00, 0xfd, 0x00, 0xfd, 0x00, 0xfd, 0x00, 0xfd, 0x00, 0xfd, 
0x00, 0xfd, 0x00, 0xfd, 0x00, 0xfd, 0x00, 0xfd, 0x00, 0xfd, 0x00, 0xfd, 0x00, 0xfd, 0x00, 0xfd, 0x00, 0xfd, 0x00, 0xfd, 0x00, 0xfd, 0x00, 0xfd, 
0x00, 0xfd, 0x00, 0xfd, 0x00, 0xfd, 0x00, 0xfd, 0x00, 0xfd, 0x00, 0xfd, 0x00, 0xfd, 0x00, 0xfd, 0x00, 0xfd, 0x00, 0xfd, 0x00, 0xfd, 0x00, 0xfd, 
0x00, 0xfd, 0x69, 0x1a, 0x69, 0x1a, 0x69, 0x1a, 0x69, 0x1a, 0x69, 0x1a, 0x69, 0x1a, 0x69, 0x1a, 0x69, 0x1a, 0x69, 0x1a, 0x69, 0x1a, 0x69, 0x1a, 
0x69, 0x1a, 0x69, 0x1a, 0x69, 0x1a, 0x69, 0x1a, 0x69, 0x1a, 0x69, 0x1a, 0x69, 0x1a, 0x69, 0x1a, 0x69, 0x1a, 0x69, 0x1a, 0x63, 0x10, 0x63, 0x10, 
0x63, 0x10, 0x63, 0x10, 0x63, 0x10, 0x63, 0x10, 0x63, 0x10, 0x63, 0x10, 0x63, 0x10, 0x63, 0x10, 0x63, 0x10, 0x63, 0x10, 0x63, 0x10, 0x69, 0x1a, 
0x69, 0x1a, 0x69, 0x1a, 0x69, 0x1a, 0x69, 0x1a, 0x69, 0x1a, 0x69, 0x1a, 0x69, 0x1a, 0x69, 0x1a, 0x69, 0x1a, 0x69, 0x1a, 0x69, 0x1a, 0x69, 0x1a, 
0x69, 0x1a, 0x69, 0x1a, 0x69, 0x1a, 0x69, 0x1a, 0x69, 0x1a, 0x69, 0x1a, 0x69, 0x1a, 0x69, 0x1a, 0x00, 0xfd, 0x00, 0xfd, 0x00, 0xfd, 0x00, 0xfd, 
0x00, 0xfd, 0x00, 0xfd, 0xff, 0xff, 0xff, 0xff, 0xff, 0xff, 0xff, 0xff, 0xff, 0xff, 0xff, 0xff, 0xff, 0xff, 0x00, 0xfd, 0x00, 0xfd, 0x00, 0xfd, 
0x00, 0xfd, 0x00, 0xfd, 0x00, 0xfd, 0x00, 0xfd, 0x00, 0xfd, 0x00, 0xfd, 0x00, 0xfd, 0x00, 0xfd, 0x00, 0xfd, 0x00, 0xfd, 0x00, 0xfd, 0x00, 0xfd, 
0x00, 0xfd, 0x00, 0xfd, 0x00, 0xfd, 0x00, 0xfd, 0x00, 0xfd, 0x00, 0xfd, 0x00, 0xfd, 0x00, 0xfd, 0x00, 0xfd, 0x00, 0xfd, 0x00, 0xfd, 0x00, 0xfd, 
0x00, 0xfd, 0x00, 0xfd, 0x00, 0xfd, 0x00, 0xfd, 0xff, 0xff, 0xff, 0xff, 0xff, 0xff, 0xff, 0xff, 0xff, 0xff, 0xff, 0xff, 0xff, 0xff, 0x00, 0xfd, 
0x00, 0xfd, 0x00, 0xfd, 0x00, 0xfd, 0x00, 0xfd, 0x00, 0xfd, 0x69, 0x1a, 0x69, 0x1a, 0x69, 0x1a, 0x69, 0x1a, 0x69, 0x1a, 0x69, 0x1a, 0x69, 0x1a, 
0x69, 0x1a, 0x69, 0x1a, 0x69, 0x1a, 0x69, 0x1a, 0x69, 0x1a, 0x69, 0x1a, 0x69, 0x1a, 0x69, 0x1a, 0x69, 0x1a, 0x69, 0x1a, 0x69, 0x1a, 0x69, 0x1a, 
0x69, 0x1a, 0x69, 0x1a, 0x63, 0x10, 0x63, 0x10, 0x63, 0x10, 0x63, 0x10, 0x63, 0x10, 0x63, 0x10, 0x63, 0x10, 0x63, 0x10, 0x63, 0x10, 0x63, 0x10, 
0x63, 0x10, 0x63, 0x10, 0x63, 0x10, 0x69, 0x1a, 0x69, 0x1a, 0x69, 0x1a, 0x69, 0x1a, 0x69, 0x1a, 0x69, 0x1a, 0x69, 0x1a, 0x69, 0x1a, 0x69, 0x1a, 
0x69, 0x1a, 0x69, 0x1a, 0x69, 0x1a, 0x69, 0x1a, 0x69, 0x1a, 0x69, 0x1a, 0x69, 0x1a, 0x69, 0x1a, 0x69, 0x1a, 0x69, 0x1a, 0x69, 0x1a, 0x69, 0x1a, 
0x00, 0xfd, 0x00, 0xfd, 0x00, 0xfd, 0x00, 0xfd, 0x00, 0xfd, 0x00, 0xfd, 0xff, 0xff, 0xff, 0xff, 0xff, 0xff, 0xff, 0xff, 0xff, 0xff, 0xff, 0xff, 
0xff, 0xff, 0x00, 0xfd, 0x00, 0xfd, 0x00, 0xfd, 0x00, 0xfd, 0x00, 0xfd, 0x00, 0xfd, 0x00, 0xfd, 0x00, 0xfd, 0x00, 0xfd, 0x00, 0xfd, 0x00, 0xfd, 
0x00, 0xfd, 0x00, 0xfd, 0x00, 0xfd, 0x00, 0xfd, 0x00, 0xfd, 0x00, 0xfd, 0x00, 0xfd, 0x00, 0xfd, 0x00, 0xfd, 0x00, 0xfd, 0x00, 0xfd, 0x00, 0xfd, 
0x00, 0xfd, 0x00, 0xfd, 0x00, 0xfd, 0x00, 0xfd, 0x00, 0xfd, 0x00, 0xfd, 0x00, 0xfd, 0x00, 0xfd, 0xff, 0xff, 0xff, 0xff, 0xff, 0xff, 0xff, 0xff, 
0xff, 0xff, 0xff, 0xff, 0xff, 0xff, 0x00, 0xfd, 0x00, 0xfd, 0x00, 0xfd, 0x00, 0xfd, 0x00, 0xfd, 0x00, 0xfd, 0x69, 0x1a, 0x69, 0x1a, 0x69, 0x1a, 
0x69, 0x1a, 0x69, 0x1a, 0x69, 0x1a, 0x69, 0x1a, 0x69, 0x1a, 0x69, 0x1a, 0x69, 0x1a, 0x69, 0x1a, 0x69, 0x1a, 0x69, 0x1a, 0x69, 0x1a, 0x69, 0x1a, 
0x69, 0x1a, 0x69, 0x1a, 0x69, 0x1a, 0x69, 0x1a, 0x69, 0x1a, 0x69, 0x1a, 0x63, 0x10, 0x63, 0x10, 0x63, 0x10, 0x63, 0x10, 0x63, 0x10, 0x63, 0x10, 
0x63, 0x10, 0x63, 0x10, 0x63, 0x10, 0x63, 0x10, 0x63, 0x10, 0x63, 0x10, 0x63, 0x10, 0x63, 0x10, 0x69, 0x1a, 0x69, 0x1a, 0x69, 0x1a, 0x69, 0x1a, 
0x69, 0x1a, 0x69, 0x1a, 0x69, 0x1a, 0x69, 0x1a, 0x69, 0x1a, 0x69, 0x1a, 0x69, 0x1a, 0x69, 0x1a, 0x69, 0x1a, 0x69, 0x1a, 0x69, 0x1a, 0x69, 0x1a, 
0x69, 0x1a, 0x69, 0x1a, 0x69, 0x1a, 0x69, 0x1a, 0x00, 0xfd, 0x00, 0xfd, 0x00, 0xfd, 0x00, 0xfd, 0x00, 0xfd, 0x00, 0xfd, 0xff, 0xff, 0xff, 0xff, 
0xff, 0xff, 0xff, 0xff, 0xff, 0xff, 0xff, 0xff, 0xff, 0xff, 0x00, 0xfd, 0x00, 0xfd, 0x00, 0xfd, 0x00, 0xfd, 0x00, 0xfd, 0x00, 0xfd, 0x00, 0xfd, 
0x00, 0xfd, 0x00, 0xfd, 0x00, 0xfd, 0x00, 0xfd, 0x00, 0xfd, 0x00, 0xfd, 0x00, 0xfd, 0x00, 0xfd, 0x00, 0xfd, 0x00, 0xfd, 0x00, 0xfd, 0x00, 0xfd, 
0x00, 0xfd, 0x00, 0xfd, 0x00, 0xfd, 0x00, 0xfd, 0x00, 0xfd, 0x00, 0xfd, 0x00, 0xfd, 0x00, 0xfd, 0x00, 0xfd, 0x00, 0xfd, 0x00, 0xfd, 0x00, 0xfd, 
0xff, 0xff, 0xff, 0xff, 0xff, 0xff, 0xff, 0xff, 0xff, 0xff, 0xff, 0xff, 0xff, 0xff, 0x00, 0xfd, 0x00, 0xfd, 0x00, 0xfd, 0x00, 0xfd, 0x00, 0xfd, 
0x00, 0xfd, 0x69, 0x1a, 0x69, 0x1a, 0x69, 0x1a, 0x69, 0x1a, 0x69, 0x1a, 0x69, 0x1a, 0x69, 0x1a, 0x69, 0x1a, 0x69, 0x1a, 0x69, 0x1a, 0x69, 0x1a, 
0x69, 0x1a, 0x69, 0x1a, 0x69, 0x1a, 0x69, 0x1a, 0x69, 0x1a, 0x69, 0x1a, 0x69, 0x1a, 0x69, 0x1a, 0x69, 0x1a, 0x63, 0x10, 0x63, 0x10, 0x63, 0x10, 
0x63, 0x10, 0x63, 0x10, 0x63, 0x10, 0x63, 0x10, 0x63, 0x10, 0x63, 0x10, 0x63, 0x10, 0x63, 0x10, 0x63, 0x10, 0x63, 0x10, 0x63, 0x10, 0x63, 0x10, 
0x69, 0x1a, 0x69, 0x1a, 0x69, 0x1a, 0x69, 0x1a, 0x69, 0x1a, 0x69, 0x1a, 0x69, 0x1a, 0x69, 0x1a, 0x69, 0x1a, 0x69, 0x1a, 0x69, 0x1a, 0x69, 0x1a, 
0x69, 0x1a, 0x69, 0x1a, 0x69, 0x1a, 0x69, 0x1a, 0x69, 0x1a, 0x69, 0x1a, 0x69, 0x1a, 0x69, 0x1a, 0x00, 0xfd, 0x00, 0xfd, 0x00, 0xfd, 0x00, 0xfd, 
0x00, 0xfd, 0x00, 0xfd, 0xff, 0xff, 0xff, 0xff, 0xff, 0xff, 0xff, 0xff, 0xff, 0xff, 0xff, 0xff, 0xff, 0xff, 0x00, 0xfd, 0x00, 0xfd, 0x00, 0xfd, 
0x00, 0xfd, 0x00, 0xfd, 0x00, 0xfd, 0x00, 0xfd, 0x00, 0xfd, 0x00, 0xfd, 0x00, 0xfd, 0x00, 0xfd, 0x00, 0xfd, 0x00, 0xfd, 0x00, 0xfd, 0x00, 0xfd, 
0x00, 0xfd, 0x00, 0xfd, 0x00, 0xfd, 0x00, 0xfd, 0x00, 0xfd, 0x00, 0xfd, 0x00, 0xfd, 0x00, 0xfd, 0x00, 0xfd, 0x00, 0xfd, 0x00, 0xfd, 0x00, 0xfd, 
0x00, 0xfd, 0x00, 0xfd, 0x00, 0xfd, 0x00, 0xfd, 0xff, 0xff, 0xff, 0xff, 0xff, 0xff, 0xff, 0xff, 0xff, 0xff, 0xff, 0xff, 0xff, 0xff, 0x00, 0xfd, 
0x00, 0xfd, 0x00, 0xfd, 0x00, 0xfd, 0x00, 0xfd, 0x00, 0xfd, 0x69, 0x1a, 0x69, 0x1a, 0x69, 0x1a, 0x69, 0x1a, 0x69, 0x1a, 0x69, 0x1a, 0x69, 0x1a, 
0x69, 0x1a, 0x69, 0x1a, 0x69, 0x1a, 0x69, 0x1a, 0x69, 0x1a, 0x69, 0x1a, 0x69, 0x1a, 0x69, 0x1a, 0x69, 0x1a, 0x69, 0x1a, 0x69, 0x1a, 0x69, 0x1a, 
0x69, 0x1a, 0x63, 0x10, 0x63, 0x10, 0x63, 0x10, 0x63, 0x10, 0x63, 0x10, 0x63, 0x10, 0x63, 0x10, 0x63, 0x10, 0x63, 0x10, 0x63, 0x10, 0x63, 0x10, 
0x63, 0x10, 0x63, 0x10, 0x63, 0x10, 0x63, 0x10, 0x69, 0x1a, 0x69, 0x1a, 0x69, 0x1a, 0x69, 0x1a, 0x69, 0x1a, 0x69, 0x1a, 0x69, 0x1a, 0x69, 0x1a, 
0x69, 0x1a, 0x69, 0x1a, 0x69, 0x1a, 0x69, 0x1a, 0x69, 0x1a, 0x69, 0x1a, 0x69, 0x1a, 0x69, 0x1a, 0x69, 0x1a, 0x69, 0x1a, 0x69, 0x1a, 0x69, 0x1a, 
0x00, 0xfd, 0x00, 0xfd, 0x00, 0xfd, 0x00, 0xfd, 0x00, 0xfd, 0x00, 0xfd, 0xff, 0xff, 0xff, 0xff, 0xff, 0xff, 0xff, 0xff, 0xff, 0xff, 0xff, 0xff, 
0xff, 0xff, 0x00, 0xfd, 0x00, 0xfd, 0x00, 0xfd, 0x00, 0xfd, 0x00, 0xfd, 0x00, 0xfd, 0x00, 0xfd, 0x00, 0xfd, 0x00, 0xfd, 0x00, 0xfd, 0x00, 0xfd, 
0x00, 0xfd, 0x00, 0xfd, 0x00, 0xfd, 0x00, 0xfd, 0x00, 0xfd, 0x00, 0xfd, 0x00, 0xfd, 0x00, 0xfd, 0x00, 0xfd, 0x00, 0xfd, 0x00, 0xfd, 0x00, 0xfd, 
0x00, 0xfd, 0x00, 0xfd, 0x00, 0xfd, 0x00, 0xfd, 0x00, 0xfd, 0x00, 0xfd, 0x00, 0xfd, 0x00, 0xfd, 0xff, 0xff, 0xff, 0xff, 0xff, 0xff, 0xff, 0xff, 
0xff, 0xff, 0xff, 0xff, 0xff, 0xff, 0x00, 0xfd, 0x00, 0xfd, 0x00, 0xfd, 0x00, 0xfd, 0x00, 0xfd, 0x00, 0xfd, 0x69, 0x1a, 0x69, 0x1a, 0x69, 0x1a, 
0x69, 0x1a, 0x69, 0x1a, 0x69, 0x1a, 0x69, 0x1a, 0x69, 0x1a, 0x69, 0x1a, 0x69, 0x1a, 0x69, 0x1a, 0x69, 0x1a, 0x69, 0x1a, 0x69, 0x1a, 0x69, 0x1a, 
0x69, 0x1a, 0x69, 0x1a, 0x69, 0x1a, 0x69, 0x1a, 0x69, 0x1a, 0x63, 0x10, 0x63, 0x10, 0x63, 0x10, 0x63, 0x10, 0x63, 0x10, 0x63, 0x10, 0x63, 0x10, 
0x63, 0x10, 0x63, 0x10, 0x63, 0x10, 0x63, 0x10, 0x63, 0x10, 0x63, 0x10, 0x63, 0x10, 0x63, 0x10, 0x69, 0x1a, 0x69, 0x1a, 0x69, 0x1a, 0x69, 0x1a, 
0x69, 0x1a, 0x69, 0x1a, 0x69, 0x1a, 0x69, 0x1a, 0x69, 0x1a, 0x69, 0x1a, 0x69, 0x1a, 0x69, 0x1a, 0x69, 0x1a, 0x69, 0x1a, 0x69, 0x1a, 0x69, 0x1a, 
0x69, 0x1a, 0x69, 0x1a, 0x69, 0x1a, 0x69, 0x1a, 0x00, 0xfd, 0x00, 0xfd, 0x00, 0xfd, 0x00, 0xfd, 0x00, 0xfd, 0x00, 0xfd, 0x00, 0xfd, 0x00, 0xfd, 
0x00, 0xfd, 0x00, 0xfd, 0x00, 0xfd, 0x00, 0xfd, 0x00, 0xfd, 0x00, 0xfd, 0x00, 0xfd, 0x00, 0xfd, 0x00, 0xfd, 0x00, 0xfd, 0x00, 0xfd, 0x00, 0xfd, 
0x00, 0xfd, 0x00, 0xfd, 0x00, 0xfd, 0x00, 0xfd, 0x00, 0xfd, 0x00, 0xfd, 0x00, 0xfd, 0x00, 0xfd, 0x00, 0xfd, 0x00, 0xfd, 0x00, 0xfd, 0x00, 0xfd, 
0x00, 0xfd, 0x00, 0xfd, 0x00, 0xfd, 0x00, 0xfd, 0x00, 0xfd, 0x00, 0xfd, 0x00, 0xfd, 0x00, 0xfd, 0x00, 0xfd, 0x00, 0xfd, 0x00, 0xfd, 0x00, 0xfd, 
0x00, 0xfd, 0x00, 0xfd, 0x00, 0xfd, 0x00, 0xfd, 0x00, 0xfd, 0x00, 0xfd, 0x00, 0xfd, 0x00, 0xfd, 0x00, 0xfd, 0x00, 0xfd, 0x00, 0xfd, 0x00, 0xfd, 
0x00, 0xfd, 0x69, 0x1a, 0x69, 0x1a, 0x69, 0x1a, 0x69, 0x1a, 0x69, 0x1a, 0x69, 0x1a, 0x69, 0x1a, 0x69, 0x1a, 0x69, 0x1a, 0x69, 0x1a, 0x69, 0x1a, 
0x69, 0x1a, 0x69, 0x1a, 0x69, 0x1a, 0x69, 0x1a, 0x69, 0x1a, 0x69, 0x1a, 0x69, 0x1a, 0x69, 0x1a, 0x69, 0x1a, 0x63, 0x10, 0x63, 0x10, 0x63, 0x10, 
0x63, 0x10, 0x63, 0x10, 0x63, 0x10, 0x63, 0x10, 0x63, 0x10, 0x63, 0x10, 0x63, 0x10, 0x63, 0x10, 0x63, 0x10, 0x63, 0x10, 0x63, 0x10, 0x63, 0x10, 
0x69, 0x1a, 0x69, 0x1a, 0x69, 0x1a, 0x69, 0x1a, 0x69, 0x1a, 0x69, 0x1a, 0x69, 0x1a, 0x69, 0x1a, 0x69, 0x1a, 0x69, 0x1a, 0x69, 0x1a, 0x69, 0x1a, 
0x69, 0x1a, 0x69, 0x1a, 0x69, 0x1a, 0x69, 0x1a, 0x69, 0x1a, 0x69, 0x1a, 0x69, 0x1a, 0x69, 0x1a, 0x00, 0xfd, 0x00, 0xfd, 0x00, 0xfd, 0x00, 0xfd, 
0x00, 0xfd, 0x00, 0xfd, 0x00, 0xfd, 0x00, 0xfd, 0x00, 0xfd, 0x00, 0xfd, 0x00, 0xfd, 0x00, 0xfd, 0x00, 0xfd, 0x00, 0xfd, 0x00, 0xfd, 0x00, 0xfd, 
0x00, 0xfd, 0x00, 0xfd, 0x00, 0xfd, 0x00, 0xfd, 0x00, 0xfd, 0x00, 0xfd, 0x00, 0xfd, 0x00, 0xfd, 0x00, 0xfd, 0x00, 0xfd, 0x00, 0xfd, 0x00, 0xfd, 
0x00, 0xfd, 0x00, 0xfd, 0x00, 0xfd, 0x00, 0xfd, 0x00, 0xfd, 0x00, 0xfd, 0x00, 0xfd, 0x00, 0xfd, 0x00, 0xfd, 0x00, 0xfd, 0x00, 0xfd, 0x00, 0xfd, 
0x00, 0xfd, 0x00, 0xfd, 0x00, 0xfd, 0x00, 0xfd, 0x00, 0xfd, 0x00, 0xfd, 0x00, 0xfd, 0x00, 0xfd, 0x00, 0xfd, 0x00, 0xfd, 0x00, 0xfd, 0x00, 0xfd, 
0x00, 0xfd, 0x00, 0xfd, 0x00, 0xfd, 0x00, 0xfd, 0x00, 0xfd, 0x69, 0x1a, 0x69, 0x1a, 0x69, 0x1a, 0x69, 0x1a, 0x69, 0x1a, 0x69, 0x1a, 0x69, 0x1a, 
0x69, 0x1a, 0x69, 0x1a, 0x69, 0x1a, 0x69, 0x1a, 0x69, 0x1a, 0x69, 0x1a, 0x69, 0x1a, 0x69, 0x1a, 0x69, 0x1a, 0x69, 0x1a, 0x69, 0x1a, 0x69, 0x1a, 
0x69, 0x1a, 0x63, 0x10, 0x63, 0x10, 0x63, 0x10, 0x63, 0x10, 0x63, 0x10, 0x63, 0x10, 0x63, 0x10, 0x63, 0x10, 0x63, 0x10, 0x63, 0x10, 0x63, 0x10, 
0x63, 0x10, 0x63, 0x10, 0x63, 0x10, 0x63, 0x10, 0x63, 0x10, 0x69, 0x1a, 0x69, 0x1a, 0x69, 0x1a, 0x69, 0x1a, 0x69, 0x1a, 0x69, 0x1a, 0x69, 0x1a, 
0x69, 0x1a, 0x69, 0x1a, 0x69, 0x1a, 0x69, 0x1a, 0x69, 0x1a, 0x69, 0x1a, 0x69, 0x1a, 0x69, 0x1a, 0x69, 0x1a, 0x69, 0x1a, 0x69, 0x1a, 0x69, 0x1a, 
0x00, 0xfd, 0x00, 0xfd, 0x00, 0xfd, 0x00, 0xfd, 0x00, 0xfd, 0x00, 0xfd, 0x00, 0xfd, 0x00, 0xfd, 0x00, 0xfd, 0x00, 0xfd, 0x00, 0xfd, 0x00, 0xfd, 
0x00, 0xfd, 0x00, 0xfd, 0x00, 0xfd, 0x00, 0xfd, 0x00, 0xfd, 0x00, 0xfd, 0x00, 0xfd, 0x00, 0xfd, 0x00, 0xfd, 0x00, 0xfd, 0x00, 0xfd, 0x00, 0xfd, 
0x00, 0xfd, 0x00, 0xfd, 0x00, 0xfd, 0x00, 0xfd, 0x00, 0xfd, 0x00, 0xfd, 0x00, 0xfd, 0x00, 0xfd, 0x00, 0xfd, 0x00, 0xfd, 0x00, 0xfd, 0x00, 0xfd, 
0x00, 0xfd, 0x00, 0xfd, 0x00, 0xfd, 0x00, 0xfd, 0x00, 0xfd, 0x00, 0xfd, 0x00, 0xfd, 0x00, 0xfd, 0x00, 0xfd, 0x00, 0xfd, 0x00, 0xfd, 0x00, 0xfd, 
0x00, 0xfd, 0x00, 0xfd, 0x00, 0xfd, 0x00, 0xfd, 0x00, 0xfd, 0x00, 0xfd, 0x00, 0xfd, 0x00, 0xfd, 0x00, 0xfd, 0x69, 0x1a, 0x69, 0x1a, 0x69, 0x1a, 
0x69, 0x1a, 0x69, 0x1a, 0x69, 0x1a, 0x69, 0x1a, 0x69, 0x1a, 0x69, 0x1a, 0x69, 0x1a, 0x69, 0x1a, 0x69, 0x1a, 0x69, 0x1a, 0x69, 0x1a, 0x69, 0x1a, 
0x69, 0x1a, 0x69, 0x1a, 0x69, 0x1a, 0x69, 0x1a, 0x63, 0x10, 0x63, 0x10, 0x63, 0x10, 0x63, 0x10, 0x63, 0x10, 0x63, 0x10, 0x63, 0x10, 0x63, 0x10, 
0x63, 0x10, 0x63, 0x10, 0x63, 0x10, 0x63, 0x10, 0x63, 0x10, 0x63, 0x10, 0x63, 0x10, 0x63, 0x10, 0x63, 0x10, 0x69, 0x1a, 0x69, 0x1a, 0x69, 0x1a, 
0x69, 0x1a, 0x69, 0x1a, 0x69, 0x1a, 0x69, 0x1a, 0x69, 0x1a, 0x69, 0x1a, 0x69, 0x1a, 0x69, 0x1a, 0x69, 0x1a, 0x69, 0x1a, 0x69, 0x1a, 0x69, 0x1a, 
0x69, 0x1a, 0x69, 0x1a, 0x69, 0x1a, 0x69, 0x1a, 0x00, 0xfd, 0x00, 0xfd, 0x00, 0xfd, 0x00, 0xfd, 0x00, 0xfd, 0x00, 0xfd, 0x00, 0xfd, 0x00, 0xfd, 
0x00, 0xfd, 0x00, 0xfd, 0x00, 0xfd, 0x49, 0x3a, 0x00, 0xfd, 0x00, 0xfd, 0x00, 0xfd, 0x00, 0xfd, 0x00, 0xfd, 0x00, 0xfd, 0x00, 0xfd, 0x00, 0xfd, 
0x00, 0xfd, 0x00, 0xfd, 0x00, 0xfd, 0x00, 0xfd, 0x00, 0xfd, 0x00, 0xfd, 0x00, 0xfd, 0x00, 0xfd, 0x00, 0xfd, 0x00, 0xfd, 0x00, 0xfd, 0x00, 0xfd, 
0x00, 0xfd, 0x00, 0xfd, 0x00, 0xfd, 0x00, 0xfd, 0x00, 0xfd, 0x00, 0xfd, 0x00, 0xfd, 0x00, 0xfd, 0x00, 0xfd, 0x00, 0xfd, 0x00, 0xfd, 0x00, 0xfd, 
0x00, 0xfd, 0x49, 0x3a, 0x00, 0xfd, 0x00, 0xfd, 0x00, 0xfd, 0x00, 0xfd, 0x00, 0xfd, 0x00, 0xfd, 0x00, 0xfd, 0x00, 0xfd, 0x00, 0xfd, 0x00, 0xfd, 
0x00, 0xfd, 0x69, 0x1a, 0x69, 0x1a, 0x69, 0x1a, 0x69, 0x1a, 0x69, 0x1a, 0x69, 0x1a, 0x69, 0x1a, 0x69, 0x1a, 0x69, 0x1a, 0x69, 0x1a, 0x69, 0x1a, 
0x69, 0x1a, 0x69, 0x1a, 0x69, 0x1a, 0x69, 0x1a, 0x69, 0x1a, 0x69, 0x1a, 0x69, 0x1a, 0x69, 0x1a, 0x63, 0x10, 0x63, 0x10, 0x63, 0x10, 0x63, 0x10, 
0x63, 0x10, 0x63, 0x10, 0x63, 0x10, 0x63, 0x10, 0x63, 0x10, 0x63, 0x10, 0x63, 0x10, 0x63, 0x10, 0x63, 0x10, 0x63, 0x10, 0x63, 0x10, 0x63, 0x10, 
0x63, 0x10, 0x69, 0x1a, 0x69, 0x1a, 0x69, 0x1a, 0x69, 0x1a, 0x69, 0x1a, 0x69, 0x1a, 0x69, 0x1a, 0x69, 0x1a, 0x69, 0x1a, 0x69, 0x1a, 0x69, 0x1a, 
0x69, 0x1a, 0x69, 0x1a, 0x69, 0x1a, 0x69, 0x1a, 0x69, 0x1a, 0x69, 0x1a, 0x69, 0x1a, 0x69, 0x1a, 0x00, 0xfd, 0x00, 0xfd, 0x00, 0xfd, 0x00, 0xfd, 
0x00, 0xfd, 0x00, 0xfd, 0x00, 0xfd, 0x00, 0xfd, 0x49, 0x3a, 0x49, 0x3a, 0x49, 0x3a, 0x49, 0x3a, 0x49, 0x3a, 0x49, 0x3a, 0x49, 0x3a, 0x00, 0xfd, 
0x00, 0xfd, 0x00, 0xfd, 0x00, 0xfd, 0x00, 0xfd, 0x00, 0xfd, 0x00, 0xfd, 0x00, 0xfd, 0x00, 0xfd, 0x00, 0xfd, 0x00, 0xfd, 0x00, 0xfd, 0x00, 0xfd, 
0x00, 0xfd, 0x00, 0xfd, 0x00, 0xfd, 0x00, 0xfd, 0x00, 0xfd, 0x00, 0xfd, 0x00, 0xfd, 0x00, 0xfd, 0x00, 0xfd, 0x00, 0xfd, 0x00, 0xfd, 0x00, 0xfd, 
0x00, 0xfd, 0x00, 0xfd, 0x49, 0x3a, 0x49, 0x3a, 0x49, 0x3a, 0x49, 0x3a, 0x49, 0x3a, 0x49, 0x3a, 0x49, 0x3a, 0x00, 0xfd, 0x00, 0xfd, 0x00, 0xfd, 
0x00, 0xfd, 0x00, 0xfd, 0x00, 0xfd, 0x00, 0xfd, 0x00, 0xfd, 0x69, 0x1a, 0x69, 0x1a, 0x69, 0x1a, 0x69, 0x1a, 0x69, 0x1a, 0x69, 0x1a, 0x69, 0x1a, 
0x69, 0x1a, 0x69, 0x1a, 0x69, 0x1a, 0x69, 0x1a, 0x69, 0x1a, 0x69, 0x1a, 0x69, 0x1a, 0x69, 0x1a, 0x69, 0x1a, 0x69, 0x1a, 0x69, 0x1a, 0x69, 0x1a, 
0x63, 0x10, 0x63, 0x10, 0x63, 0x10, 0x63, 0x10, 0x63, 0x10, 0x63, 0x10, 0x63, 0x10, 0x63, 0x10, 0x63, 0x10, 0x63, 0x10, 0x63, 0x10, 0x63, 0x10, 
0x63, 0x10, 0x63, 0x10, 0x63, 0x10, 0x63, 0x10, 0x63, 0x10, 0x63, 0x10, 0x69, 0x1a, 0x69, 0x1a, 0x69, 0x1a, 0x69, 0x1a, 0x69, 0x1a, 0x69, 0x1a, 
0x69, 0x1a, 0x69, 0x1a, 0x69, 0x1a, 0x69, 0x1a, 0x69, 0x1a, 0x69, 0x1a, 0x69, 0x1a, 0x69, 0x1a, 0x69, 0x1a, 0x69, 0x1a, 0x69, 0x1a, 0x69, 0x1a, 
0x00, 0xfd, 0x00, 0xfd, 0x00, 0xfd, 0x00, 0xfd, 0x00, 0xfd, 0x00, 0xfd, 0x00, 0xfd, 0x49, 0x3a, 0x49, 0x3a, 0x49, 0x3a, 0x49, 0x3a, 0x49, 0x3a, 
0x49, 0x3a, 0x49, 0x3a, 0x49, 0x3a, 0x49, 0x3a, 0x00, 0xfd, 0x00, 0xfd, 0x00, 0xfd, 0x00, 0xfd, 0x00, 0xfd, 0x00, 0xfd, 0x00, 0xfd, 0x00, 0xfd, 
0x00, 0xfd, 0x00, 0xfd, 0x00, 0xfd, 0x00, 0xfd, 0x00, 0xfd, 0x00, 0xfd, 0x00, 0xfd, 0x00, 0xfd, 0x00, 0xfd, 0x00, 0xfd, 0x00, 0xfd, 0x00, 0xfd, 
0x00, 0xfd, 0x00, 0xfd, 0x00, 0xfd, 0x00, 0xfd, 0x00, 0xfd, 0x49, 0x3a, 0x49, 0x3a, 0x49, 0x3a, 0x49, 0x3a, 0x49, 0x3a, 0x49, 0x3a, 0x49, 0x3a, 
0x49, 0x3a, 0x49, 0x3a, 0x00, 0xfd, 0x00, 0xfd, 0x00, 0xfd, 0x00, 0xfd, 0x00, 0xfd, 0x00, 0xfd, 0x00, 0xfd, 0x69, 0x1a, 0x69, 0x1a, 0x69, 0x1a, 
0x69, 0x1a, 0x69, 0x1a, 0x69, 0x1a, 0x69, 0x1a, 0x69, 0x1a, 0x69, 0x1a, 0x69, 0x1a, 0x69, 0x1a, 0x69, 0x1a, 0x69, 0x1a, 0x69, 0x1a, 0x69, 0x1a, 
0x69, 0x1a, 0x69, 0x1a, 0x69, 0x1a, 0x63, 0x10, 0x63, 0x10, 0x63, 0x10, 0x63, 0x10, 0x63, 0x10, 0x63, 0x10, 0x63, 0x10, 0x63, 0x10, 0x63, 0x10, 
0x63, 0x10, 0x63, 0x10, 0x63, 0x10, 0x63, 0x10, 0x63, 0x10, 0x63, 0x10, 0x63, 0x10, 0x63, 0x10, 0x63, 0x10, 0x63, 0x10, 0x69, 0x1a, 0x69, 0x1a, 
0x69, 0x1a, 0x69, 0x1a, 0x69, 0x1a, 0x69, 0x1a, 0x69, 0x1a, 0x69, 0x1a, 0x69, 0x1a, 0x69, 0x1a, 0x69, 0x1a, 0x69, 0x1a, 0x69, 0x1a, 0x69, 0x1a, 
0x69, 0x1a, 0x69, 0x1a, 0x69, 0x1a, 0x69, 0x1a, 0x00, 0xfd, 0x00, 0xfd, 0x00, 0xfd, 0x00, 0xfd, 0x00, 0xfd, 0x00, 0xfd, 0x49, 0x3a, 0x49, 0x3a, 
0x49, 0x3a, 0x49, 0x3a, 0x49, 0x3a, 0x49, 0x3a, 0x49, 0x3a, 0x49, 0x3a, 0x49, 0x3a, 0x49, 0x3a, 0x49, 0x3a, 0x00, 0xfd, 0x00, 0xfd, 0x00, 0xfd, 
0x00, 0xfd, 0x00, 0xfd, 0x00, 0xfd, 0x00, 0xfd, 0x00, 0xfd, 0x00, 0xfd, 0x00, 0xfd, 0x00, 0xfd, 0x00, 0xfd, 0x00, 0xfd, 0x00, 0xfd, 0x00, 0xfd, 
0x00, 0xfd, 0x00, 0xfd, 0x00, 0xfd, 0x00, 0xfd, 0x00, 0xfd, 0x00, 0xfd, 0x00, 0xfd, 0x00, 0xfd, 0x49, 0x3a, 0x49, 0x3a, 0x49, 0x3a, 0x49, 0x3a, 
0x49, 0x3a, 0x49, 0x3a, 0x49, 0x3a, 0x49, 0x3a, 0x49, 0x3a, 0x49, 0x3a, 0x49, 0x3a, 0x00, 0xfd, 0x00, 0xfd, 0x00, 0xfd, 0x00, 0xfd, 0x00, 0xfd, 
0x00, 0xfd, 0x69, 0x1a, 0x69, 0x1a, 0x69, 0x1a, 0x69, 0x1a, 0x69, 0x1a, 0x69, 0x1a, 0x69, 0x1a, 0x69, 0x1a, 0x69, 0x1a, 0x69, 0x1a, 0x69, 0x1a, 
0x69, 0x1a, 0x69, 0x1a, 0x69, 0x1a, 0x69, 0x1a, 0x69, 0x1a, 0x69, 0x1a, 0x69, 0x1a, 0x63, 0x10, 0x63, 0x10, 0x63, 0x10, 0x63, 0x10, 0x63, 0x10, 
0x63, 0x10, 0x63, 0x10, 0x63, 0x10, 0x63, 0x10, 0x63, 0x10, 0x63, 0x10, 0x63, 0x10, 0x63, 0x10, 0x63, 0x10, 0x63, 0x10, 0x63, 0x10, 0x63, 0x10, 
0x63, 0x10, 0x63, 0x10, 0x63, 0x10, 0x69, 0x1a, 0x69, 0x1a, 0x69, 0x1a, 0x69, 0x1a, 0x69, 0x1a, 0x69, 0x1a, 0x69, 0x1a, 0x69, 0x1a, 0x69, 0x1a, 
0x69, 0x1a, 0x69, 0x1a, 0x69, 0x1a, 0x69, 0x1a, 0x69, 0x1a, 0x69, 0x1a, 0x69, 0x1a, 0x69, 0x1a, 0x00, 0xfd, 0x00, 0xfd, 0x00, 0xfd, 0x00, 0xfd, 
0x00, 0xfd, 0x00, 0xfd, 0x49, 0x3a, 0x49, 0x3a, 0x49, 0x3a, 0x49, 0x3a, 0x49, 0x3a, 0xff, 0xff, 0x49, 0x3a, 0x49, 0x3a, 0x49, 0x3a, 0x49, 0x3a, 
0x49, 0x3a, 0x00, 0xfd, 0x00, 0xfd, 0x00, 0xfd, 0x00, 0xfd, 0x00, 0xfd, 0x00, 0xfd, 0x00, 0xfd, 0x00, 0xfd, 0x00, 0xfd, 0x00, 0xfd, 0x00, 0xfd, 
0x00, 0xfd, 0x00, 0xfd, 0x00, 0xfd, 0x00, 0xfd, 0x00, 0xfd, 0x00, 0xfd, 0x00, 0xfd, 0x00, 0xfd, 0x00, 0xfd, 0x00, 0xfd, 0x00, 0xfd, 0x00, 0xfd, 
0x49, 0x3a, 0x49, 0x3a, 0x49, 0x3a, 0x49, 0x3a, 0x49, 0x3a, 0xff, 0xff, 0x49, 0x3a, 0x49, 0x3a, 0x49, 0x3a, 0x49, 0x3a, 0x49, 0x3a, 0x00, 0xfd, 
0x00, 0xfd, 0x00, 0xfd, 0x00, 0xfd, 0x00, 0xfd, 0x00, 0xfd, 0x69, 0x1a, 0x69, 0x1a, 0x69, 0x1a, 0x69, 0x1a, 0x69, 0x1a, 0x69, 0x1a, 0x69, 0x1a, 
0x69, 0x1a, 0x69, 0x1a, 0x69, 0x1a, 0x69, 0x1a, 0x69, 0x1a, 0x69, 0x1a, 0x69, 0x1a, 0x69, 0x1a, 0x69, 0x1a, 0x69, 0x1a, 0x63, 0x10, 0x63, 0x10, 
0x63, 0x10, 0x63, 0x10, 0x63, 0x10, 0x63, 0x10, 0x63, 0x10, 0x63, 0x10, 0x63, 0x10, 0x63, 0x10, 0x63, 0x10, 0x63, 0x10, 0x63, 0x10, 0x63, 0x10, 
0x63, 0x10, 0x63, 0x10, 0x63, 0x10, 0x63, 0x10, 0x63, 0x10, 0x63, 0x10, 0x63, 0x10, 0x69, 0x1a, 0x69, 0x1a, 0x69, 0x1a, 0x69, 0x1a, 0x69, 0x1a, 
0x69, 0x1a, 0x69, 0x1a, 0x69, 0x1a, 0x69, 0x1a, 0x69, 0x1a, 0x69, 0x1a, 0x69, 0x1a, 0x69, 0x1a, 0x69, 0x1a, 0x69, 0x1a, 0x69, 0x1a, 0x69, 0x1a, 
0x69, 0x1a, 0x69, 0x1a, 0x69, 0x1a, 0x69, 0x1a, 0x69, 0x1a, 0x69, 0x1a, 0x49, 0x3a, 0x49, 0x3a, 0x49, 0x3a, 0x49, 0x3a, 0xff, 0xff, 0xff, 0xff, 
0xff, 0xff, 0x49, 0x3a, 0x49, 0x3a, 0x49, 0x3a, 0x49, 0x3a, 0x69, 0x1a, 0x69, 0x1a, 0x69, 0x1a, 0x69, 0x1a, 0x69, 0x1a, 0x69, 0x1a, 0x69, 0x1a, 
0x69, 0x1a, 0x69, 0x1a, 0x69, 0x1a, 0x69, 0x1a, 0x69, 0x1a, 0x69, 0x1a, 0x69, 0x1a, 0x69, 0x1a, 0x69, 0x1a, 0x69, 0x1a, 0x69, 0x1a, 0x69, 0x1a, 
0x69, 0x1a, 0x69, 0x1a, 0x69, 0x1a, 0x69, 0x1a, 0x49, 0x3a, 0x49, 0x3a, 0x49, 0x3a, 0x49, 0x3a, 0xff, 0xff, 0xff, 0xff, 0xff, 0xff, 0x49, 0x3a, 
0x49, 0x3a, 0x49, 0x3a, 0x49, 0x3a, 0x69, 0x1a, 0x69, 0x1a, 0x69, 0x1a, 0x69, 0x1a, 0x69, 0x1a, 0x69, 0x1a, 0x69, 0x1a, 0x69, 0x1a, 0x69, 0x1a, 
0x69, 0x1a, 0x69, 0x1a, 0x69, 0x1a, 0x69, 0x1a, 0x69, 0x1a, 0x69, 0x1a, 0x69, 0x1a, 0x69, 0x1a, 0x69, 0x1a, 0x69, 0x1a, 0x69, 0x1a, 0x69, 0x1a, 
0x69, 0x1a, 0x69, 0x1a, 0x63, 0x10, 0x63, 0x10, 0x63, 0x10, 0x63, 0x10, 0x63, 0x10, 0x63, 0x10, 0x63, 0x10, 0x63, 0x10, 0x63, 0x10, 0x63, 0x10, 
0x63, 0x10, 0x63, 0x10, 0x63, 0x10, 0x63, 0x10, 0x63, 0x10, 0x63, 0x10, 0x63, 0x10, 0x63, 0x10, 0x63, 0x10, 0x63, 0x10, 0x63, 0x10, 0x63, 0x10, 
0x69, 0x1a, 0x69, 0x1a, 0x69, 0x1a, 0x69, 0x1a, 0x69, 0x1a, 0x69, 0x1a, 0x69, 0x1a, 0x69, 0x1a, 0x69, 0x1a, 0x69, 0x1a, 0x69, 0x1a, 0x69, 0x1a, 
0x69, 0x1a, 0x69, 0x1a, 0x69, 0x1a, 0x69, 0x1a, 0x69, 0x1a, 0x69, 0x1a, 0x69, 0x1a, 0x69, 0x1a, 0x69, 0x1a, 0x49, 0x3a, 0x49, 0x3a, 0x49, 0x3a, 
0x49, 0x3a, 0xff, 0xff, 0xff, 0xff, 0xff, 0xff, 0xff, 0xff, 0xff, 0xff, 0x49, 0x3a, 0x49, 0x3a, 0x49, 0x3a, 0x49, 0x3a, 0x69, 0x1a, 0x69, 0x1a, 
0x69, 0x1a, 0x69, 0x1a, 0x69, 0x1a, 0x69, 0x1a, 0x69, 0x1a, 0x69, 0x1a, 0x69, 0x1a, 0x69, 0x1a, 0x69, 0x1a, 0x69, 0x1a, 0x69, 0x1a, 0x69, 0x1a, 
0x69, 0x1a, 0x69, 0x1a, 0x69, 0x1a, 0x69, 0x1a, 0x69, 0x1a, 0x69, 0x1a, 0x69, 0x1a, 0x49, 0x3a, 0x49, 0x3a, 0x49, 0x3a, 0x49, 0x3a, 0xff, 0xff, 
0xff, 0xff, 0xff, 0xff, 0xff, 0xff, 0xff, 0xff, 0x49, 0x3a, 0x49, 0x3a, 0x49, 0x3a, 0x49, 0x3a, 0x69, 0x1a, 0x69, 0x1a, 0x69, 0x1a, 0x69, 0x1a, 
0x69, 0x1a, 0x69, 0x1a, 0x69, 0x1a, 0x69, 0x1a, 0x69, 0x1a, 0x69, 0x1a, 0x69, 0x1a, 0x69, 0x1a, 0x69, 0x1a, 0x69, 0x1a, 0x69, 0x1a, 0x69, 0x1a, 
0x69, 0x1a, 0x69, 0x1a, 0x69, 0x1a, 0x69, 0x1a, 0x69, 0x1a, 0x63, 0x10, 0x63, 0x10, 0x63, 0x10, 0x63, 0x10, 0x63, 0x10, 0x63, 0x10, 0x63, 0x10, 
0x63, 0x10, 0x63, 0x10, 0x63, 0x10, 0x63, 0x10, 0x63, 0x10, 0x63, 0x10, 0x63, 0x10, 0x63, 0x10, 0x63, 0x10, 0x63, 0x10, 0x63, 0x10, 0x63, 0x10, 
0x63, 0x10, 0x63, 0x10, 0x63, 0x10, 0x63, 0x10, 0x69, 0x1a, 0x69, 0x1a, 0x69, 0x1a, 0x69, 0x1a, 0x69, 0x1a, 0x69, 0x1a, 0x69, 0x1a, 0x69, 0x1a, 
0x69, 0x1a, 0x69, 0x1a, 0x69, 0x1a, 0x69, 0x1a, 0x69, 0x1a, 0x69, 0x1a, 0x69, 0x1a, 0x69, 0x1a, 0x69, 0x1a, 0x69, 0x1a, 0x69, 0x1a, 0x69, 0x1a, 
0x69, 0x1a, 0x69, 0x1a, 0x49, 0x3a, 0x49, 0x3a, 0x49, 0x3a, 0x49, 0x3a, 0xff, 0xff, 0xff, 0xff, 0xff, 0xff, 0x49, 0x3a, 0x49, 0x3a, 0x49, 0x3a, 
0x49, 0x3a, 0x69, 0x1a, 0x69, 0x1a, 0x69, 0x1a, 0x69, 0x1a, 0x69, 0x1a, 0x69, 0x1a, 0x69, 0x1a, 0x69, 0x1a, 0x69, 0x1a, 0x69, 0x1a, 0x69, 0x1a, 
0x69, 0x1a, 0x69, 0x1a, 0x69, 0x1a, 0x69, 0x1a, 0x69, 0x1a, 0x69, 0x1a, 0x69, 0x1a, 0x69, 0x1a, 0x69, 0x1a, 0x69, 0x1a, 0x69, 0x1a, 0x69, 0x1a, 
0x49, 0x3a, 0x49, 0x3a, 0x49, 0x3a, 0x49, 0x3a, 0xff, 0xff, 0xff, 0xff, 0xff, 0xff, 0x49, 0x3a, 0x49, 0x3a, 0x49, 0x3a, 0x49, 0x3a, 0x69, 0x1a, 
0x69, 0x1a, 0x69, 0x1a, 0x69, 0x1a, 0x69, 0x1a, 0x69, 0x1a, 0x69, 0x1a, 0x69, 0x1a, 0x69, 0x1a, 0x69, 0x1a, 0x69, 0x1a, 0x69, 0x1a, 0x69, 0x1a, 
0x69, 0x1a, 0x69, 0x1a, 0x69, 0x1a, 0x69, 0x1a, 0x69, 0x1a, 0x69, 0x1a, 0x69, 0x1a, 0x69, 0x1a, 0x69, 0x1a, 0x63, 0x10, 0x63, 0x10, 0x63, 0x10, 
0x63, 0x10, 0x63, 0x10, 0x63, 0x10, 0x63, 0x10, 0x63, 0x10, 0x63, 0x10, 0x63, 0x10, 0x63, 0x10, 0x63, 0x10, 0x63, 0x10, 0x63, 0x10, 0x63, 0x10, 
0x63, 0x10, 0x63, 0x10, 0x63, 0x10, 0x63, 0x10, 0x63, 0x10, 0x63, 0x10, 0x63, 0x10, 0x63, 0x10, 0x63, 0x10, 0x69, 0x1a, 0x69, 0x1a, 0x69, 0x1a, 
0x69, 0x1a, 0x69, 0x1a, 0x69, 0x1a, 0x69, 0x1a, 0x69, 0x1a, 0x69, 0x1a, 0x69, 0x1a, 0x69, 0x1a, 0x69, 0x1a, 0x69, 0x1a, 0x69, 0x1a, 0x69, 0x1a, 
0x69, 0x1a, 0x69, 0x1a, 0x69, 0x1a, 0x69, 0x1a, 0x69, 0x1a, 0x69, 0x1a, 0x49, 0x3a, 0x49, 0x3a, 0x49, 0x3a, 0x49, 0x3a, 0x49, 0x3a, 0xff, 0xff, 
0x49, 0x3a, 0x49, 0x3a, 0x49, 0x3a, 0x49, 0x3a, 0x49, 0x3a, 0x69, 0x1a, 0x69, 0x1a, 0x69, 0x1a, 0x69, 0x1a, 0x69, 0x1a, 0x69, 0x1a, 0x69, 0x1a, 
0x69, 0x1a, 0x69, 0x1a, 0x69, 0x1a, 0x69, 0x1a, 0x69, 0x1a, 0x69, 0x1a, 0x69, 0x1a, 0x69, 0x1a, 0x69, 0x1a, 0x69, 0x1a, 0x69, 0x1a, 0x69, 0x1a, 
0x69, 0x1a, 0x69, 0x1a, 0x69, 0x1a, 0x69, 0x1a, 0x49, 0x3a, 0x49, 0x3a, 0x49, 0x3a, 0x49, 0x3a, 0x49, 0x3a, 0xff, 0xff, 0x49, 0x3a, 0x49, 0x3a, 
0x49, 0x3a, 0x49, 0x3a, 0x49, 0x3a, 0x69, 0x1a, 0x69, 0x1a, 0x69, 0x1a, 0x69, 0x1a, 0x69, 0x1a, 0x69, 0x1a, 0x69, 0x1a, 0x69, 0x1a, 0x69, 0x1a, 
0x69, 0x1a, 0x69, 0x1a, 0x69, 0x1a, 0x69, 0x1a, 0x69, 0x1a, 0x69, 0x1a, 0x69, 0x1a, 0x69, 0x1a, 0x69, 0x1a, 0x69, 0x1a, 0x69, 0x1a, 0x69, 0x1a, 
0x63, 0x10, 0x63, 0x10, 0x63, 0x10, 0x63, 0x10, 0x63, 0x10, 0x63, 0x10, 0x63, 0x10, 0x63, 0x10, 0x63, 0x10, 0x63, 0x10, 0x63, 0x10, 0x63, 0x10, 
0x63, 0x10, 0x63, 0x10, 0x63, 0x10, 0x63, 0x10, 0x63, 0x10, 0x63, 0x10, 0x63, 0x10, 0x63, 0x10, 0x63, 0x10, 0x63, 0x10, 0x63, 0x10, 0x63, 0x10, 
0x63, 0x10, 0x69, 0x1a, 0x69, 0x1a, 0x69, 0x1a, 0x69, 0x1a, 0x69, 0x1a, 0x69, 0x1a, 0x69, 0x1a, 0x69, 0x1a, 0x69, 0x1a, 0x69, 0x1a, 0x69, 0x1a, 
0x69, 0x1a, 0x69, 0x1a, 0x69, 0x1a, 0x69, 0x1a, 0x69, 0x1a, 0x69, 0x1a, 0x69, 0x1a, 0x69, 0x1a, 0x69, 0x1a, 0x69, 0x1a, 0x49, 0x3a, 0x49, 0x3a, 
0x49, 0x3a, 0x49, 0x3a, 0x49, 0x3a, 0x49, 0x3a, 0x49, 0x3a, 0x49, 0x3a, 0x49, 0x3a, 0x49, 0x3a, 0x49, 0x3a, 0x69, 0x1a, 0x69, 0x1a, 0x69, 0x1a, 
0x69, 0x1a, 0x69, 0x1a, 0x69, 0x1a, 0x69, 0x1a, 0x69, 0x1a, 0x69, 0x1a, 0x69, 0x1a, 0x69, 0x1a, 0x69, 0x1a, 0x69, 0x1a, 0x69, 0x1a, 0x69, 0x1a, 
0x69, 0x1a, 0x69, 0x1a, 0x69, 0x1a, 0x69, 0x1a, 0x69, 0x1a, 0x69, 0x1a, 0x69, 0x1a, 0x69, 0x1a, 0x49, 0x3a, 0x49, 0x3a, 0x49, 0x3a, 0x49, 0x3a, 
0x49, 0x3a, 0x49, 0x3a, 0x49, 0x3a, 0x49, 0x3a, 0x49, 0x3a, 0x49, 0x3a, 0x49, 0x3a, 0x69, 0x1a, 0x69, 0x1a, 0x69, 0x1a, 0x69, 0x1a, 0x69, 0x1a, 
0x69, 0x1a, 0x69, 0x1a, 0x69, 0x1a, 0x69, 0x1a, 0x69, 0x1a, 0x69, 0x1a, 0x69, 0x1a, 0x69, 0x1a, 0x69, 0x1a, 0x69, 0x1a, 0x69, 0x1a, 0x69, 0x1a, 
0x69, 0x1a, 0x69, 0x1a, 0x69, 0x1a, 0x69, 0x1a, 0x63, 0x10, 0x63, 0x10, 0x63, 0x10, 0x63, 0x10, 0x63, 0x10, 0x63, 0x10, 0x63, 0x10, 0x63, 0x10, 
0x63, 0x10, 0x63, 0x10, 0x63, 0x10, 0x63, 0x10, 0x63, 0x10, 0x63, 0x10, 0x63, 0x10, 0x63, 0x10, 0x63, 0x10, 0x63, 0x10, 0x63, 0x10, 0x63, 0x10, 
0x63, 0x10, 0x63, 0x10, 0x63, 0x10, 0x63, 0x10, 0x63, 0x10, 0x63, 0x10, 0x69, 0x1a, 0x69, 0x1a, 0x69, 0x1a, 0x69, 0x1a, 0x69, 0x1a, 0x69, 0x1a, 
0x69, 0x1a, 0x69, 0x1a, 0x69, 0x1a, 0x69, 0x1a, 0x69, 0x1a, 0x69, 0x1a, 0x69, 0x1a, 0x69, 0x1a, 0x69, 0x1a, 0x69, 0x1a, 0x69, 0x1a, 0x69, 0x1a, 
0x69, 0x1a, 0x69, 0x1a, 0x69, 0x1a, 0x49, 0x3a, 0x49, 0x3a, 0x49, 0x3a, 0x49, 0x3a, 0x49, 0x3a, 0x49, 0x3a, 0x49, 0x3a, 0x49, 0x3a, 0x49, 0x3a, 
0x69, 0x1a, 0x69, 0x1a, 0x69, 0x1a, 0x69, 0x1a, 0x69, 0x1a, 0x69, 0x1a, 0x69, 0x1a, 0x69, 0x1a, 0x69, 0x1a, 0x69, 0x1a, 0x69, 0x1a, 0x69, 0x1a, 
0x69, 0x1a, 0x69, 0x1a, 0x69, 0x1a, 0x69, 0x1a, 0x69, 0x1a, 0x69, 0x1a, 0x69, 0x1a, 0x69, 0x1a, 0x69, 0x1a, 0x69, 0x1a, 0x69, 0x1a, 0x69, 0x1a, 
0x69, 0x1a, 0x49, 0x3a, 0x49, 0x3a, 0x49, 0x3a, 0x49, 0x3a, 0x49, 0x3a, 0x49, 0x3a, 0x49, 0x3a, 0x49, 0x3a, 0x49, 0x3a, 0x69, 0x1a, 0x69, 0x1a, 
0x69, 0x1a, 0x69, 0x1a, 0x69, 0x1a, 0x69, 0x1a, 0x69, 0x1a, 0x69, 0x1a, 0x69, 0x1a, 0x69, 0x1a, 0x69, 0x1a, 0x69, 0x1a, 0x69, 0x1a, 0x69, 0x1a, 
0x69, 0x1a, 0x69, 0x1a, 0x69, 0x1a, 0x69, 0x1a, 0x69, 0x1a, 0x69, 0x1a, 0x69, 0x1a, 0x63, 0x10, 0x63, 0x10, 0x63, 0x10, 0x63, 0x10, 0x63, 0x10, 
0x63, 0x10, 0x63, 0x10, 0x63, 0x10, 0x63, 0x10, 0x63, 0x10, 0x63, 0x10, 0x63, 0x10, 0x63, 0x10, 0x63, 0x10, 0x63, 0x10, 0x63, 0x10, 0x63, 0x10, 
0x63, 0x10, 0x63, 0x10, 0x63, 0x10, 0x63, 0x10, 0x63, 0x10, 0x63, 0x10, 0x63, 0x10, 0x63, 0x10, 0x63, 0x10, 0x63, 0x10, 0x69, 0x1a, 0x69, 0x1a, 
0x69, 0x1a, 0x69, 0x1a, 0x69, 0x1a, 0x69, 0x1a, 0x69, 0x1a, 0x69, 0x1a, 0x69, 0x1a, 0x69, 0x1a, 0x69, 0x1a, 0x69, 0x1a, 0x69, 0x1a, 0x69, 0x1a, 
0x69, 0x1a, 0x69, 0x1a, 0x69, 0x1a, 0x69, 0x1a, 0x69, 0x1a, 0x69, 0x1a, 0x69, 0x1a, 0x69, 0x1a, 0x49, 0x3a, 0x49, 0x3a, 0x49, 0x3a, 0x49, 0x3a, 
0x49, 0x3a, 0x49, 0x3a, 0x49, 0x3a, 0x69, 0x1a, 0x69, 0x1a, 0x69, 0x1a, 0x69, 0x1a, 0x69, 0x1a, 0x69, 0x1a, 0x69, 0x1a, 0x69, 0x1a, 0x69, 0x1a, 
0x69, 0x1a, 0x69, 0x1a, 0x69, 0x1a, 0x69, 0x1a, 0x69, 0x1a, 0x69, 0x1a, 0x69, 0x1a, 0x69, 0x1a, 0x69, 0x1a, 0x69, 0x1a, 0x69, 0x1a, 0x69, 0x1a, 
0x69, 0x1a, 0x69, 0x1a, 0x69, 0x1a, 0x69, 0x1a, 0x69, 0x1a, 0x69, 0x1a, 0x49, 0x3a, 0x49, 0x3a, 0x49, 0x3a, 0x49, 0x3a, 0x49, 0x3a, 0x49, 0x3a, 
0x49, 0x3a, 0x69, 0x1a, 0x69, 0x1a, 0x69, 0x1a, 0x69, 0x1a, 0x69, 0x1a, 0x69, 0x1a, 0x69, 0x1a, 0x69, 0x1a, 0x69, 0x1a, 0x69, 0x1a, 0x69, 0x1a, 
0x69, 0x1a, 0x69, 0x1a, 0x69, 0x1a, 0x69, 0x1a, 0x69, 0x1a, 0x69, 0x1a, 0x69, 0x1a, 0x69, 0x1a, 0x69, 0x1a, 0x69, 0x1a, 0x69, 0x1a, 0x63, 0x10, 
0x63, 0x10, 0x63, 0x10, 0x63, 0x10, 0x63, 0x10, 0x63, 0x10, 0x63, 0x10, 0x63, 0x10, 0x63, 0x10, 0x63, 0x10, 0x63, 0x10, 0x63, 0x10, 0x63, 0x10, 
0x63, 0x10, 0x63, 0x10, 0x63, 0x10, 0x63, 0x10, 0x63, 0x10, 0x63, 0x10, 0x63, 0x10, 0x63, 0x10, 0x63, 0x10, 0x63, 0x10, 0x63, 0x10, 0x63, 0x10, 
0x63, 0x10, 0x63, 0x10, 0x63, 0x10, 0x69, 0x1a, 0x69, 0x1a, 0x69, 0x1a, 0x69, 0x1a, 0x69, 0x1a, 0x69, 0x1a, 0x69, 0x1a, 0x69, 0x1a, 0x69, 0x1a, 
0x69, 0x1a, 0x69, 0x1a, 0x69, 0x1a, 0x69, 0x1a, 0x69, 0x1a, 0x69, 0x1a, 0x69, 0x1a, 0x69, 0x1a, 0x69, 0x1a, 0x69, 0x1a, 0x69, 0x1a, 0x69, 0x1a, 
0x69, 0x1a, 0x69, 0x1a, 0x69, 0x1a, 0x49, 0x3a, 0x69, 0x1a, 0x69, 0x1a, 0x69, 0x1a, 0x69, 0x1a, 0x69, 0x1a, 0x69, 0x1a, 0x69, 0x1a, 0x69, 0x1a, 
0x69, 0x1a, 0x69, 0x1a, 0x69, 0x1a, 0x69, 0x1a, 0x69, 0x1a, 0x69, 0x1a, 0x69, 0x1a, 0x69, 0x1a, 0x69, 0x1a, 0x69, 0x1a, 0x69, 0x1a, 0x69, 0x1a, 
0x69, 0x1a, 0x69, 0x1a, 0x69, 0x1a, 0x69, 0x1a, 0x69, 0x1a, 0x69, 0x1a, 0x69, 0x1a, 0x69, 0x1a, 0x69, 0x1a, 0x69, 0x1a, 0x69, 0x1a, 0x69, 0x1a, 
0x69, 0x1a, 0x49, 0x3a, 0x69, 0x1a, 0x69, 0x1a, 0x69, 0x1a, 0x69, 0x1a, 0x69, 0x1a, 0x69, 0x1a, 0x69, 0x1a, 0x69, 0x1a, 0x69, 0x1a, 0x69, 0x1a, 
0x69, 0x1a, 0x69, 0x1a, 0x69, 0x1a, 0x69, 0x1a, 0x69, 0x1a, 0x69, 0x1a, 0x69, 0x1a, 0x69, 0x1a, 0x69, 0x1a, 0x69, 0x1a, 0x69, 0x1a, 0x69, 0x1a, 
0x69, 0x1a, 0x69, 0x1a, 0x63, 0x10, 0x63, 0x10, 0x63, 0x10, 0x63, 0x10, 0x63, 0x10, 0x63, 0x10, 0x63, 0x10, 0x63, 0x10, 0x63, 0x10, 0x63, 0x10, 
0x63, 0x10, 0x63, 0x10, 0x63, 0x10, 0x63, 0x10, 0x63, 0x10, 0x63, 0x10, 0x63, 0x10, 0x63, 0x10, 0x63, 0x10, 0x63, 0x10, 0x63, 0x10, 0x63, 0x10, 
0x63, 0x10, 0x63, 0x10, 0x63, 0x10, 0x63, 0x10, 0x63, 0x10, 0x63, 0x10, 0x63, 0x10, 0x63, 0x10, 0x69, 0x1a, 0x69, 0x1a, 0x69, 0x1a, 0x69, 0x1a, 
0x69, 0x1a, 0x69, 0x1a, 0x69, 0x1a, 0x69, 0x1a, 0x69, 0x1a, 0x69, 0x1a, 0x69, 0x1a, 0x69, 0x1a, 0x69, 0x1a, 0x69, 0x1a, 0x69, 0x1a, 0x69, 0x1a, 
0x69, 0x1a, 0x69, 0x1a, 0x69, 0x1a, 0x69, 0x1a, 0x69, 0x1a, 0x69, 0x1a, 0x69, 0x1a, 0x69, 0x1a, 0x69, 0x1a, 0x69, 0x1a, 0x69, 0x1a, 0x69, 0x1a, 
0x69, 0x1a, 0x69, 0x1a, 0x69, 0x1a, 0x69, 0x1a, 0x69, 0x1a, 0x69, 0x1a, 0x69, 0x1a, 0x69, 0x1a, 0x69, 0x1a, 0x69, 0x1a, 0x69, 0x1a, 0x69, 0x1a, 
0x69, 0x1a, 0x69, 0x1a, 0x69, 0x1a, 0x69, 0x1a, 0x69, 0x1a, 0x69, 0x1a, 0x69, 0x1a, 0x69, 0x1a, 0x69, 0x1a, 0x69, 0x1a, 0x69, 0x1a, 0x69, 0x1a, 
0x69, 0x1a, 0x69, 0x1a, 0x69, 0x1a, 0x69, 0x1a, 0x69, 0x1a, 0x69, 0x1a, 0x69, 0x1a, 0x69, 0x1a, 0x69, 0x1a, 0x69, 0x1a, 0x69, 0x1a, 0x69, 0x1a, 
0x69, 0x1a, 0x69, 0x1a, 0x69, 0x1a, 0x69, 0x1a, 0x69, 0x1a, 0x69, 0x1a, 0x69, 0x1a, 0x69, 0x1a, 0x69, 0x1a, 0x69, 0x1a, 0x69, 0x1a, 0x69, 0x1a, 
0x69, 0x1a, 0x69, 0x1a, 0x69, 0x1a, 0x69, 0x1a, 0x69, 0x1a, 0x63, 0x10, 0x63, 0x10, 0x63, 0x10, 0x63, 0x10, 0x63, 0x10, 0x63, 0x10, 0x63, 0x10, 
0x63, 0x10, 0x63, 0x10, 0x63, 0x10, 0x63, 0x10, 0x63, 0x10, 0x63, 0x10, 0x63, 0x10, 0x63, 0x10, 0x63, 0x10, 0x63, 0x10, 0x63, 0x10, 0x63, 0x10, 
0x63, 0x10, 0x63, 0x10, 0x63, 0x10, 0x63, 0x10, 0x63, 0x10, 0x63, 0x10, 0x63, 0x10, 0x63, 0x10, 0x63, 0x10, 0x63, 0x10, 0x63, 0x10, 0x63, 0x10, 
0x69, 0x1a, 0x69, 0x1a, 0x69, 0x1a, 0x69, 0x1a, 0x69, 0x1a, 0x69, 0x1a, 0xef, 0x7b, 0xef, 0x7b, 0xef, 0x7b, 0xef, 0x7b, 0xef, 0x7b, 0xef, 0x7b, 
0xef, 0x7b, 0xef, 0x7b, 0xef, 0x7b, 0xef, 0x7b, 0xef, 0x7b, 0xef, 0x7b, 0xef, 0x7b, 0xef, 0x7b, 0xef, 0x7b, 0xef, 0x7b, 0xef, 0x7b, 0xef, 0x7b, 
0xef, 0x7b, 0xef, 0x7b, 0xef, 0x7b, 0xef, 0x7b, 0xef, 0x7b, 0xef, 0x7b, 0xef, 0x7b, 0xef, 0x7b, 0xef, 0x7b, 0xef, 0x7b, 0xef, 0x7b, 0xef, 0x7b, 
0xef, 0x7b, 0xef, 0x7b, 0xef, 0x7b, 0xef, 0x7b, 0xef, 0x7b, 0xef, 0x7b, 0xef, 0x7b, 0xef, 0x7b, 0xef, 0x7b, 0xef, 0x7b, 0xef, 0x7b, 0xef, 0x7b, 
0xef, 0x7b, 0xef, 0x7b, 0xef, 0x7b, 0xef, 0x7b, 0xef, 0x7b, 0xef, 0x7b, 0xef, 0x7b, 0xef, 0x7b, 0xef, 0x7b, 0xef, 0x7b, 0xef, 0x7b, 0xef, 0x7b, 
0xef, 0x7b, 0xef, 0x7b, 0xef, 0x7b, 0xef, 0x7b, 0xef, 0x7b, 0xef, 0x7b, 0xef, 0x7b, 0xef, 0x7b, 0xef, 0x7b, 0xef, 0x7b, 0xef, 0x7b, 0xef, 0x7b, 
0xef, 0x7b, 0xef, 0x7b, 0xef, 0x7b, 0x69, 0x1a, 0x69, 0x1a, 0x69, 0x1a, 0x69, 0x1a, 0x69, 0x1a, 0x69, 0x1a, 0x63, 0x10, 0x63, 0x10, 0x63, 0x10, 
0x63, 0x10, 0x63, 0x10, 0x63, 0x10, 0x63, 0x10, 0x63, 0x10, 0x63, 0x10, 0x63, 0x10, 0x63, 0x10, 0x63, 0x10, 0x63, 0x10, 0x63, 0x10, 0x63, 0x10, 
0x63, 0x10, 0x63, 0x10, 0x63, 0x10, 0x63, 0x10, 0x63, 0x10, 0x63, 0x10, 0x63, 0x10, 0x63, 0x10, 0x63, 0x10, 0x63, 0x10, 0x63, 0x10, 0x63, 0x10, 
0x63, 0x10, 0x63, 0x10, 0x63, 0x10, 0x63, 0x10, 0x63, 0x10, 0x69, 0x1a, 0x69, 0x1a, 0x69, 0x1a, 0x69, 0x1a, 0x69, 0x1a, 0xef, 0x7b, 0xef, 0x7b, 
0xef, 0x7b, 0xef, 0x7b, 0xef, 0x7b, 0xef, 0x7b, 0xef, 0x7b, 0xef, 0x7b, 0xef, 0x7b, 0xef, 0x7b, 0xef, 0x7b, 0xef, 0x7b, 0xef, 0x7b, 0xef, 0x7b, 
0xef, 0x7b, 0xef, 0x7b, 0xef, 0x7b, 0xef, 0x7b, 0xef, 0x7b, 0xef, 0x7b, 0xef, 0x7b, 0xef, 0x7b, 0xef, 0x7b, 0xef, 0x7b, 0xef, 0x7b, 0xef, 0x7b, 
0xef, 0x7b, 0xef, 0x7b, 0xef, 0x7b, 0xef, 0x7b, 0xef, 0x7b, 0xef, 0x7b, 0xef, 0x7b, 0xef, 0x7b, 0xef, 0x7b, 0xef, 0x7b, 0xef, 0x7b, 0xef, 0x7b, 
0xef, 0x7b, 0xef, 0x7b, 0xef, 0x7b, 0xef, 0x7b, 0xef, 0x7b, 0xef, 0x7b, 0xef, 0x7b, 0xef, 0x7b, 0xef, 0x7b, 0xef, 0x7b, 0xef, 0x7b, 0xef, 0x7b, 
0xef, 0x7b, 0xef, 0x7b, 0xef, 0x7b, 0xef, 0x7b, 0xef, 0x7b, 0xef, 0x7b, 0xef, 0x7b, 0xef, 0x7b, 0xef, 0x7b, 0xef, 0x7b, 0xef, 0x7b, 0xef, 0x7b, 
0xef, 0x7b, 0xef, 0x7b, 0xef, 0x7b, 0xef, 0x7b, 0xef, 0x7b, 0xef, 0x7b, 0xef, 0x7b, 0x69, 0x1a, 0x69, 0x1a, 0x69, 0x1a, 0x69, 0x1a, 0x69, 0x1a, 
0x63, 0x10, 0x63, 0x10, 0x63, 0x10, 0x63, 0x10, 0x63, 0x10, 0x63, 0x10, 0x63, 0x10, 0x63, 0x10, 0x63, 0x10, 0x63, 0x10, 0x63, 0x10, 0x63, 0x10, 
0x63, 0x10, 0x63, 0x10, 0x63, 0x10, 0x63, 0x10, 0x63, 0x10, 0x63, 0x10, 0x63, 0x10, 0x63, 0x10, 0x63, 0x10, 0x63, 0x10, 0x63, 0x10, 0x63, 0x10, 
0x63, 0x10, 0x63, 0x10, 0x63, 0x10, 0x63, 0x10, 0x63, 0x10, 0x63, 0x10, 0x63, 0x10, 0x63, 0x10, 0x63, 0x10, 0x63, 0x10, 0x69, 0x1a, 0x69, 0x1a, 
0x69, 0x1a, 0x69, 0x1a, 0xef, 0x7b, 0xef, 0x7b, 0xef, 0x7b, 0xef, 0x7b, 0xef, 0x7b, 0xef, 0x7b, 0xef, 0x7b, 0xef, 0x7b, 0xef, 0x7b, 0xef, 0x7b, 
0xef, 0x7b, 0xef, 0x7b, 0xef, 0x7b, 0xef, 0x7b, 0xef, 0x7b, 0xef, 0x7b, 0xef, 0x7b, 0xef, 0x7b, 0xef, 0x7b, 0xef, 0x7b, 0xef, 0x7b, 0xef, 0x7b, 
0xef, 0x7b, 0xef, 0x7b, 0xef, 0x7b, 0xef, 0x7b, 0xef, 0x7b, 0xef, 0x7b, 0xef, 0x7b, 0xef, 0x7b, 0xef, 0x7b, 0xef, 0x7b, 0xef, 0x7b, 0xef, 0x7b, 
0xef, 0x7b, 0xef, 0x7b, 0xef, 0x7b, 0xef, 0x7b, 0xef, 0x7b, 0xef, 0x7b, 0xef, 0x7b, 0xef, 0x7b, 0xef, 0x7b, 0xef, 0x7b, 0xef, 0x7b, 0xef, 0x7b, 
0xef, 0x7b, 0xef, 0x7b, 0xef, 0x7b, 0xef, 0x7b, 0xef, 0x7b, 0xef, 0x7b, 0xef, 0x7b, 0xef, 0x7b, 0xef, 0x7b, 0xef, 0x7b, 0xef, 0x7b, 0xef, 0x7b, 
0xef, 0x7b, 0xef, 0x7b, 0xef, 0x7b, 0xef, 0x7b, 0xef, 0x7b, 0xef, 0x7b, 0xef, 0x7b, 0xef, 0x7b, 0xef, 0x7b, 0xef, 0x7b, 0xef, 0x7b, 0x69, 0x1a, 
0x69, 0x1a, 0x69, 0x1a, 0x69, 0x1a, 0x63, 0x10, 0x63, 0x10, 0x63, 0x10, 0x63, 0x10, 0x63, 0x10, 0x63, 0x10, 0x63, 0x10, 0x63, 0x10, 0x63, 0x10, 
0x63, 0x10, 0x63, 0x10, 0x63, 0x10, 0x63, 0x10, 0x63, 0x10, 0x63, 0x10, 0x63, 0x10, 0x63, 0x10, 0x63, 0x10, 0x63, 0x10, 0x63, 0x10, 0x63, 0x10, 
0x63, 0x10, 0x63, 0x10, 0x63, 0x10, 0x63, 0x10, 0x63, 0x10, 0x63, 0x10, 0x63, 0x10, 0x63, 0x10, 0x63, 0x10, 0x63, 0x10, 0x63, 0x10, 0x63, 0x10, 
0x63, 0x10, 0x63, 0x10, 0x63, 0x10, 0x69, 0x1a, 0x69, 0x1a, 0x69, 0x1a, 0x69, 0x1a, 0x69, 0x1a, 0x69, 0x1a, 0x69, 0x1a, 0x69, 0x1a, 0x69, 0x1a, 
0x69, 0x1a, 0x69, 0x1a, 0x69, 0x1a, 0x69, 0x1a, 0x69, 0x1a, 0x69, 0x1a, 0x69, 0x1a, 0x69, 0x1a, 0x69, 0x1a, 0x69, 0x1a, 0x69, 0x1a, 0x69, 0x1a, 
0x69, 0x1a, 0x69, 0x1a, 0x69, 0x1a, 0x69, 0x1a, 0x69, 0x1a, 0x69, 0x1a, 0x69, 0x1a, 0x69, 0x1a, 0x69, 0x1a, 0x69, 0x1a, 0x69, 0x1a, 0x69, 0x1a, 
0x69, 0x1a, 0x69, 0x1a, 0x69, 0x1a, 0x69, 0x1a, 0x69, 0x1a, 0x69, 0x1a, 0x69, 0x1a, 0x69, 0x1a, 0x69, 0x1a, 0x69, 0x1a, 0x69, 0x1a, 0x69, 0x1a, 
0x69, 0x1a, 0x69, 0x1a, 0x69, 0x1a, 0x69, 0x1a, 0x69, 0x1a, 0x69, 0x1a, 0x69, 0x1a, 0x69, 0x1a, 0x69, 0x1a, 0x69, 0x1a, 0x69, 0x1a, 0x69, 0x1a, 
0x69, 0x1a, 0x69, 0x1a, 0x69, 0x1a, 0x69, 0x1a, 0x69, 0x1a, 0x69, 0x1a, 0x69, 0x1a, 0x69, 0x1a, 0x69, 0x1a, 0x69, 0x1a, 0x69, 0x1a, 0x69, 0x1a, 
0x69, 0x1a, 0x69, 0x1a, 0x69, 0x1a, 0x69, 0x1a, 0x69, 0x1a, 0x69, 0x1a, 0x63, 0x10, 0x63, 0x10, 0x63, 0x10, 0x63, 0x10, 0x63, 0x10, 0x63, 0x10, 
0x63, 0x10, 0x63, 0x10, 0x63, 0x10, 0x63, 0x10, 0x63, 0x10, 0x63, 0x10, 0x63, 0x10, 0x63, 0x10, 0x63, 0x10, 0x63, 0x10, 0x63, 0x10, 0x63, 0x10, 
0x63, 0x10, 0x63, 0x10, 0x63, 0x10, 0x63, 0x10, 0x63, 0x10, 0x63, 0x10, 0x63, 0x10, 0x63, 0x10, 0x63, 0x10, 0x63, 0x10, 0x63, 0x10, 0x63, 0x10, 
0x63, 0x10, 0x63, 0x10, 0x63, 0x10, 0x63, 0x10, 0x63, 0x10, 0x63, 0x10, 0x63, 0x10, 0x63, 0x10, 0x69, 0x1a, 0x69, 0x1a, 0x69, 0x1a, 0x69, 0x1a, 
0x69, 0x1a, 0x69, 0x1a, 0x69, 0x1a, 0x69, 0x1a, 0x69, 0x1a, 0x69, 0x1a, 0x69, 0x1a, 0x69, 0x1a, 0x69, 0x1a, 0x69, 0x1a, 0x69, 0x1a, 0x69, 0x1a, 
0x69, 0x1a, 0x69, 0x1a, 0x69, 0x1a, 0x69, 0x1a, 0x69, 0x1a, 0x69, 0x1a, 0x69, 0x1a, 0x69, 0x1a, 0x69, 0x1a, 0x69, 0x1a, 0x69, 0x1a, 0x69, 0x1a, 
0x69, 0x1a, 0x69, 0x1a, 0x69, 0x1a, 0x69, 0x1a, 0x69, 0x1a, 0x69, 0x1a, 0x69, 0x1a, 0x69, 0x1a, 0x69, 0x1a, 0x69, 0x1a, 0x69, 0x1a, 0x69, 0x1a, 
0x69, 0x1a, 0x69, 0x1a, 0x69, 0x1a, 0x69, 0x1a, 0x69, 0x1a, 0x69, 0x1a, 0x69, 0x1a, 0x69, 0x1a, 0x69, 0x1a, 0x69, 0x1a, 0x69, 0x1a, 0x69, 0x1a, 
0x69, 0x1a, 0x69, 0x1a, 0x69, 0x1a, 0x69, 0x1a, 0x69, 0x1a, 0x69, 0x1a, 0x69, 0x1a, 0x69, 0x1a, 0x69, 0x1a, 0x69, 0x1a, 0x69, 0x1a, 0x69, 0x1a, 
0x69, 0x1a, 0x69, 0x1a, 0x69, 0x1a, 0x69, 0x1a, 0x69, 0x1a, 0x69, 0x1a, 0x69, 0x1a, 0x69, 0x1a, 0x69, 0x1a, 0x63, 0x10, 0x63, 0x10, 0x63, 0x10, 
0x63, 0x10, 0x63, 0x10, 0x63, 0x10, 0x63, 0x10, 0x63, 0x10, 0x63, 0x10, 0x63, 0x10, 0x63, 0x10, 0x63, 0x10, 0x63, 0x10, 0x63, 0x10, 0x63, 0x10, 
0x63, 0x10, 0x63, 0x10, 0x63, 0x10, 0x63, 0x10, 0x63, 0x10, 0x63, 0x10, 0x63, 0x10, 0x63, 0x10, 0x63, 0x10, 0x63, 0x10, 0x63, 0x10, 0x63, 0x10, 
0x63, 0x10, 0x63, 0x10, 0x63, 0x10, 0x63, 0x10, 0x63, 0x10, 0x63, 0x10, 0x63, 0x10, 0x63, 0x10, 0x63, 0x10, 0x63, 0x10, 0x63, 0x10, 0x63, 0x10, 
0x63, 0x10, 0x69, 0x1a, 0x69, 0x1a, 0x69, 0x1a, 0x69, 0x1a, 0x69, 0x1a, 0x69, 0x1a, 0x69, 0x1a, 0x69, 0x1a, 0x69, 0x1a, 0x69, 0x1a, 0x69, 0x1a, 
0x69, 0x1a, 0x69, 0x1a, 0x69, 0x1a, 0x69, 0x1a, 0x69, 0x1a, 0x69, 0x1a, 0x69, 0x1a, 0x69, 0x1a, 0x69, 0x1a, 0x69, 0x1a, 0x69, 0x1a, 0x69, 0x1a, 
0x69, 0x1a, 0x69, 0x1a, 0x69, 0x1a, 0x69, 0x1a, 0x69, 0x1a, 0x69, 0x1a, 0x69, 0x1a, 0x69, 0x1a, 0x69, 0x1a, 0x69, 0x1a, 0x69, 0x1a, 0x69, 0x1a, 
0x69, 0x1a, 0x69, 0x1a, 0x69, 0x1a, 0x69, 0x1a, 0x69, 0x1a, 0x69, 0x1a, 0x69, 0x1a, 0x69, 0x1a, 0x69, 0x1a, 0x69, 0x1a, 0x69, 0x1a, 0x69, 0x1a, 
0x69, 0x1a, 0x69, 0x1a, 0x69, 0x1a, 0x69, 0x1a, 0x69, 0x1a, 0x69, 0x1a, 0x69, 0x1a, 0x69, 0x1a, 0x69, 0x1a, 0x69, 0x1a, 0x69, 0x1a, 0x69, 0x1a, 
0x69, 0x1a, 0x69, 0x1a, 0x69, 0x1a, 0x69, 0x1a, 0x69, 0x1a, 0x69, 0x1a, 0x69, 0x1a, 0x69, 0x1a, 0x69, 0x1a, 0x69, 0x1a, 0x69, 0x1a, 0x69, 0x1a, 
0x63, 0x10, 0x63, 0x10, 0x63, 0x10, 0x63, 0x10, 0x63, 0x10, 0x63, 0x10, 0x63, 0x10, 0x63, 0x10, 0x63, 0x10, 0x63, 0x10, 0x63, 0x10, 0x63, 0x10, 
0x63, 0x10, 0x63, 0x10, 0x63, 0x10, 0x63, 0x10, 0x63, 0x10, 0x63, 0x10, 0x63, 0x10, 0x63, 0x10, 0x63, 0x10, 0x63, 0x10, 0x63, 0x10, 0x63, 0x10, 
0x63, 0x10, 0x63, 0x10, 0x63, 0x10, 0x63, 0x10, 0x63, 0x10, 0x63, 0x10, 0x63, 0x10, 0x63, 0x10, 0x63, 0x10, 0x63, 0x10, 0x63, 0x10, 0x63, 0x10, 
0x63, 0x10, 0x63, 0x10, 0x63, 0x10, 0x63, 0x10, 0x63, 0x10, 0x63, 0x10, 0x69, 0x1a, 0x69, 0x1a, 0x69, 0x1a, 0x69, 0x1a, 0x69, 0x1a, 0x69, 0x1a, 
0x69, 0x1a, 0x69, 0x1a, 0x69, 0x1a, 0x69, 0x1a, 0x69, 0x1a, 0x69, 0x1a, 0x69, 0x1a, 0x69, 0x1a, 0x69, 0x1a, 0x69, 0x1a, 0x69, 0x1a, 0x69, 0x1a, 
0x69, 0x1a, 0x69, 0x1a, 0x69, 0x1a, 0x69, 0x1a, 0x69, 0x1a, 0x69, 0x1a, 0x69, 0x1a, 0x69, 0x1a, 0x69, 0x1a, 0x69, 0x1a, 0x69, 0x1a, 0x69, 0x1a, 
0x69, 0x1a, 0x69, 0x1a, 0x69, 0x1a, 0x69, 0x1a, 0x69, 0x1a, 0x69, 0x1a, 0x69, 0x1a, 0x69, 0x1a, 0x69, 0x1a, 0x69, 0x1a, 0x69, 0x1a, 0x69, 0x1a, 
0x69, 0x1a, 0x69, 0x1a, 0x69, 0x1a, 0x69, 0x1a, 0x69, 0x1a, 0x69, 0x1a, 0x69, 0x1a, 0x69, 0x1a, 0x69, 0x1a, 0x69, 0x1a, 0x69, 0x1a, 0x69, 0x1a, 
0x69, 0x1a, 0x69, 0x1a, 0x69, 0x1a, 0x69, 0x1a, 0x69, 0x1a, 0x69, 0x1a, 0x69, 0x1a, 0x69, 0x1a, 0x69, 0x1a, 0x69, 0x1a, 0x69, 0x1a, 0x69, 0x1a, 
0x69, 0x1a, 0x69, 0x1a, 0x69, 0x1a, 0x63, 0x10, 0x63, 0x10, 0x63, 0x10, 0x63, 0x10, 0x63, 0x10, 0x63, 0x10, 0x63, 0x10, 0x63, 0x10, 0x63, 0x10, 
0x63, 0x10, 0x63, 0x10, 0x63, 0x10, 0x63, 0x10, 0x63, 0x10, 0x63, 0x10, 0x63, 0x10, 0x63, 0x10, 0x63, 0x10, 0x63, 0x10, 0x63, 0x10, 0x63, 0x10, 
0x63, 0x10, 0x63, 0x10, 0x63, 0x10, 0x63, 0x10, 0x63, 0x10, 0x63, 0x10, 0x63, 0x10, 0x63, 0x10, 0x63, 0x10, 0x63, 0x10, 0x63, 0x10, 0x63, 0x10, 
0x63, 0x10, 0x63, 0x10, 0x63, 0x10, 0x63, 0x10, 0x63, 0x10, 0x63, 0x10, 0x63, 0x10, 0x63, 0x10, 0x63, 0x10, 0x63, 0x10, 0x63, 0x10, 0x69, 0x1a, 
0x69, 0x1a, 0x69, 0x1a, 0x69, 0x1a, 0x69, 0x1a, 0x69, 0x1a, 0x69, 0x1a, 0x69, 0x1a, 0x69, 0x1a, 0x69, 0x1a, 0x69, 0x1a, 0x69, 0x1a, 0x69, 0x1a, 
0x69, 0x1a, 0x69, 0x1a, 0x69, 0x1a, 0x69, 0x1a, 0x69, 0x1a, 0x69, 0x1a, 0x69, 0x1a, 0x69, 0x1a, 0x69, 0x1a, 0x69, 0x1a, 0x69, 0x1a, 0x69, 0x1a, 
0x69, 0x1a, 0x69, 0x1a, 0x69, 0x1a, 0x69, 0x1a, 0x69, 0x1a, 0x69, 0x1a, 0x69, 0x1a, 0x69, 0x1a, 0x69, 0x1a, 0x69, 0x1a, 0x69, 0x1a, 0x69, 0x1a, 
0x69, 0x1a, 0x69, 0x1a, 0x69, 0x1a, 0x69, 0x1a, 0x69, 0x1a, 0x69, 0x1a, 0x69, 0x1a, 0x69, 0x1a, 0x69, 0x1a, 0x69, 0x1a, 0x69, 0x1a, 0x69, 0x1a, 
0x69, 0x1a, 0x69, 0x1a, 0x69, 0x1a, 0x69, 0x1a, 0x69, 0x1a, 0x69, 0x1a, 0x69, 0x1a, 0x69, 0x1a, 0x69, 0x1a, 0x69, 0x1a, 0x69, 0x1a, 0x69, 0x1a, 
0x69, 0x1a, 0x69, 0x1a, 0x69, 0x1a, 0x69, 0x1a, 0x69, 0x1a, 0x69, 0x1a, 0x63, 0x10, 0x63, 0x10, 0x63, 0x10, 0x63, 0x10, 0x63, 0x10, 0x63, 0x10, 
0x63, 0x10, 0x63, 0x10, 0x63, 0x10, 0x63, 0x10, 0x63, 0x10, 0x63, 0x10, 0x63, 0x10, 0x63, 0x10, 0x63, 0x10, 0x63, 0x10, 0x63, 0x10, 0x63, 0x10, 
0x63, 0x10, 0x63, 0x10, 0x63, 0x10, 0x63, 0x10, 0x63, 0x10, 0x63, 0x10, 0x63, 0x10, 0x63, 0x10, 0x63, 0x10, 0x63, 0x10, 0x63, 0x10, 0x63, 0x10, 
0x63, 0x10, 0x63, 0x10, 0x63, 0x10, 0x63, 0x10, 0x63, 0x10, 0x63, 0x10, 0x63, 0x10, 0x63, 0x10, 0x63, 0x10, 0x63, 0x10, 0x63, 0x10, 0x63, 0x10, 
0x63, 0x10, 0x63, 0x10, 0x63, 0x10, 0x63, 0x10, 0x69, 0x1a, 0x69, 0x1a, 0x69, 0x1a, 0x69, 0x1a, 0x69, 0x1a, 0x69, 0x1a, 0x69, 0x1a, 0x69, 0x1a, 
0x69, 0x1a, 0x69, 0x1a, 0x69, 0x1a, 0x69, 0x1a, 0x69, 0x1a, 0x69, 0x1a, 0x69, 0x1a, 0x69, 0x1a, 0x69, 0x1a, 0x69, 0x1a, 0x69, 0x1a, 0x69, 0x1a, 
0x69, 0x1a, 0x69, 0x1a, 0x69, 0x1a, 0x69, 0x1a, 0x69, 0x1a, 0x69, 0x1a, 0x69, 0x1a, 0x69, 0x1a, 0x69, 0x1a, 0x69, 0x1a, 0x69, 0x1a, 0x69, 0x1a, 
0x69, 0x1a, 0x69, 0x1a, 0x69, 0x1a, 0x69, 0x1a, 0x69, 0x1a, 0x69, 0x1a, 0x69, 0x1a, 0x69, 0x1a, 0x69, 0x1a, 0x69, 0x1a, 0x69, 0x1a, 0x69, 0x1a, 
0x69, 0x1a, 0x69, 0x1a, 0x69, 0x1a, 0x69, 0x1a, 0x69, 0x1a, 0x69, 0x1a, 0x69, 0x1a, 0x69, 0x1a, 0x69, 0x1a, 0x69, 0x1a, 0x69, 0x1a, 0x69, 0x1a, 
0x69, 0x1a, 0x69, 0x1a, 0x69, 0x1a, 0x69, 0x1a, 0x69, 0x1a, 0x69, 0x1a, 0x69, 0x1a, 0x69, 0x1a, 0x69, 0x1a, 0x63, 0x10, 0x63, 0x10, 0x63, 0x10, 
0x63, 0x10, 0x63, 0x10, 0x63, 0x10, 0x63, 0x10, 0x63, 0x10, 0x63, 0x10, 0x63, 0x10, 0x63, 0x10, 0x63, 0x10, 0x63, 0x10, 0x63, 0x10, 0x63, 0x10, 
0x63, 0x10, 0x63, 0x10, 0x63, 0x10, 0x63, 0x10, 0x63, 0x10, 0x63, 0x10, 0x63, 0x10, 0x63, 0x10, 0x63, 0x10, 0x63, 0x10, 0x63, 0x10, 0x63, 0x10, 
0x63, 0x10, 0x63, 0x10, 0x63, 0x10, 0x63, 0x10, 0x63, 0x10, 0x63, 0x10, 0x63, 0x10, 0x63, 0x10, 0x63, 0x10, 0x63, 0x10, 0x63, 0x10, 0x63, 0x10, 
0x63, 0x10, 0x63, 0x10, 0x63, 0x10, 0x63, 0x10, 0x63, 0x10, 0x63, 0x10, 0x63, 0x10, 0x63, 0x10, 0x63, 0x10, 0x69, 0x1a, 0x69, 0x1a, 0x69, 0x1a, 
0x69, 0x1a, 0x69, 0x1a, 0x69, 0x1a, 0x69, 0x1a, 0x69, 0x1a, 0x69, 0x1a, 0x69, 0x1a, 0x69, 0x1a, 0x69, 0x1a, 0x69, 0x1a, 0x69, 0x1a, 0x69, 0x1a, 
0x69, 0x1a, 0x69, 0x1a, 0x69, 0x1a, 0x69, 0x1a, 0x69, 0x1a, 0x69, 0x1a, 0x69, 0x1a, 0x69, 0x1a, 0x69, 0x1a, 0x69, 0x1a, 0x69, 0x1a, 0x69, 0x1a, 
0x69, 0x1a, 0x69, 0x1a, 0x69, 0x1a, 0x69, 0x1a, 0x69, 0x1a, 0x69, 0x1a, 0x69, 0x1a, 0x69, 0x1a, 0x69, 0x1a, 0x69, 0x1a, 0x69, 0x1a, 0x69, 0x1a, 
0x69, 0x1a, 0x69, 0x1a, 0x69, 0x1a, 0x69, 0x1a, 0x69, 0x1a, 0x69, 0x1a, 0x69, 0x1a, 0x69, 0x1a, 0x69, 0x1a, 0x69, 0x1a, 0x69, 0x1a, 0x69, 0x1a, 
0x69, 0x1a, 0x69, 0x1a, 0x69, 0x1a, 0x69, 0x1a, 0x69, 0x1a, 0x69, 0x1a, 0x69, 0x1a, 0x69, 0x1a, 0x69, 0x1a, 0x69, 0x1a, 0x69, 0x1a, 0x69, 0x1a, 
0x63, 0x10, 0x63, 0x10, 0x63, 0x10, 0x63, 0x10, 0x63, 0x10, 0x63, 0x10, 0x63, 0x10, 0x63, 0x10, 0x63, 0x10, 0x63, 0x10, 0x63, 0x10, 0x63, 0x10, 
0x63, 0x10, 0x63, 0x10, 0x63, 0x10, 0x63, 0x10, 0x63, 0x10, 0x63, 0x10, 0x63, 0x10, 0x63, 0x10, 0x63, 0x10, 0x63, 0x10, 0x63, 0x10, 0x63, 0x10, 
0x63, 0x10, 0x63, 0x10, 0x63, 0x10, 0x63, 0x10, 0x63, 0x10, 0x63, 0x10, 0x63, 0x10, 0x63, 0x10, 0x63, 0x10, 0x63, 0x10, 0x63, 0x10, 0x63, 0x10, 
0x63, 0x10, 0x63, 0x10, 0x63, 0x10, 0x63, 0x10, 0x63, 0x10, 0x63, 0x10, 0x63, 0x10, 0x63, 0x10, 0x63, 0x10, 0x63, 0x10, 0x63, 0x10, 0x63, 0x10, 
0x63, 0x10, 0x63, 0x10, 0x69, 0x1a, 0x69, 0x1a, 0x69, 0x1a, 0x69, 0x1a, 0x69, 0x1a, 0x69, 0x1a, 0x69, 0x1a, 0x69, 0x1a, 0x69, 0x1a, 0x69, 0x1a, 
0x69, 0x1a, 0x69, 0x1a, 0x69, 0x1a, 0x69, 0x1a, 0x69, 0x1a, 0x69, 0x1a, 0x69, 0x1a, 0x69, 0x1a, 0x69, 0x1a, 0x69, 0x1a, 0x69, 0x1a, 0x69, 0x1a, 
0x69, 0x1a, 0x69, 0x1a, 0x69, 0x1a, 0x69, 0x1a, 0x69, 0x1a, 0x69, 0x1a, 0x69, 0x1a, 0x69, 0x1a, 0x69, 0x1a, 0x69, 0x1a, 0x69, 0x1a, 0x69, 0x1a, 
0x69, 0x1a, 0x69, 0x1a, 0x69, 0x1a, 0x69, 0x1a, 0x69, 0x1a, 0x69, 0x1a, 0x69, 0x1a, 0x69, 0x1a, 0x69, 0x1a, 0x69, 0x1a, 0x69, 0x1a, 0x69, 0x1a, 
0x69, 0x1a, 0x69, 0x1a, 0x69, 0x1a, 0x69, 0x1a, 0x69, 0x1a, 0x69, 0x1a, 0x69, 0x1a, 0x69, 0x1a, 0x69, 0x1a, 0x69, 0x1a, 0x69, 0x1a, 0x69, 0x1a, 
0x69, 0x1a, 0x69, 0x1a, 0x69, 0x1a, 0x63, 0x10, 0x63, 0x10, 0x63, 0x10, 0x63, 0x10, 0x63, 0x10, 0x63, 0x10, 0x63, 0x10, 0x63, 0x10, 0x63, 0x10, 
0x63, 0x10, 0x63, 0x10, 0x63, 0x10, 0x63, 0x10, 0x63, 0x10, 0x63, 0x10, 0x63, 0x10, 0x63, 0x10, 0x63, 0x10, 0x63, 0x10, 0x63, 0x10, 0x63, 0x10, 
0x63, 0x10, 0x63, 0x10, 0x63, 0x10, 0x63, 0x10, 0x63, 0x10, 0x63, 0x10, 0x63, 0x10, 0x63, 0x10, 0x63, 0x10, 0x63, 0x10, 0x63, 0x10, 0x63, 0x10, 
0x63, 0x10, 0x63, 0x10, 0x63, 0x10, 0x63, 0x10, 0x63, 0x10, 0x63, 0x10, 0x63, 0x10, 0x63, 0x10, 0x63, 0x10, 0x63, 0x10, 0x63, 0x10, 0x63, 0x10, 
0x63, 0x10, 0x63, 0x10, 0x63, 0x10, 0x63, 0x10, 0x63, 0x10, 0x63, 0x10, 0x63, 0x10, 0x63, 0x10, 0x69, 0x1a, 0x69, 0x1a, 0x69, 0x1a, 0x69, 0x1a, 
0x69, 0x1a, 0x69, 0x1a, 0x69, 0x1a, 0x69, 0x1a, 0x69, 0x1a, 0x69, 0x1a, 0x69, 0x1a, 0x69, 0x1a, 0x69, 0x1a, 0x69, 0x1a, 0x69, 0x1a, 0x69, 0x1a, 
0x69, 0x1a, 0x69, 0x1a, 0x69, 0x1a, 0x69, 0x1a, 0x69, 0x1a, 0x69, 0x1a, 0x69, 0x1a, 0x69, 0x1a, 0x69, 0x1a, 0x69, 0x1a, 0x69, 0x1a, 0x69, 0x1a, 
0x69, 0x1a, 0x69, 0x1a, 0x69, 0x1a, 0x69, 0x1a, 0x69, 0x1a, 0x69, 0x1a, 0x69, 0x1a, 0x69, 0x1a, 0x69, 0x1a, 0x69, 0x1a, 0x69, 0x1a, 0x69, 0x1a, 
0x69, 0x1a, 0x69, 0x1a, 0x69, 0x1a, 0x69, 0x1a, 0x69, 0x1a, 0x69, 0x1a, 0x69, 0x1a, 0x69, 0x1a, 0x69, 0x1a, 0x69, 0x1a, 0x69, 0x1a, 0x69, 0x1a, 
0x69, 0x1a, 0x69, 0x1a, 0x69, 0x1a, 0x69, 0x1a, 0x69, 0x1a, 0x63, 0x10, 0x63, 0x10, 0x63, 0x10, 0x63, 0x10, 0x63, 0x10, 0x63, 0x10, 0x63, 0x10, 
0x63, 0x10, 0x63, 0x10, 0x63, 0x10, 0x63, 0x10, 0x63, 0x10, 0x63, 0x10, 0x63, 0x10, 0x63, 0x10, 0x63, 0x10, 0x63, 0x10, 0x63, 0x10, 0x63, 0x10, 
0x63, 0x10, 0x63, 0x10, 0x63, 0x10, 0x63, 0x10, 0x63, 0x10, 0x63, 0x10, 0x63, 0x10, 0x63, 0x10, 0x63, 0x10, 0x63, 0x10, 0x63, 0x10, 0x63, 0x10, 
0x63, 0x10, 0x63, 0x10, 0x63, 0x10, 0x63, 0x10, 0x63, 0x10, 0x63, 0x10, 0x63, 0x10, 0x63, 0x10, 0x63, 0x10, 0x63, 0x10, 0x63, 0x10, 0x63, 0x10, 
0x63, 0x10, 0x63, 0x10, 0x63, 0x10, 0x63, 0x10, 0x63, 0x10, 0x63, 0x10, 0x63, 0x10, 0x63, 0x10, 0x63, 0x10, 0x63, 0x10, 0x63, 0x10, 0x63, 0x10, 
0x63, 0x10, 0x69, 0x1a, 0x69, 0x1a, 0x69, 0x1a, 0x69, 0x1a, 0x69, 0x1a, 0x69, 0x1a, 0x69, 0x1a, 0x69, 0x1a, 0x69, 0x1a, 0x69, 0x1a, 0x69, 0x1a, 
0x69, 0x1a, 0x69, 0x1a, 0x69, 0x1a, 0x69, 0x1a, 0x69, 0x1a, 0x69, 0x1a, 0x69, 0x1a, 0x69, 0x1a, 0x69, 0x1a, 0x69, 0x1a, 0x69, 0x1a, 0x69, 0x1a, 
0x69, 0x1a, 0x69, 0x1a, 0x69, 0x1a, 0x69, 0x1a, 0x69, 0x1a, 0x69, 0x1a, 0x69, 0x1a, 0x69, 0x1a, 0x69, 0x1a, 0x69, 0x1a, 0x69, 0x1a, 0x69, 0x1a, 
0x69, 0x1a, 0x69, 0x1a, 0x69, 0x1a, 0x69, 0x1a, 0x69, 0x1a, 0x69, 0x1a, 0x69, 0x1a, 0x69, 0x1a, 0x69, 0x1a, 0x69, 0x1a, 0x69, 0x1a, 0x69, 0x1a, 
0x69, 0x1a, 0x69, 0x1a, 0x69, 0x1a, 0x69, 0x1a, 0x69, 0x1a, 0x69, 0x1a, 0x69, 0x1a, 0x69, 0x1a, 0x63, 0x10, 0x63, 0x10, 0x63, 0x10, 0x63, 0x10, 
0x63, 0x10, 0x63, 0x10, 0x63, 0x10, 0x63, 0x10, 0x63, 0x10, 0x63, 0x10, 0x63, 0x10, 0x63, 0x10, 0x63, 0x10, 0x63, 0x10, 0x63, 0x10, 0x63, 0x10, 
0x63, 0x10, 0x63, 0x10, 0x63, 0x10, 0x63, 0x10, 0x63, 0x10, 0x63, 0x10, 0x63, 0x10, 0x63, 0x10, 0x63, 0x10, 0x63, 0x10, 0x63, 0x10, 0x63, 0x10, 
0x63, 0x10, 0x63, 0x10, 0x63, 0x10, 0x63, 0x10, 0x63, 0x10, 0x63, 0x10, 0x63, 0x10, 0x63, 0x10, 0x63, 0x10, 0x63, 0x10, 0x63, 0x10, 0x63, 0x10, 
0x63, 0x10, 0x63, 0x10, 0x63, 0x10, 0x63, 0x10, 0x63, 0x10, 0x63, 0x10, 0x63, 0x10, 0x63, 0x10, 0x63, 0x10, 0x63, 0x10, 0x63, 0x10, 0x63, 0x10, 
0x63, 0x10, 0x63, 0x10, 0x63, 0x10, 0x63, 0x10, 0x63, 0x10, 0x63, 0x10, 0x63, 0x10, 0x69, 0x1a, 0x69, 0x1a, 0x69, 0x1a, 0x69, 0x1a, 0x69, 0x1a, 
0x69, 0x1a, 0x69, 0x1a, 0x69, 0x1a, 0x69, 0x1a, 0x69, 0x1a, 0x69, 0x1a, 0x69, 0x1a, 0x69, 0x1a, 0x69, 0x1a, 0x69, 0x1a, 0x69, 0x1a, 0x69, 0x1a, 
0x69, 0x1a, 0x69, 0x1a, 0x69, 0x1a, 0x69, 0x1a, 0x69, 0x1a, 0x69, 0x1a, 0x69, 0x1a, 0x69, 0x1a, 0x69, 0x1a, 0x69, 0x1a, 0x69, 0x1a, 0x69, 0x1a, 
0x69, 0x1a, 0x69, 0x1a, 0x69, 0x1a, 0x69, 0x1a, 0x69, 0x1a, 0x69, 0x1a, 0x69, 0x1a, 0x69, 0x1a, 0x69, 0x1a, 0x69, 0x1a, 0x69, 0x1a, 0x69, 0x1a, 
0x69, 0x1a, 0x69, 0x1a, 0x69, 0x1a, 0x69, 0x1a, 0x69, 0x1a, 0x69, 0x1a, 0x69, 0x1a, 0x69, 0x1a, 0x69, 0x1a, 0x69, 0x1a, 0x63, 0x10, 0x63, 0x10, 
0x63, 0x10, 0x63, 0x10, 0x63, 0x10, 0x63, 0x10, 0x63, 0x10, 0x63, 0x10, 0x63, 0x10, 0x63, 0x10, 0x63, 0x10, 0x63, 0x10, 0x63, 0x10, 0x63, 0x10, 
0x63, 0x10, 0x63, 0x10, 0x63, 0x10, 0x63, 0x10, 0x63, 0x10, 0x63, 0x10, 0x63, 0x10, 0x63, 0x10, 0x63, 0x10, 0x63, 0x10, 0x63, 0x10, 0x63, 0x10, 
0x63, 0x10, 0x63, 0x10, 0x63, 0x10, 0x63, 0x10, 0x63, 0x10, 0x63, 0x10, 0x63, 0x10, 0x63, 0x10, 0x63, 0x10, 0x63, 0x10, 0x63, 0x10, 0x63, 0x10, 
0x63, 0x10, 0x63, 0x10, 0x63, 0x10, 0x63, 0x10, 0x63, 0x10, 0x63, 0x10, 0x63, 0x10, 0x63, 0x10, 0x63, 0x10, 0x63, 0x10, 0x63, 0x10, 0x63, 0x10, 
0x63, 0x10, 0x63, 0x10, 0x63, 0x10, 0x63, 0x10, 0x63, 0x10, 0x63, 0x10, 0x63, 0x10, 0x63, 0x10, 0x63, 0x10, 0x63, 0x10, 0x63, 0x10, 0x63, 0x10, 
0x63, 0x10, 0x69, 0x1a, 0x69, 0x1a, 0x69, 0x1a, 0x69, 0x1a, 0x69, 0x1a, 0x69, 0x1a, 0x69, 0x1a, 0x69, 0x1a, 0x69, 0x1a, 0x69, 0x1a, 0x69, 0x1a, 
0x69, 0x1a, 0x69, 0x1a, 0x69, 0x1a, 0x69, 0x1a, 0x69, 0x1a, 0x69, 0x1a, 0x69, 0x1a, 0x69, 0x1a, 0x69, 0x1a, 0x69, 0x1a, 0x69, 0x1a, 0x69, 0x1a, 
0x69, 0x1a, 0x69, 0x1a, 0x69, 0x1a, 0x69, 0x1a, 0x69, 0x1a, 0x69, 0x1a, 0x69, 0x1a, 0x69, 0x1a, 0x69, 0x1a, 0x69, 0x1a, 0x69, 0x1a, 0x69, 0x1a, 
0x69, 0x1a, 0x69, 0x1a, 0x69, 0x1a, 0x69, 0x1a, 0x69, 0x1a, 0x69, 0x1a, 0x69, 0x1a, 0x69, 0x1a, 0x69, 0x1a, 0x69, 0x1a, 0x69, 0x1a, 0x69, 0x1a, 
0x63, 0x10, 0x63, 0x10, 0x63, 0x10, 0x63, 0x10, 0x63, 0x10, 0x63, 0x10, 0x63, 0x10, 0x63, 0x10, 0x63, 0x10, 0x63, 0x10, 0x63, 0x10, 0x63, 0x10, 
0x63, 0x10, 0x63, 0x10, 0x63, 0x10, 0x63, 0x10, 0x63, 0x10, 0x63, 0x10, 0x63, 0x10, 0x63, 0x10, 0x63, 0x10, 0x63, 0x10, 0x63, 0x10, 0x63, 0x10, 
0x63, 0x10, 0x63, 0x10, 0x63, 0x10, 0x63, 0x10, 0x63, 0x10, 0x63, 0x10, 0x63, 0x10, 0x63, 0x10, 0x63, 0x10, 0x63, 0x10, 0x63, 0x10, 0x63, 0x10, 
0x63, 0x10, 0x63, 0x10, 0x63, 0x10, 0x63, 0x10, 0x63, 0x10, 0x63, 0x10, 0x63, 0x10, 0x63, 0x10, 0x63, 0x10, 0x63, 0x10, 0x63, 0x10, 0x63, 0x10, 
0x63, 0x10, 0x63, 0x10, 0x63, 0x10, 0x63, 0x10, 0x63, 0x10, 0x63, 0x10, 0x63, 0x10, 0x63, 0x10, 0x63, 0x10, 0x63, 0x10, 0x63, 0x10, 0x63, 0x10, 
0x63, 0x10, 0x63, 0x10, 0x63, 0x10, 0x63, 0x10, 0x63, 0x10, 0x63, 0x10, 0x63, 0x10, 0x69, 0x1a, 0x69, 0x1a, 0x69, 0x1a, 0x69, 0x1a, 0x69, 0x1a, 
0x69, 0x1a, 0x69, 0x1a, 0x69, 0x1a, 0x69, 0x1a, 0x69, 0x1a, 0x69, 0x1a, 0x69, 0x1a, 0x69, 0x1a, 0x69, 0x1a, 0x69, 0x1a, 0x69, 0x1a, 0x69, 0x1a, 
0x69, 0x1a, 0x69, 0x1a, 0x69, 0x1a, 0x69, 0x1a, 0x69, 0x1a, 0x69, 0x1a, 0x69, 0x1a, 0x69, 0x1a, 0x69, 0x1a, 0x69, 0x1a, 0x69, 0x1a, 0x69, 0x1a, 
0x69, 0x1a, 0x69, 0x1a, 0x69, 0x1a, 0x69, 0x1a, 0x69, 0x1a, 0x69, 0x1a, 0x69, 0x1a, 0x69, 0x1a, 0x69, 0x1a, 0x69, 0x1a, 0x69, 0x1a, 0x69, 0x1a, 
0x69, 0x1a, 0x69, 0x1a, 0x63, 0x10, 0x63, 0x10, 0x63, 0x10, 0x63, 0x10, 0x63, 0x10, 0x63, 0x10, 0x63, 0x10, 0x63, 0x10, 0x63, 0x10, 0x63, 0x10, 
0x63, 0x10, 0x63, 0x10, 0x63, 0x10, 0x63, 0x10, 0x63, 0x10, 0x63, 0x10, 0x63, 0x10, 0x63, 0x10, 0x63, 0x10, 0x63, 0x10, 0x63, 0x10, 0x63, 0x10, 
0x63, 0x10, 0x63, 0x10, 0x63, 0x10, 0x63, 0x10, 0x63, 0x10, 0x63, 0x10, 0x63, 0x10, 0x63, 0x10, 0x63, 0x10, 0x63, 0x10, 0x63, 0x10, 0x63, 0x10, 
0x63, 0x10, 0x63, 0x10, 0x63, 0x10, 0x63, 0x10, 0x63, 0x10, 0x63, 0x10, 0x63, 0x10, 0x63, 0x10, 0x63, 0x10, 0x63, 0x10, 0x63, 0x10, 0x63, 0x10, 
0x63, 0x10, 0x63, 0x10, 0x63, 0x10, 0x63, 0x10, 0x63, 0x10, 0x63, 0x10, 0x63, 0x10, 0x63, 0x10, 0x63, 0x10, 0x63, 0x10, 0x63, 0x10, 0x63, 0x10, 
0x63, 0x10, 0x63, 0x10, 0x63, 0x10, 0x63, 0x10, 0x63, 0x10, 0x63, 0x10, 0x63, 0x10, 0x63, 0x10, 0x63, 0x10, 0x63, 0x10, 0x63, 0x10, 0x63, 0x10, 
0x63, 0x10, 0x69, 0x1a, 0x69, 0x1a, 0x69, 0x1a, 0x69, 0x1a, 0x69, 0x1a, 0x69, 0x1a, 0x69, 0x1a, 0x69, 0x1a, 0x69, 0x1a, 0x69, 0x1a, 0x69, 0x1a, 
0x69, 0x1a, 0x69, 0x1a, 0x69, 0x1a, 0x69, 0x1a, 0x69, 0x1a, 0x69, 0x1a, 0x69, 0x1a, 0x69, 0x1a, 0x69, 0x1a, 0x69, 0x1a, 0x69, 0x1a, 0x69, 0x1a, 
0x69, 0x1a, 0x69, 0x1a, 0x69, 0x1a, 0x69, 0x1a, 0x69, 0x1a, 0x69, 0x1a, 0x69, 0x1a, 0x69, 0x1a, 0x69, 0x1a, 0x69, 0x1a, 0x69, 0x1a, 0x69, 0x1a, 
0x69, 0x1a, 0x69, 0x1a, 0x69, 0x1a, 0x69, 0x1a, 0x63, 0x10, 0x63, 0x10, 0x63, 0x10, 0x63, 0x10, 0x63, 0x10, 0x63, 0x10, 0x63, 0x10, 0x63, 0x10, 
0x63, 0x10, 0x63, 0x10, 0x63, 0x10, 0x63, 0x10, 0x63, 0x10, 0x63, 0x10, 0x63, 0x10, 0x63, 0x10, 0x63, 0x10, 0x63, 0x10, 0x63, 0x10, 0x63, 0x10, 
0x63, 0x10, 0x63, 0x10, 0x63, 0x10, 0x63, 0x10, 0x63, 0x10, 0x63, 0x10, 0x63, 0x10, 0x63, 0x10, 0x63, 0x10, 0x63, 0x10, 0x63, 0x10, 0x63, 0x10, 
0x63, 0x10, 0x63, 0x10, 0x63, 0x10, 0x63, 0x10, 0x63, 0x10, 0x63, 0x10, 0x63, 0x10, 0x63, 0x10, 0x63, 0x10, 0x63, 0x10, 0x63, 0x10, 0x63, 0x10, 
0x63, 0x10, 0x63, 0x10, 0x63, 0x10, 0x63, 0x10, 0x63, 0x10, 0x63, 0x10, 0x63, 0x10, 0x63, 0x10, 0x63, 0x10, 0x63, 0x10, 0x63, 0x10, 0x63, 0x10, 
0x63, 0x10, 0x63, 0x10, 0x63, 0x10, 0x63, 0x10, 0x63, 0x10, 0x63, 0x10, 0x63, 0x10, 0x63, 0x10, 0x63, 0x10, 0x63, 0x10, 0x63, 0x10, 0x63, 0x10, 
0x63, 0x10, 0x63, 0x10, 0x63, 0x10, 0x63, 0x10, 0x63, 0x10, 0x63, 0x10, 0x63, 0x10, 0x69, 0x1a, 0x69, 0x1a, 0x69, 0x1a, 0x69, 0x1a, 0x69, 0x1a, 
0x69, 0x1a, 0x69, 0x1a, 0x69, 0x1a, 0x69, 0x1a, 0x69, 0x1a, 0x69, 0x1a, 0x69, 0x1a, 0x69, 0x1a, 0x69, 0x1a, 0x69, 0x1a, 0x69, 0x1a, 0x69, 0x1a, 
0x69, 0x1a, 0x69, 0x1a, 0x69, 0x1a, 0x69, 0x1a, 0x69, 0x1a, 0x69, 0x1a, 0x69, 0x1a, 0x69, 0x1a, 0x69, 0x1a, 0x69, 0x1a, 0x69, 0x1a, 0x69, 0x1a, 
0x69, 0x1a, 0x69, 0x1a, 0x69, 0x1a, 0x69, 0x1a, 0x69, 0x1a, 0x69, 0x1a, 0x63, 0x10, 0x63, 0x10, 0x63, 0x10, 0x63, 0x10, 0x63, 0x10, 0x63, 0x10, 
0x63, 0x10, 0x63, 0x10, 0x63, 0x10, 0x63, 0x10, 0x63, 0x10, 0x63, 0x10, 0x63, 0x10, 0x63, 0x10, 0x63, 0x10, 0x63, 0x10, 0x63, 0x10, 0x63, 0x10, 
0x63, 0x10, 0x63, 0x10, 0x63, 0x10, 0x63, 0x10, 0x63, 0x10, 0x63, 0x10, 0x63, 0x10, 0x63, 0x10, 0x63, 0x10, 0x63, 0x10, 0x63, 0x10, 0x63, 0x10, 
0x63, 0x10, 0x63, 0x10, 0x63, 0x10, 0x63, 0x10, 0x63, 0x10, 0x63, 0x10, 0x63, 0x10, 0x63, 0x10, 0x63, 0x10, 0x63, 0x10, 0x63, 0x10, 0x63, 0x10, 
0x63, 0x10, 0x63, 0x10, 0x63, 0x10, 0x63, 0x10, 0x63, 0x10, 0x63, 0x10, 0x63, 0x10, 0x63, 0x10, 0x63, 0x10, 0x63, 0x10, 0x63, 0x10, 0x63, 0x10, 
0x63, 0x10, 0x63, 0x10, 0x63, 0x10, 0x63, 0x10, 0x63, 0x10, 0x63, 0x10, 0x63, 0x10, 0x63, 0x10, 0x63, 0x10, 0x63, 0x10, 0x63, 0x10, 0x63, 0x10, 
0x63, 0x10, 0x63, 0x10, 0x63, 0x10, 0x63, 0x10, 0x63, 0x10, 0x63, 0x10, 0x63, 0x10, 0x63, 0x10, 0x63, 0x10, 0x63, 0x10, 0x63, 0x10, 0x63, 0x10, 
0x63, 0x10, 0x63, 0x10, 0x69, 0x1a, 0x69, 0x1a, 0x69, 0x1a, 0x69, 0x1a, 0x69, 0x1a, 0x69, 0x1a, 0x69, 0x1a, 0x69, 0x1a, 0x69, 0x1a, 0x69, 0x1a, 
0x69, 0x1a, 0x69, 0x1a, 0x69, 0x1a, 0x69, 0x1a, 0x69, 0x1a, 0x69, 0x1a, 0x69, 0x1a, 0x69, 0x1a, 0x69, 0x1a, 0x69, 0x1a, 0x69, 0x1a, 0x69, 0x1a, 
0x69, 0x1a, 0x69, 0x1a, 0x69, 0x1a, 0x69, 0x1a, 0x69, 0x1a, 0x69, 0x1a, 0x69, 0x1a, 0x63, 0x10, 0x63, 0x10, 0x63, 0x10, 0x63, 0x10, 0x63, 0x10, 
0x63, 0x10, 0x63, 0x10, 0x63, 0x10, 0x63, 0x10, 0x63, 0x10, 0x63, 0x10, 0x63, 0x10, 0x63, 0x10, 0x63, 0x10, 0x63, 0x10, 0x63, 0x10, 0x63, 0x10, 
0x63, 0x10, 0x63, 0x10, 0x63, 0x10, 0x63, 0x10, 0x63, 0x10, 0x63, 0x10, 0x63, 0x10, 0x63, 0x10, 0x63, 0x10, 0x63, 0x10, 0x63, 0x10, 0x63, 0x10, 
0x63, 0x10, 0x63, 0x10, 0x63, 0x10, 0x63, 0x10, 0x63, 0x10, 0x63, 0x10, 0x63, 0x10, 0x63, 0x10, 0x63, 0x10, 0x63, 0x10, 0x63, 0x10, 0x63, 0x10, 
0x63, 0x10, 0x63, 0x10, 0x63, 0x10, 0x63, 0x10, 0x63, 0x10, 0x63, 0x10, 0x63, 0x10, 0x63, 0x10, 0x63, 0x10, 0x63, 0x10, 0x63, 0x10, 0x63, 0x10, 
0x63, 0x10, 0x63, 0x10, 0x63, 0x10, 0x63, 0x10, 0x63, 0x10, 0x63, 0x10, 0x63, 0x10, 0x63, 0x10, 0x63, 0x10, 0x63, 0x10, 0x63, 0x10, 0x63, 0x10, 
0x63, 0x10, 0x63, 0x10, 0x63, 0x10, 0x63, 0x10, 0x63, 0x10, 0x63, 0x10, 0x63, 0x10, 0x63, 0x10, 0x63, 0x10, 0x63, 0x10, 0x63, 0x10, 0x63, 0x10, 
0x63, 0x10, 0x63, 0x10, 0x63, 0x10, 0x63, 0x10, 0x63, 0x10, 0x63, 0x10, 0x63, 0x10, 0x63, 0x10, 0x63, 0x10, 0x63, 0x10, 0x63, 0x10, 0x69, 0x1a, 
0x69, 0x1a, 0x69, 0x1a, 0x69, 0x1a, 0x69, 0x1a, 0x69, 0x1a, 0x69, 0x1a, 0x69, 0x1a, 0x69, 0x1a, 0x69, 0x1a, 0x69, 0x1a, 0x69, 0x1a, 0x69, 0x1a, 
0x69, 0x1a, 0x69, 0x1a, 0x69, 0x1a, 0x69, 0x1a, 0x69, 0x1a, 0x69, 0x1a, 0x63, 0x10, 0x63, 0x10, 0x63, 0x10, 0x63, 0x10, 0x63, 0x10, 0x63, 0x10, 
0x63, 0x10, 0x63, 0x10, 0x63, 0x10, 0x63, 0x10, 0x63, 0x10, 0x63, 0x10, 0x63, 0x10, 0x63, 0x10, 0x63, 0x10, 0x63, 0x10, 0x63, 0x10, 0x63, 0x10, 
0x63, 0x10, 0x63, 0x10, 0x63, 0x10, 0x63, 0x10, 0x63, 0x10, 0x63, 0x10, 0x63, 0x10, 0x63, 0x10, 0x63, 0x10, 0x63, 0x10, 0x63, 0x10, 0x63, 0x10, 
0x63, 0x10, 0x63, 0x10, 0x63, 0x10, 0x63, 0x10, 0x63, 0x10, 0x63, 0x10, 0x63, 0x10, 0x63, 0x10, 0x63, 0x10, 0x63, 0x10, 0x63, 0x10, 0x63, 0x10, 
0x63, 0x10, 0x63, 0x10, 0x63, 0x10, 0x63, 0x10, 0x63, 0x10, 0x63, 0x10, 0x63, 0x10, 0x63, 0x10, 0x63, 0x10, 0x63, 0x10, 0x63, 0x10, 0x63, 0x10, 
0x63, 0x10, 0x63, 0x10, 0x63, 0x10, 0x63, 0x10, 0x63, 0x10, 0x63, 0x10, 0x63, 0x10, 0x63, 0x10, 0x63, 0x10, 0x63, 0x10, 0x63, 0x10, 0x63, 0x10, 
0x63, 0x10, 0x63, 0x10, 0x63, 0x10, 0x63, 0x10, 0x63, 0x10, 0x63, 0x10, 0x63, 0x10, 0x63, 0x10, 0x63, 0x10, 0x63, 0x10, 0x63, 0x10, 0x63, 0x10, 
0x63, 0x10, 0x63, 0x10, 0x63, 0x10, 0x63, 0x10, 0x63, 0x10, 0x63, 0x10, 0x63, 0x10, 0x63, 0x10, 0x63, 0x10, 0x63, 0x10, 0x63, 0x10, 0x63, 0x10, 
0x63, 0x10, 0x63, 0x10, 0x63, 0x10, 0x63, 0x10, 0x63, 0x10, 0x63, 0x10, 0x63, 0x10, 0x63, 0x10, 0x63, 0x10, 0x63, 0x10, 0x63, 0x10, 0x63, 0x10, 
0x69, 0x1a, 0x63, 0x10, 0x63, 0x10, 0x63, 0x10, 0x63, 0x10, 0x63, 0x10, 0x63, 0x10, 0x63, 0x10, 0x63, 0x10, 0x63, 0x10, 0x63, 0x10, 0x63, 0x10, 
0x63, 0x10, 0x63, 0x10, 0x63, 0x10, 0x63, 0x10, 0x63, 0x10, 0x63, 0x10, 0x63, 0x10, 0x63, 0x10, 0x63, 0x10, 0x63, 0x10, 0x63, 0x10, 0x63, 0x10, 
0x63, 0x10, 0x63, 0x10, 0x63, 0x10, 0x63, 0x10, 0x63, 0x10, 0x63, 0x10, 0x63, 0x10, 0x63, 0x10, 0x63, 0x10, 0x63, 0x10, 0x63, 0x10, 0x63, 0x10, 
0x63, 0x10, 0x63, 0x10, 0x63, 0x10, 0x63, 0x10, 0x63, 0x10, 0x63, 0x10, 0x63, 0x10, 0x63, 0x10, 0x63, 0x10, 0x63, 0x10, 0x63, 0x10, 0x63, 0x10, 
0x63, 0x10, 0x63, 0x10, 0x63, 0x10, 0x63, 0x10, 0x63, 0x10, 0x63, 0x10, 0x63, 0x10, 0x63, 0x10, 0x63, 0x10, 0x63, 0x10, 0x63, 0x10, 0x63, 0x10, 
0x63, 0x10, 0x63, 0x10, 0x63, 0x10, 0x63, 0x10, 0x63, 0x10, 0x63, 0x10, 0x63, 0x10, 0x63, 0x10, 0x63, 0x10, 0x63, 0x10, 0x63, 0x10, 0x63, 0x10, 
0x63, 0x10, 0x63, 0x10, 0x63, 0x10, 0x63, 0x10, 0x63, 0x10, 0x63, 0x10, 0x63, 0x10, 0x63, 0x10, 0x63, 0x10, 0x63, 0x10, 0x63, 0x10, 0x63, 0x10, 
0x63, 0x10, 0x63, 0x10, 0x63, 0x10, 0x63, 0x10, 0x63, 0x10, 0x63, 0x10, 0x63, 0x10, 0x63, 0x10, 0x63, 0x10, 0x63, 0x10, 0x63, 0x10, 0x63, 0x10, 
0x63, 0x10, 0x63, 0x10, 0x63, 0x10, 0x63, 0x10, 0x63, 0x10, 0x63, 0x10, 0x63, 0x10, 0x63, 0x10, 0x63, 0x10, 0x63, 0x10, 0x63, 0x10, 0x63, 0x10, 
0x63, 0x10, 0x63, 0x10, 0x63, 0x10, 0x63, 0x10, 0x63, 0x10, 0x63, 0x10, 0x63, 0x10, 0x63, 0x10, 0x63, 0x10, 0x63, 0x10, 0x63, 0x10, 0x63, 0x10, 
0x63, 0x10, 0x63, 0x10, 0x63, 0x10, 0x63, 0x10, 0x63, 0x10, 0x63, 0x10, 0x63, 0x10, 0x63, 0x10, 0x63, 0x10, 0x63, 0x10, 0x63, 0x10, 0x63, 0x10, 
0x63, 0x10, 0x63, 0x10, 0x63, 0x10, 0x63, 0x10, 0x63, 0x10, 0x63, 0x10, 0x63, 0x10, 0x63, 0x10, 0x63, 0x10, 0x63, 0x10, 0x63, 0x10, 0x63, 0x10, 
0x63, 0x10, 0x63, 0x10, 0x63, 0x10, 0x63, 0x10, 0x63, 0x10, 0x63, 0x10, 0x63, 0x10, 0x63, 0x10, 0x63, 0x10, 0x63, 0x10, 0x63, 0x10, 0x63, 0x10, 
0x63, 0x10, 0x63, 0x10, 0x63, 0x10, 0x63, 0x10, 0x63, 0x10, 0x63, 0x10, 0x63, 0x10, 0x63, 0x10, 0x63, 0x10, 0x63, 0x10, 0x63, 0x10, 0x63, 0x10, 
0x63, 0x10, 0x63, 0x10, 0x63, 0x10, 0x63, 0x10, 0x63, 0x10, 0x63, 0x10, 0x63, 0x10, 0x63, 0x10, 0x63, 0x10, 0x63, 0x10, 0x63, 0x10, 0x63, 0x10, 
0x63, 0x10, 0x63, 0x10, 0x63, 0x10, 0x63, 0x10, 0x63, 0x10, 0x63, 0x10, 0x63, 0x10, 0x63, 0x10, 0x63, 0x10, 0x63, 0x10, 0x63, 0x10, 0x63, 0x10, 
0x63, 0x10, 0x63, 0x10, 0x63, 0x10, 0x63, 0x10, 0x63, 0x10, 0x63, 0x10, 0x63, 0x10, 0x63, 0x10, 0x63, 0x10, 0x63, 0x10, 0x63, 0x10, 0x63, 0x10, 
0x63, 0x10, 0x63, 0x10, 0x63, 0x10, 0x63, 0x10, 0x63, 0x10, 0x63, 0x10, 0x63, 0x10, 0x63, 0x10, 0x63, 0x10, 0x63, 0x10, 0x63, 0x10, 0x63, 0x10, 
0x63, 0x10, 0x63, 0x10, 0x63, 0x10, 0x63, 0x10, 0x63, 0x10, 0x63, 0x10, 0x63, 0x10, 0x63, 0x10, 0x63, 0x10, 0x63, 0x10, 0x63, 0x10, 0x63, 0x10, 
0x63, 0x10, 0x63, 0x10, 0x63, 0x10, 0x63, 0x10, 0x63, 0x10, 0x63, 0x10, 0x63, 0x10, 0x63, 0x10, 0x63, 0x10, 0x63, 0x10, 0x63, 0x10, 0x63, 0x10, 
0x63, 0x10, 0x63, 0x10, 0x63, 0x10, 0x63, 0x10, 0x63, 0x10, 0x63, 0x10, 0x63, 0x10, 0x63, 0x10, 0x63, 0x10, 0x63, 0x10, 0x63, 0x10, 0x63, 0x10, 
0x63, 0x10, 0x63, 0x10, 0x63, 0x10, 0x63, 0x10, 0x63, 0x10, 0x63, 0x10, 0x63, 0x10, 0x63, 0x10, 0x63, 0x10, 0x63, 0x10, 0x63, 0x10, 0x63, 0x10, 
0x63, 0x10, 0x63, 0x10, 0x63, 0x10, 0x63, 0x10, 0x63, 0x10, 0x63, 0x10, 0x63, 0x10, 0x63, 0x10, 0x63, 0x10, 0x63, 0x10, 0x63, 0x10, 0x63, 0x10, 
0x63, 0x10, 0x63, 0x10, 0x63, 0x10, 0x63, 0x10, 0x63, 0x10, 0x63, 0x10, 0x63, 0x10, 0x63, 0x10, 0x63, 0x10, 0x63, 0x10, 0x63, 0x10, 0x63, 0x10, 
0x63, 0x10, 0x63, 0x10, 0x63, 0x10, 0x63, 0x10, 0x63, 0x10, 0x63, 0x10, 0x63, 0x10, 0x63, 0x10, 0x63, 0x10, 0x63, 0x10, 0x63, 0x10, 0x63, 0x10, 
0x63, 0x10, 0x63, 0x10, 0x63, 0x10, 0x63, 0x10, 0x63, 0x10, 0x63, 0x10, 0x63, 0x10, 0x63, 0x10, 0x63, 0x10, 0x63, 0x10, 0x63, 0x10, 0x63, 0x10, 
0x63, 0x10, 0x63, 0x10, 0x63, 0x10, 0x63, 0x10, 0x63, 0x10, 0x63, 0x10, 0x63, 0x10, 0x63, 0x10, 0x63, 0x10, 0x63, 0x10, 0x63, 0x10, 0x63, 0x10, 
0x63, 0x10, 0x63, 0x10, 0x63, 0x10, 0x63, 0x10, 0x63, 0x10, 0x63, 0x10, 0x63, 0x10, 0x63, 0x10, 0x63, 0x10, 0x63, 0x10, 0x63, 0x10, 0x63, 0x10, 
0x63, 0x10, 0x63, 0x10, 0x63, 0x10, 0x63, 0x10, 0x63, 0x10, 0x63, 0x10, 0x63, 0x10, 0x63, 0x10, 0x63, 0x10, 0x63, 0x10, 0x63, 0x10, 0x63, 0x10, 
0x63, 0x10, 0x63, 0x10, 0x63, 0x10, 0x63, 0x10, 0x63, 0x10, 0x63, 0x10, 0x63, 0x10, 0x63, 0x10, 0x63, 0x10, 0x63, 0x10, 0x63, 0x10, 0x63, 0x10, 
0x63, 0x10, 0x63, 0x10, 0x63, 0x10, 0x63, 0x10, 0x63, 0x10, 0x63, 0x10, 0x63, 0x10, 0x63, 0x10, 0x63, 0x10, 0x63, 0x10, 0x63, 0x10, 0x63, 0x10, 
0x63, 0x10, 0x63, 0x10, 0x63, 0x10, 0x63, 0x10, 0x63, 0x10, 0x63, 0x10, 0x63, 0x10, 0x63, 0x10, 0x63, 0x10, 0x63, 0x10, 0x63, 0x10, 0x63, 0x10, 
0x63, 0x10, 0x63, 0x10, 0x63, 0x10, 0x63, 0x10, 0x63, 0x10, 0x63, 0x10, 0x63, 0x10, 0x63, 0x10, 0x63, 0x10, 0x63, 0x10, 0x63, 0x10, 0x63, 0x10, 
0x63, 0x10, 0x63, 0x10, 0x63, 0x10, 0x63, 0x10, 0x63, 0x10, 0x63, 0x10, 0x63, 0x10, 0x63, 0x10, 0x63, 0x10, 0x63, 0x10, 0x63, 0x10, 0x63, 0x10, 
0x63, 0x10, 0x63, 0x10, 0x63, 0x10, 0x63, 0x10, 0x63, 0x10, 0x63, 0x10, 0x63, 0x10, 0x63, 0x10, 0x63, 0x10, 0x63, 0x10, 0x63, 0x10, 0x63, 0x10, 
0x63, 0x10, 0x63, 0x10, 0x63, 0x10, 0x63, 0x10, 0x63, 0x10, 0x63, 0x10, 0x63, 0x10, 0x63, 0x10, 0x63, 0x10, 0x63, 0x10, 0x63, 0x10, 0x63, 0x10, 
0x63, 0x10, 0x63, 0x10, 0x63, 0x10, 0x63, 0x10, 0x63, 0x10, 0x63, 0x10, 0x63, 0x10, 0x63, 0x10, 0x63, 0x10, 0x63, 0x10, 0x63, 0x10, 0x63, 0x10, 
0x63, 0x10, 0x63, 0x10, 0x63, 0x10, 0x63, 0x10, 0x63, 0x10, 0x63, 0x10, 0x63, 0x10, 0x63, 0x10, 0x63, 0x10, 0x63, 0x10, 0x63, 0x10, 0x63, 0x10, 
0x63, 0x10, 0x63, 0x10, 0x63, 0x10, 0x63, 0x10, 0x63, 0x10, 0x63, 0x10, 0x63, 0x10, 0x63, 0x10, 0x63, 0x10, 0x63, 0x10, 0x63, 0x10, 0x63, 0x10, 
0x63, 0x10, 0x63, 0x10, 0x63, 0x10, 0x63, 0x10, 0x63, 0x10, 0x63, 0x10, 0x63, 0x10, 0x63, 0x10, 0x63, 0x10, 0x63, 0x10, 0x63, 0x10, 0x63, 0x10, 
0x63, 0x10, 0x63, 0x10, 0x63, 0x10, 0x63, 0x10, 0x63, 0x10, 0x63, 0x10, 0x63, 0x10, 0x63, 0x10, 0x63, 0x10, 0x63, 0x10, 0x63, 0x10, 0x63, 0x10, 
0x63, 0x10, 0x63, 0x10, 0x63, 0x10, 0x63, 0x10, 0x63, 0x10, 0x63, 0x10, 0x63, 0x10, 0x63, 0x10, 0x63, 0x10, 0x63, 0x10, 0x63, 0x10, 0x63, 0x10, 
0x63, 0x10, 0x63, 0x10, 0x63, 0x10, 0x63, 0x10, 0x63, 0x10, 0x63, 0x10, 0x63, 0x10, 0x63, 0x10, 0x63, 0x10, 0x63, 0x10, 0x63, 0x10, 0x63, 0x10, 
0x63, 0x10, 0x63, 0x10, 0x63, 0x10, 0x63, 0x10, 0x63, 0x10, 0x63, 0x10, 0x63, 0x10, 0x63, 0x10, 0x63, 0x10, 0x63, 0x10, 0x63, 0x10, 0x63, 0x10, 
0x63, 0x10, 0x63, 0x10, 0x63, 0x10, 0x63, 0x10, 0x63, 0x10, 0x63, 0x10, 0x63, 0x10, 0x63, 0x10, 0x63, 0x10, 0x63, 0x10, 0x63, 0x10, 0x63, 0x10, 
0x63, 0x10, 0x63, 0x10, 0x63, 0x10, 0x63, 0x10, 0x63, 0x10, 0x63, 0x10, 0x63, 0x10, 0x63, 0x10, 0x63, 0x10, 0x63, 0x10, 0x63, 0x10, 0x63, 0x10, 
0x63, 0x10, 0x63, 0x10, 0x63, 0x10, 0x63, 0x10, 0x63, 0x10, 0x63, 0x10, 0x63, 0x10, 0x63, 0x10, 0x63, 0x10, 0x63, 0x10, 0x63, 0x10, 0x63, 0x10, 
0x63, 0x10, 0x63, 0x10, 0x63, 0x10, 0x63, 0x10, 0x63, 0x10, 0x63, 0x10, 0x63, 0x10, 0x63, 0x10, 0x63, 0x10, 0x63, 0x10, 0x63, 0x10, 0x63, 0x10, 
0x63, 0x10, 0x63, 0x10, 0x63, 0x10, 0x63, 0x10, 0x63, 0x10, 0x63, 0x10, 0x63, 0x10, 0x63, 0x10, 0x63, 0x10, 0x63, 0x10, 0x63, 0x10, 0x63, 0x10, 
0x63, 0x10, 0x63, 0x10, 0x63, 0x10, 0x63, 0x10, 0x63, 0x10, 0x63, 0x10, 0x63, 0x10, 0x63, 0x10, 0x63, 0x10, 0x63, 0x10, 0x63, 0x10, 0x63, 0x10, 
0x63, 0x10, 0x63, 0x10, 0x63, 0x10, 0x63, 0x10, 0x63, 0x10, 0x63, 0x10, 0x63, 0x10, 0x63, 0x10, 0x63, 0x10, 0x63, 0x10, 0x63, 0x10, 0x63, 0x10, 
0x63, 0x10, 0x63, 0x10, 0x63, 0x10, 0x63, 0x10, 
};

const lv_image_dsc_t icon_transit = {
  .header.cf = LV_COLOR_FORMAT_RGB565,
  .header.magic = LV_IMAGE_HEADER_MAGIC,
  .header.w = 112,
  .header.h = 112,
  .data_size = 25088,
  .data = icon_transit_map,
};
